producto_id,codigo_categoria,nombre_categoria,fecha,año,mes,precio_venta_unitario,costo_unitario,margen_unitario,margen_porcentaje,cambio_costo_este_mes,cambio_precio_este_mes,tipo_cambio
1,ALIM,Alimentos,2018-07-01,2018,7,13.58,10.31,3.2699999999999996,0.24079528718703974,False,False,Esporádico
1,ALIM,Alimentos,2018-08-01,2018,8,13.55,10.29,3.2600000000000016,0.24059040590405914,False,False,Ninguno
1,ALIM,Alimentos,2018-09-01,2018,9,13.61,10.28,3.33,0.2446730345334313,False,False,Ninguno
1,ALIM,Alimentos,2018-10-01,2018,10,13.59,10.31,3.2799999999999994,0.2413539367181751,False,False,Ninguno
1,ALIM,Alimentos,2018-11-01,2018,11,13.61,10.28,3.33,0.2446730345334313,False,False,Ninguno
1,ALIM,Alimentos,2018-12-01,2018,12,13.55,10.32,3.2300000000000004,0.23837638376383766,False,False,Ninguno
1,ALIM,Alimentos,2019-01-01,2019,1,13.71,10.51,3.200000000000001,0.2334062727935814,True,True,Esporádico
1,ALIM,Alimentos,2019-02-01,2019,2,13.34,10.71,2.629999999999999,0.197151424287856,True,True,Febrero
1,ALIM,Alimentos,2019-03-01,2019,3,13.37,10.72,2.6499999999999986,0.1982049364248316,False,False,Ninguno
1,ALIM,Alimentos,2019-04-01,2019,4,13.85,10.91,2.9399999999999995,0.2122743682310469,True,True,Esporádico
1,ALIM,Alimentos,2019-05-01,2019,5,13.8,10.92,2.880000000000001,0.2086956521739131,False,False,Ninguno
1,ALIM,Alimentos,2019-06-01,2019,6,13.87,10.95,2.92,0.2105263157894737,False,False,Ninguno
1,ALIM,Alimentos,2019-07-01,2019,7,13.51,11.38,2.129999999999999,0.157660991857883,True,True,Julio
1,ALIM,Alimentos,2019-08-01,2019,8,13.39,11.38,2.01,0.15011202389843165,False,True,Esporádico
1,ALIM,Alimentos,2019-09-01,2019,9,13.41,11.39,2.0199999999999996,0.15063385533184187,False,False,Ninguno
1,ALIM,Alimentos,2019-10-01,2019,10,13.41,11.38,2.0299999999999994,0.15137956748695,False,False,Ninguno
1,ALIM,Alimentos,2019-11-01,2019,11,13.43,11.38,2.049999999999999,0.1526433358153387,False,False,Ninguno
1,ALIM,Alimentos,2019-12-01,2019,12,13.47,11.36,2.110000000000001,0.1566443949517447,False,False,Ninguno
1,ALIM,Alimentos,2020-01-01,2020,1,13.46,11.39,2.0700000000000003,0.1537890044576523,False,False,Ninguno
1,ALIM,Alimentos,2020-02-01,2020,2,15.3,13.13,2.17,0.14183006535947712,True,True,Febrero
1,ALIM,Alimentos,2020-03-01,2020,3,15.3,13.1,2.200000000000001,0.1437908496732027,False,False,Ninguno
1,ALIM,Alimentos,2020-04-01,2020,4,15.33,13.1,2.2300000000000004,0.14546640574037836,False,False,Esporádico
1,ALIM,Alimentos,2020-05-01,2020,5,15.37,13.1,2.2699999999999996,0.14769030579050096,False,False,Ninguno
1,ALIM,Alimentos,2020-06-01,2020,6,15.32,13.1,2.2200000000000006,0.1449086161879896,False,False,Ninguno
1,ALIM,Alimentos,2020-07-01,2020,7,15.95,13.09,2.8599999999999994,0.17931034482758618,False,True,Julio
1,ALIM,Alimentos,2020-08-01,2020,8,15.97,13.09,2.880000000000001,0.1803381340012524,False,False,Ninguno
1,ALIM,Alimentos,2020-09-01,2020,9,15.9,13.13,2.7699999999999996,0.17421383647798738,False,False,Ninguno
1,ALIM,Alimentos,2020-10-01,2020,10,15.95,13.09,2.8599999999999994,0.17931034482758618,False,False,Ninguno
1,ALIM,Alimentos,2020-11-01,2020,11,15.95,13.12,2.83,0.1774294670846395,False,False,Ninguno
1,ALIM,Alimentos,2020-12-01,2020,12,15.88,13.13,2.75,0.17317380352644834,False,False,Esporádico
1,ALIM,Alimentos,2021-01-01,2021,1,16.24,13.09,3.1499999999999986,0.19396551724137925,False,True,Esporádico
1,ALIM,Alimentos,2021-02-01,2021,2,15.95,13.63,2.3199999999999985,0.14545454545454536,True,True,Febrero
1,ALIM,Alimentos,2021-03-01,2021,3,15.98,13.66,2.3200000000000003,0.1451814768460576,False,False,Ninguno
1,ALIM,Alimentos,2021-04-01,2021,4,15.96,13.66,2.3000000000000007,0.1441102756892231,False,False,Ninguno
1,ALIM,Alimentos,2021-05-01,2021,5,15.98,13.62,2.360000000000001,0.14768460575719658,False,False,Ninguno
1,ALIM,Alimentos,2021-06-01,2021,6,15.97,13.66,2.3100000000000005,0.14464621164683786,False,False,Ninguno
1,ALIM,Alimentos,2021-07-01,2021,7,15.96,14.75,1.2100000000000009,0.07581453634085218,True,False,Julio
1,ALIM,Alimentos,2021-08-01,2021,8,15.92,14.75,1.17,0.07349246231155779,False,False,Ninguno
1,ALIM,Alimentos,2021-09-01,2021,9,15.92,14.73,1.1899999999999995,0.07474874371859293,False,False,Ninguno
1,ALIM,Alimentos,2021-10-01,2021,10,15.95,14.76,1.1899999999999995,0.0746081504702194,False,False,Ninguno
1,ALIM,Alimentos,2021-11-01,2021,11,16.0,14.75,1.25,0.078125,False,False,Ninguno
1,ALIM,Alimentos,2021-12-01,2021,12,15.95,14.73,1.2199999999999989,0.07648902821316608,False,False,Ninguno
1,ALIM,Alimentos,2022-01-01,2022,1,15.94,14.76,1.1799999999999997,0.07402760351317439,False,False,Ninguno
1,ALIM,Alimentos,2022-02-01,2022,2,17.63,15.07,2.5599999999999987,0.14520703346568342,True,True,Febrero
1,ALIM,Alimentos,2022-03-01,2022,3,17.64,15.05,2.59,0.1468253968253968,False,False,Ninguno
1,ALIM,Alimentos,2022-04-01,2022,4,17.57,15.06,2.51,0.14285714285714285,False,False,Ninguno
1,ALIM,Alimentos,2022-05-01,2022,5,17.61,15.07,2.539999999999999,0.144236229415105,False,False,Ninguno
1,ALIM,Alimentos,2022-06-01,2022,6,17.64,15.06,2.58,0.14625850340136054,False,False,Esporádico
1,ALIM,Alimentos,2022-07-01,2022,7,17.99,15.34,2.6499999999999986,0.1473040578098943,True,True,Julio
1,ALIM,Alimentos,2022-08-01,2022,8,17.9,15.37,2.5299999999999994,0.141340782122905,False,False,Ninguno
1,ALIM,Alimentos,2022-09-01,2022,9,17.95,15.35,2.5999999999999996,0.1448467966573816,False,False,Ninguno
1,ALIM,Alimentos,2022-10-01,2022,10,17.94,15.28,2.660000000000002,0.14827201783723531,True,True,Esporádico
1,ALIM,Alimentos,2022-11-01,2022,11,17.9,15.28,2.619999999999999,0.14636871508379884,False,False,Ninguno
1,ALIM,Alimentos,2022-12-01,2022,12,18.86,15.29,3.5700000000000003,0.1892895015906681,False,True,Esporádico
1,ALIM,Alimentos,2023-01-01,2023,1,18.78,15.32,3.460000000000001,0.18423855165069225,False,False,Ninguno
1,ALIM,Alimentos,2023-02-01,2023,2,19.0,16.03,2.969999999999999,0.15631578947368416,True,True,Febrero
1,ALIM,Alimentos,2023-03-01,2023,3,19.06,16.05,3.009999999999998,0.15792235047219297,False,False,Ninguno
1,ALIM,Alimentos,2023-04-01,2023,4,19.03,16.02,3.0100000000000016,0.15817130846032587,False,False,Ninguno
1,ALIM,Alimentos,2023-05-01,2023,5,19.03,16.07,2.960000000000001,0.15554387808723072,False,False,Ninguno
1,ALIM,Alimentos,2023-06-01,2023,6,19.05,16.02,3.030000000000001,0.1590551181102363,False,False,Ninguno
1,ALIM,Alimentos,2023-07-01,2023,7,19.03,16.08,2.950000000000003,0.1550183920126118,False,False,Julio
1,ALIM,Alimentos,2023-08-01,2023,8,19.09,16.06,3.030000000000001,0.15872184389732852,False,False,Ninguno
1,ALIM,Alimentos,2023-09-01,2023,9,19.08,16.03,3.049999999999997,0.15985324947589086,False,False,Ninguno
1,ALIM,Alimentos,2023-10-01,2023,10,19.07,16.04,3.030000000000001,0.15888830624016786,False,False,Ninguno
1,ALIM,Alimentos,2023-11-01,2023,11,19.06,16.06,3.0,0.15739769150052466,False,False,Ninguno
1,ALIM,Alimentos,2023-12-01,2023,12,19.09,16.02,3.0700000000000003,0.1608171817705605,False,False,Ninguno
1,ALIM,Alimentos,2024-01-01,2024,1,19.02,16.04,2.9800000000000004,0.156677181913775,False,False,Ninguno
1,ALIM,Alimentos,2024-02-01,2024,2,20.44,14.94,5.500000000000002,0.26908023483365956,True,True,Febrero
1,ALIM,Alimentos,2024-03-01,2024,3,20.46,14.93,5.530000000000001,0.27028347996089935,False,False,Ninguno
1,ALIM,Alimentos,2024-04-01,2024,4,20.46,14.94,5.520000000000001,0.26979472140762467,False,False,Ninguno
1,ALIM,Alimentos,2024-05-01,2024,5,20.48,14.95,5.530000000000001,0.27001953125000006,False,False,Ninguno
1,ALIM,Alimentos,2024-06-01,2024,6,20.45,14.96,5.489999999999998,0.26845965770171143,False,False,Ninguno
1,ALIM,Alimentos,2024-07-01,2024,7,20.82,14.91,5.91,0.2838616714697406,False,True,Julio
1,ALIM,Alimentos,2024-08-01,2024,8,20.73,14.96,5.77,0.27834056922334777,False,False,Ninguno
1,ALIM,Alimentos,2024-09-01,2024,9,20.8,14.94,5.860000000000001,0.2817307692307693,False,False,Ninguno
1,ALIM,Alimentos,2024-10-01,2024,10,20.77,14.94,5.83,0.28069330765527206,False,False,Ninguno
1,ALIM,Alimentos,2024-11-01,2024,11,20.71,14.92,5.790000000000001,0.2795750845002415,False,False,Ninguno
1,ALIM,Alimentos,2024-12-01,2024,12,20.81,14.96,5.849999999999998,0.28111484863046604,False,False,Ninguno
1,ALIM,Alimentos,2025-01-01,2025,1,21.61,14.92,6.6899999999999995,0.3095788986580287,False,True,Esporádico
1,ALIM,Alimentos,2025-02-01,2025,2,24.68,16.44,8.239999999999998,0.33387358184764987,True,True,Febrero
1,ALIM,Alimentos,2025-03-01,2025,3,24.61,16.39,8.219999999999999,0.3340105648110524,False,False,Ninguno
1,ALIM,Alimentos,2025-04-01,2025,4,24.68,16.45,8.23,0.3334683954619125,False,False,Ninguno
1,ALIM,Alimentos,2025-05-01,2025,5,24.6,16.39,8.21,0.333739837398374,False,False,Ninguno
1,ALIM,Alimentos,2025-06-01,2025,6,24.59,16.43,8.16,0.3318422122814152,False,False,Ninguno
1,ALIM,Alimentos,2025-07-01,2025,7,26.14,16.76,9.379999999999999,0.35883703136954853,True,True,Julio
1,ALIM,Alimentos,2025-08-01,2025,8,26.14,16.76,9.379999999999999,0.35883703136954853,False,False,Ninguno
1,ALIM,Alimentos,2025-09-01,2025,9,26.22,16.74,9.48,0.3615560640732266,False,False,Ninguno
1,ALIM,Alimentos,2025-10-01,2025,10,26.24,16.76,9.479999999999997,0.3612804878048779,False,False,Ninguno
1,ALIM,Alimentos,2025-11-01,2025,11,26.19,16.76,9.43,0.36006109201985487,False,False,Ninguno
2,ELEC,Electrónica,2018-07-01,2018,7,375.11,302.67,72.44,0.19311668577217347,False,False,Ninguno
2,ELEC,Electrónica,2018-08-01,2018,8,375.44,303.52,71.92000000000002,0.191561900703175,False,False,Ninguno
2,ELEC,Electrónica,2018-09-01,2018,9,375.98,303.43,72.55000000000001,0.19296239161657536,False,False,Ninguno
2,ELEC,Electrónica,2018-10-01,2018,10,375.69,303.31,72.38,0.1926588410657723,False,False,Ninguno
2,ELEC,Electrónica,2018-11-01,2018,11,375.67,303.04,72.63,0.19333457555833575,False,False,Ninguno
2,ELEC,Electrónica,2018-12-01,2018,12,376.18,302.58,73.60000000000002,0.19565101812961885,False,False,Ninguno
2,ELEC,Electrónica,2019-01-01,2019,1,374.61,302.68,71.93,0.19201302688128988,False,False,Ninguno
2,ELEC,Electrónica,2019-02-01,2019,2,376.71,313.2,63.50999999999999,0.16859122401847573,True,False,Febrero
2,ELEC,Electrónica,2019-03-01,2019,3,375.39,313.17,62.21999999999997,0.1657476224726284,False,False,Ninguno
2,ELEC,Electrónica,2019-04-01,2019,4,376.65,312.04,64.60999999999996,0.1715385636532589,False,False,Ninguno
2,ELEC,Electrónica,2019-05-01,2019,5,376.73,312.56,64.17000000000002,0.17033419159610336,False,False,Ninguno
2,ELEC,Electrónica,2019-06-01,2019,6,376.48,313.23,63.25,0.16800361240968975,False,False,Ninguno
2,ELEC,Electrónica,2019-07-01,2019,7,375.27,319.35,55.91999999999996,0.1490127108481892,True,False,Julio
2,ELEC,Electrónica,2019-08-01,2019,8,375.81,318.48,57.329999999999984,0.1525504909395705,False,False,Ninguno
2,ELEC,Electrónica,2019-09-01,2019,9,376.12,319.46,56.660000000000025,0.1506434116771244,False,False,Ninguno
2,ELEC,Electrónica,2019-10-01,2019,10,374.77,318.99,55.77999999999997,0.14883795394508625,False,False,Ninguno
2,ELEC,Electrónica,2019-11-01,2019,11,376.79,319.05,57.74000000000001,0.15324185886037317,False,False,Ninguno
2,ELEC,Electrónica,2019-12-01,2019,12,375.72,318.44,57.28000000000003,0.15245395507292672,False,False,Ninguno
2,ELEC,Electrónica,2020-01-01,2020,1,376.22,319.38,56.84000000000003,0.1510818138323322,False,False,Esporádico
2,ELEC,Electrónica,2020-02-01,2020,2,411.22,319.16,92.06,0.223870434317397,False,True,Febrero
2,ELEC,Electrónica,2020-03-01,2020,3,412.33,318.64,93.69,0.2272209152862998,False,False,Ninguno
2,ELEC,Electrónica,2020-04-01,2020,4,412.47,319.3,93.17000000000002,0.22588309452808691,False,False,Ninguno
2,ELEC,Electrónica,2020-05-01,2020,5,411.59,319.43,92.15999999999997,0.2239121455817682,False,False,Ninguno
2,ELEC,Electrónica,2020-06-01,2020,6,412.3,318.9,93.40000000000003,0.2265340771283047,False,False,Ninguno
2,ELEC,Electrónica,2020-07-01,2020,7,434.17,319.16,115.00999999999999,0.2648962388004698,False,True,Julio
2,ELEC,Electrónica,2020-08-01,2020,8,432.35,331.24,101.11000000000001,0.23386145483982887,True,False,Esporádico
2,ELEC,Electrónica,2020-09-01,2020,9,432.2,331.51,100.69,0.23297084683017122,False,False,Ninguno
2,ELEC,Electrónica,2020-10-01,2020,10,433.52,331.36,102.15999999999997,0.23565233437903665,False,False,Ninguno
2,ELEC,Electrónica,2020-11-01,2020,11,433.64,331.12,102.51999999999998,0.2364173046766903,False,False,Ninguno
2,ELEC,Electrónica,2020-12-01,2020,12,432.2,330.78,101.42000000000002,0.23465987968533092,False,False,Ninguno
2,ELEC,Electrónica,2021-01-01,2021,1,433.04,331.83,101.21000000000004,0.2337197487530021,False,False,Ninguno
2,ELEC,Electrónica,2021-02-01,2021,2,483.74,337.65,146.09000000000003,0.3020010749576219,True,True,Febrero
2,ELEC,Electrónica,2021-03-01,2021,3,482.09,337.47,144.61999999999995,0.2999854798896471,False,False,Ninguno
2,ELEC,Electrónica,2021-04-01,2021,4,483.51,338.07,145.44,0.3008003970962338,False,False,Ninguno
2,ELEC,Electrónica,2021-05-01,2021,5,484.04,338.22,145.82,0.3012560945376415,False,False,Ninguno
2,ELEC,Electrónica,2021-06-01,2021,6,483.43,338.67,144.76,0.29944355956394925,False,False,Ninguno
2,ELEC,Electrónica,2021-07-01,2021,7,483.73,344.71,139.02000000000004,0.2873917267897381,True,True,Julio
2,ELEC,Electrónica,2021-08-01,2021,8,486.3,344.14,142.16000000000003,0.29232983754883823,False,False,Ninguno
2,ELEC,Electrónica,2021-09-01,2021,9,485.53,345.25,140.27999999999997,0.28892138487838026,False,False,Esporádico
2,ELEC,Electrónica,2021-10-01,2021,10,484.01,344.66,139.34999999999997,0.2879072746430858,False,False,Ninguno
2,ELEC,Electrónica,2021-11-01,2021,11,484.23,344.32,139.91000000000003,0.28893294508807804,False,False,Ninguno
2,ELEC,Electrónica,2021-12-01,2021,12,485.58,344.86,140.71999999999997,0.2897977676181061,False,False,Ninguno
2,ELEC,Electrónica,2022-01-01,2022,1,484.32,345.01,139.31,0.2876404030393129,False,False,Ninguno
2,ELEC,Electrónica,2022-02-01,2022,2,562.15,345.12,217.02999999999997,0.38607133327403714,False,True,Febrero
2,ELEC,Electrónica,2022-03-01,2022,3,561.7,344.94,216.76000000000005,0.3858999465907068,False,False,Ninguno
2,ELEC,Electrónica,2022-04-01,2022,4,561.48,344.44,217.04000000000002,0.3865498325853103,False,False,Ninguno
2,ELEC,Electrónica,2022-05-01,2022,5,592.16,344.12,248.03999999999996,0.41887327749256953,False,True,Esporádico
2,ELEC,Electrónica,2022-06-01,2022,6,591.89,344.16,247.72999999999996,0.41854060720742026,False,False,Ninguno
2,ELEC,Electrónica,2022-07-01,2022,7,613.78,369.39,244.39,0.39817198344683763,True,True,Julio
2,ELEC,Electrónica,2022-08-01,2022,8,612.61,369.95,242.66000000000003,0.39610845399193617,False,False,Ninguno
2,ELEC,Electrónica,2022-09-01,2022,9,613.44,369.89,243.55000000000007,0.3970233437663016,False,False,Ninguno
2,ELEC,Electrónica,2022-10-01,2022,10,614.31,370.16,244.14999999999992,0.3974377757158437,False,False,Ninguno
2,ELEC,Electrónica,2022-11-01,2022,11,642.31,377.39,264.91999999999996,0.41244881754915846,True,True,Esporádico
2,ELEC,Electrónica,2022-12-01,2022,12,639.65,377.63,262.02,0.4096302665520206,False,False,Ninguno
2,ELEC,Electrónica,2023-01-01,2023,1,641.49,376.74,264.75,0.4127110321283262,False,False,Ninguno
2,ELEC,Electrónica,2023-02-01,2023,2,641.27,376.67,264.59999999999997,0.4126187097478441,False,False,Febrero
2,ELEC,Electrónica,2023-03-01,2023,3,641.23,378.05,263.18,0.4104299549303682,False,False,Ninguno
2,ELEC,Electrónica,2023-04-01,2023,4,641.49,377.22,264.27,0.4119627741663938,False,False,Ninguno
2,ELEC,Electrónica,2023-05-01,2023,5,641.12,377.32,263.8,0.4114674319940105,False,False,Ninguno
2,ELEC,Electrónica,2023-06-01,2023,6,640.5,378.05,262.45,0.4097580015612802,False,False,Ninguno
2,ELEC,Electrónica,2023-07-01,2023,7,635.66,416.13,219.52999999999997,0.34535758109681275,True,True,Julio
2,ELEC,Electrónica,2023-08-01,2023,8,635.64,416.04,219.59999999999997,0.3454785727770436,False,False,Ninguno
2,ELEC,Electrónica,2023-09-01,2023,9,635.55,417.15,218.39999999999998,0.3436393674769884,False,False,Ninguno
2,ELEC,Electrónica,2023-10-01,2023,10,638.51,416.54,221.96999999999997,0.347637468481308,False,False,Esporádico
2,ELEC,Electrónica,2023-11-01,2023,11,638.39,416.05,222.33999999999997,0.34828239790723536,False,False,Ninguno
2,ELEC,Electrónica,2023-12-01,2023,12,635.73,416.48,219.25,0.3448791153477105,False,False,Ninguno
2,ELEC,Electrónica,2024-01-01,2024,1,637.68,417.17,220.50999999999993,0.3458004014552753,False,False,Ninguno
2,ELEC,Electrónica,2024-02-01,2024,2,727.08,417.24,309.84000000000003,0.42614292787588715,False,True,Febrero
2,ELEC,Electrónica,2024-03-01,2024,3,724.36,416.48,307.88,0.4250372742835054,False,False,Ninguno
2,ELEC,Electrónica,2024-04-01,2024,4,727.1,417.26,309.84000000000003,0.4261312061614634,False,False,Ninguno
2,ELEC,Electrónica,2024-05-01,2024,5,725.38,417.66,307.71999999999997,0.4242190300256417,False,False,Ninguno
2,ELEC,Electrónica,2024-06-01,2024,6,726.97,416.63,310.34000000000003,0.4268951951249708,False,False,Ninguno
2,ELEC,Electrónica,2024-07-01,2024,7,725.45,425.79,299.66,0.41306775105107174,True,False,Julio
2,ELEC,Electrónica,2024-08-01,2024,8,726.87,425.61,301.26,0.41446200833711666,False,False,Ninguno
2,ELEC,Electrónica,2024-09-01,2024,9,727.52,424.51,303.01,0.41649714097206947,False,False,Ninguno
2,ELEC,Electrónica,2024-10-01,2024,10,727.18,425.19,301.98999999999995,0.41528919937292,False,False,Esporádico
2,ELEC,Electrónica,2024-11-01,2024,11,727.49,424.88,302.61,0.41596448061141733,False,False,Ninguno
2,ELEC,Electrónica,2024-12-01,2024,12,723.63,424.99,298.64,0.41269709658250764,False,False,Ninguno
2,ELEC,Electrónica,2025-01-01,2025,1,723.98,425.87,298.11,0.4117655183844858,False,False,Ninguno
2,ELEC,Electrónica,2025-02-01,2025,2,838.01,427.24,410.77,0.4901731482917865,True,True,Febrero
2,ELEC,Electrónica,2025-03-01,2025,3,837.38,426.69,410.69,0.4904463923188994,False,False,Ninguno
2,ELEC,Electrónica,2025-04-01,2025,4,836.78,426.12,410.65999999999997,0.4907622075097397,False,False,Ninguno
2,ELEC,Electrónica,2025-05-01,2025,5,838.91,426.76,412.15,0.49129227211500637,False,False,Ninguno
2,ELEC,Electrónica,2025-06-01,2025,6,839.1,426.97,412.13,0.49115719222976995,False,False,Ninguno
2,ELEC,Electrónica,2025-07-01,2025,7,866.23,411.03,455.20000000000005,0.5254955381365227,True,True,Julio
2,ELEC,Electrónica,2025-08-01,2025,8,867.99,411.66,456.33,0.5257318632703142,False,False,Ninguno
2,ELEC,Electrónica,2025-09-01,2025,9,863.98,411.51,452.47,0.5237042524132504,False,False,Ninguno
2,ELEC,Electrónica,2025-10-01,2025,10,867.33,411.17,456.16,0.5259359182779334,False,False,Ninguno
2,ELEC,Electrónica,2025-11-01,2025,11,856.83,421.34,435.49000000000007,0.508257180537563,True,True,Esporádico
3,LIBRO,Libros,2018-07-01,2018,7,54.08,37.99,16.089999999999996,0.29752218934911234,False,False,Ninguno
3,LIBRO,Libros,2018-08-01,2018,8,54.17,38.13,16.04,0.29610485508584083,False,False,Ninguno
3,LIBRO,Libros,2018-09-01,2018,9,54.32,38.03,16.29,0.29988954344624447,False,False,Ninguno
3,LIBRO,Libros,2018-10-01,2018,10,54.37,38.12,16.25,0.29887805775243703,False,False,Ninguno
3,LIBRO,Libros,2018-11-01,2018,11,54.18,38.09,16.089999999999996,0.2969730527870062,False,False,Ninguno
3,LIBRO,Libros,2018-12-01,2018,12,54.31,37.99,16.32,0.3004971460136255,False,False,Ninguno
3,LIBRO,Libros,2019-01-01,2019,1,54.19,38.06,16.129999999999995,0.29765639416866574,False,False,Ninguno
3,LIBRO,Libros,2019-02-01,2019,2,61.95,37.99,23.96,0.3867635189669088,False,True,Febrero
3,LIBRO,Libros,2019-03-01,2019,3,61.94,37.98,23.96,0.3868259606070391,False,False,Ninguno
3,LIBRO,Libros,2019-04-01,2019,4,61.06,37.99,23.07,0.3778250900753357,False,True,Esporádico
3,LIBRO,Libros,2019-05-01,2019,5,61.29,38.08,23.21,0.3786914667971937,False,False,Ninguno
3,LIBRO,Libros,2019-06-01,2019,6,61.37,38.07,23.299999999999997,0.37966433110640374,False,False,Ninguno
3,LIBRO,Libros,2019-07-01,2019,7,66.57,38.77,27.79999999999999,0.41760552801562256,True,True,Julio
3,LIBRO,Libros,2019-08-01,2019,8,65.51,39.65,25.860000000000007,0.3947488932987331,True,True,Esporádico
3,LIBRO,Libros,2019-09-01,2019,9,65.33,39.67,25.659999999999997,0.3927751415888565,False,False,Ninguno
3,LIBRO,Libros,2019-10-01,2019,10,65.69,39.6,26.089999999999996,0.3971685188004262,False,False,Ninguno
3,LIBRO,Libros,2019-11-01,2019,11,65.55,39.59,25.959999999999994,0.3960335621662852,False,False,Ninguno
3,LIBRO,Libros,2019-12-01,2019,12,65.48,39.62,25.860000000000007,0.3949297495418449,False,False,Ninguno
3,LIBRO,Libros,2020-01-01,2020,1,65.54,39.61,25.930000000000007,0.3956362526701252,False,False,Ninguno
3,LIBRO,Libros,2020-02-01,2020,2,65.9,40.7,25.200000000000003,0.38239757207890746,True,True,Febrero
3,LIBRO,Libros,2020-03-01,2020,3,65.8,40.62,25.18,0.38267477203647415,False,False,Ninguno
3,LIBRO,Libros,2020-04-01,2020,4,67.35,41.41,25.939999999999998,0.3851521900519673,True,True,Esporádico
3,LIBRO,Libros,2020-05-01,2020,5,67.5,41.37,26.130000000000003,0.38711111111111113,False,False,Esporádico
3,LIBRO,Libros,2020-06-01,2020,6,67.39,41.52,25.869999999999997,0.3838848493841816,False,False,Ninguno
3,LIBRO,Libros,2020-07-01,2020,7,72.29,42.57,29.720000000000006,0.4111218702448472,True,True,Julio
3,LIBRO,Libros,2020-08-01,2020,8,72.57,42.61,29.959999999999994,0.41284277249552154,False,False,Ninguno
3,LIBRO,Libros,2020-09-01,2020,9,72.53,42.61,29.92,0.4125189576726872,False,False,Ninguno
3,LIBRO,Libros,2020-10-01,2020,10,72.4,42.55,29.85000000000001,0.4122928176795581,False,False,Ninguno
3,LIBRO,Libros,2020-11-01,2020,11,72.59,42.61,29.980000000000004,0.4130045460807274,False,False,Ninguno
3,LIBRO,Libros,2020-12-01,2020,12,72.23,42.46,29.770000000000003,0.41215561401079887,False,False,Ninguno
3,LIBRO,Libros,2021-01-01,2021,1,72.57,42.51,30.059999999999995,0.4142207523770153,False,False,Ninguno
3,LIBRO,Libros,2021-02-01,2021,2,70.81,50.07,20.740000000000002,0.29289648354752157,True,True,Febrero
3,LIBRO,Libros,2021-03-01,2021,3,71.0,50.15,20.85,0.2936619718309859,False,False,Ninguno
3,LIBRO,Libros,2021-04-01,2021,4,70.85,50.12,20.729999999999997,0.2925899788285109,False,False,Ninguno
3,LIBRO,Libros,2021-05-01,2021,5,70.76,50.03,20.730000000000004,0.29296212549462974,False,False,Ninguno
3,LIBRO,Libros,2021-06-01,2021,6,71.01,49.96,21.050000000000004,0.2964371215321786,False,False,Ninguno
3,LIBRO,Libros,2021-07-01,2021,7,76.72,50.15,26.57,0.3463242961418144,False,True,Julio
3,LIBRO,Libros,2021-08-01,2021,8,76.62,50.06,26.560000000000002,0.3466457843904986,False,False,Ninguno
3,LIBRO,Libros,2021-09-01,2021,9,76.66,50.14,26.519999999999996,0.34594312548917294,False,False,Ninguno
3,LIBRO,Libros,2021-10-01,2021,10,76.47,50.0,26.47,0.3461488165293579,False,False,Ninguno
3,LIBRO,Libros,2021-11-01,2021,11,79.64,51.0,28.64,0.35961828227021597,True,True,Esporádico
3,LIBRO,Libros,2021-12-01,2021,12,79.49,51.08,28.409999999999997,0.3574034469744622,False,False,Ninguno
3,LIBRO,Libros,2022-01-01,2022,1,79.64,50.97,28.67,0.35999497739829234,False,False,Ninguno
3,LIBRO,Libros,2022-02-01,2022,2,89.16,53.88,35.279999999999994,0.395693135935397,True,True,Febrero
3,LIBRO,Libros,2022-03-01,2022,3,89.01,53.89,35.120000000000005,0.3945624087181216,False,False,Ninguno
3,LIBRO,Libros,2022-04-01,2022,4,88.93,53.96,34.970000000000006,0.39323063083323967,False,False,Ninguno
3,LIBRO,Libros,2022-05-01,2022,5,88.73,53.8,34.93000000000001,0.39366617829370004,False,False,Ninguno
3,LIBRO,Libros,2022-06-01,2022,6,89.04,53.93,35.11000000000001,0.39431716082659485,False,False,Ninguno
3,LIBRO,Libros,2022-07-01,2022,7,88.82,53.92,34.89999999999999,0.3929295203782931,False,False,Julio
3,LIBRO,Libros,2022-08-01,2022,8,88.72,53.8,34.92,0.3935978358881876,False,False,Ninguno
3,LIBRO,Libros,2022-09-01,2022,9,89.02,53.84,35.17999999999999,0.39519209166479435,False,False,Ninguno
3,LIBRO,Libros,2022-10-01,2022,10,88.94,53.85,35.089999999999996,0.3945356420058466,False,False,Ninguno
3,LIBRO,Libros,2022-11-01,2022,11,88.9,53.96,34.940000000000005,0.39302587176602927,False,False,Ninguno
3,LIBRO,Libros,2022-12-01,2022,12,91.95,53.94,38.010000000000005,0.4133768352365416,False,True,Esporádico
3,LIBRO,Libros,2023-01-01,2023,1,92.21,53.9,38.309999999999995,0.4154647001409825,False,False,Ninguno
3,LIBRO,Libros,2023-02-01,2023,2,105.81,56.11,49.7,0.4697098572913713,True,True,Febrero
3,LIBRO,Libros,2023-03-01,2023,3,106.26,56.11,50.150000000000006,0.47195558065123283,False,False,Ninguno
3,LIBRO,Libros,2023-04-01,2023,4,105.85,56.11,49.739999999999995,0.4699102503542749,False,False,Ninguno
3,LIBRO,Libros,2023-05-01,2023,5,105.79,56.15,49.64000000000001,0.46923149636071465,False,False,Ninguno
3,LIBRO,Libros,2023-06-01,2023,6,105.72,56.02,49.699999999999996,0.4701097237987136,False,False,Ninguno
3,LIBRO,Libros,2023-07-01,2023,7,104.29,57.27,47.02,0.4508581839102503,True,True,Julio
3,LIBRO,Libros,2023-08-01,2023,8,104.74,57.2,47.53999999999999,0.45388581248806564,False,False,Ninguno
3,LIBRO,Libros,2023-09-01,2023,9,104.59,57.23,47.36000000000001,0.4528157567645091,False,False,Ninguno
3,LIBRO,Libros,2023-10-01,2023,10,104.3,57.16,47.14,0.4519654841802493,False,False,Ninguno
3,LIBRO,Libros,2023-11-01,2023,11,103.35,57.16,46.19,0.44692791485244315,False,True,Esporádico
3,LIBRO,Libros,2023-12-01,2023,12,103.23,57.16,46.07000000000001,0.4462849946720915,False,False,Ninguno
3,LIBRO,Libros,2024-01-01,2024,1,103.46,57.15,46.309999999999995,0.44761260390489077,False,False,Ninguno
3,LIBRO,Libros,2024-02-01,2024,2,106.24,55.73,50.51,0.47543298192771083,True,True,Febrero
3,LIBRO,Libros,2024-03-01,2024,3,106.31,55.63,50.68,0.4767190292540683,False,False,Ninguno
3,LIBRO,Libros,2024-04-01,2024,4,105.86,55.76,50.1,0.47326657849990555,False,False,Ninguno
3,LIBRO,Libros,2024-05-01,2024,5,106.39,55.81,50.58,0.4754206222389322,False,False,Ninguno
3,LIBRO,Libros,2024-06-01,2024,6,105.98,55.63,50.35,0.47508963955463296,False,False,Ninguno
3,LIBRO,Libros,2024-07-01,2024,7,114.24,55.78,58.459999999999994,0.5117296918767507,False,True,Julio
3,LIBRO,Libros,2024-08-01,2024,8,114.37,55.66,58.71000000000001,0.5133339162367754,False,False,Ninguno
3,LIBRO,Libros,2024-09-01,2024,9,114.54,55.73,58.81000000000001,0.5134450846865725,False,False,Ninguno
3,LIBRO,Libros,2024-10-01,2024,10,120.32,56.74,63.57999999999999,0.5284242021276595,True,True,Esporádico
3,LIBRO,Libros,2024-11-01,2024,11,120.78,56.89,63.89,0.5289783076668323,False,False,Esporádico
3,LIBRO,Libros,2024-12-01,2024,12,120.52,56.85,63.669999999999995,0.5282940590773315,False,False,Ninguno
3,LIBRO,Libros,2025-01-01,2025,1,120.46,56.75,63.709999999999994,0.5288892578449278,False,False,Ninguno
3,LIBRO,Libros,2025-02-01,2025,2,120.59,58.48,62.11000000000001,0.5150509992536695,True,True,Febrero
3,LIBRO,Libros,2025-03-01,2025,3,120.73,58.47,62.260000000000005,0.5156961815621636,False,False,Ninguno
3,LIBRO,Libros,2025-04-01,2025,4,120.67,58.47,62.2,0.5154553741609348,False,False,Ninguno
3,LIBRO,Libros,2025-05-01,2025,5,121.01,58.6,62.410000000000004,0.5157425006197836,False,False,Ninguno
3,LIBRO,Libros,2025-06-01,2025,6,121.15,58.55,62.60000000000001,0.516714816343376,False,False,Ninguno
3,LIBRO,Libros,2025-07-01,2025,7,125.94,59.78,66.16,0.5253295219946006,True,True,Julio
3,LIBRO,Libros,2025-08-01,2025,8,125.48,59.74,65.74000000000001,0.523908192540644,False,False,Ninguno
3,LIBRO,Libros,2025-09-01,2025,9,125.66,59.7,65.96,0.5249084832086582,False,False,Ninguno
3,LIBRO,Libros,2025-10-01,2025,10,125.81,59.79,66.02000000000001,0.524759558063747,False,False,Ninguno
3,LIBRO,Libros,2025-11-01,2025,11,127.92,59.87,68.05000000000001,0.5319731081926204,False,True,Esporádico
4,ELEC,Electrónica,2018-07-01,2018,7,115.09,94.34,20.75,0.1802936832044487,False,False,Ninguno
4,ELEC,Electrónica,2018-08-01,2018,8,115.05,94.34,20.709999999999994,0.1800086918730986,False,False,Ninguno
4,ELEC,Electrónica,2018-09-01,2018,9,115.04,94.39,20.650000000000006,0.17950278164116834,False,False,Ninguno
4,ELEC,Electrónica,2018-10-01,2018,10,114.98,94.62,20.36,0.1770742737867455,False,False,Ninguno
4,ELEC,Electrónica,2018-11-01,2018,11,115.21,94.48,20.72999999999999,0.17993229754361592,False,False,Ninguno
4,ELEC,Electrónica,2018-12-01,2018,12,115.0,94.65,20.349999999999994,0.17695652173913037,False,False,Ninguno
4,ELEC,Electrónica,2019-01-01,2019,1,117.68,94.65,23.03,0.195700203942896,False,True,Esporádico
4,ELEC,Electrónica,2019-02-01,2019,2,115.42,99.17,16.25,0.1407901576849766,True,True,Febrero
4,ELEC,Electrónica,2019-03-01,2019,3,115.17,99.12,16.049999999999997,0.1393592081271164,False,False,Ninguno
4,ELEC,Electrónica,2019-04-01,2019,4,115.31,99.01,16.299999999999997,0.1413580782239181,False,False,Ninguno
4,ELEC,Electrónica,2019-05-01,2019,5,117.38,101.08,16.299999999999997,0.13886522405861304,True,True,Esporádico
4,ELEC,Electrónica,2019-06-01,2019,6,117.64,100.93,16.709999999999994,0.14204352261135664,False,False,Ninguno
4,ELEC,Electrónica,2019-07-01,2019,7,117.71,101.11,16.599999999999994,0.14102455186475232,False,True,Julio
4,ELEC,Electrónica,2019-08-01,2019,8,117.97,101.07,16.900000000000006,0.14325676019326952,False,False,Ninguno
4,ELEC,Electrónica,2019-09-01,2019,9,117.84,100.9,16.939999999999998,0.14375424304141207,False,False,Ninguno
4,ELEC,Electrónica,2019-10-01,2019,10,117.64,100.93,16.709999999999994,0.14204352261135664,False,False,Ninguno
4,ELEC,Electrónica,2019-11-01,2019,11,126.7,101.01,25.689999999999998,0.2027624309392265,False,True,Esporádico
4,ELEC,Electrónica,2019-12-01,2019,12,126.6,100.98,25.61999999999999,0.20236966824644542,False,False,Ninguno
4,ELEC,Electrónica,2020-01-01,2020,1,126.54,101.19,25.35000000000001,0.2003319108582267,False,False,Ninguno
4,ELEC,Electrónica,2020-02-01,2020,2,129.09,104.22,24.870000000000005,0.19265628631187545,True,True,Febrero
4,ELEC,Electrónica,2020-03-01,2020,3,128.55,104.24,24.310000000000016,0.18910929599377685,False,False,Ninguno
4,ELEC,Electrónica,2020-04-01,2020,4,129.18,104.14,25.040000000000006,0.19383805542653665,False,False,Ninguno
4,ELEC,Electrónica,2020-05-01,2020,5,128.5,103.91,24.590000000000003,0.19136186770428018,False,False,Ninguno
4,ELEC,Electrónica,2020-06-01,2020,6,128.89,104.15,24.73999999999998,0.19194662114981753,False,False,Ninguno
4,ELEC,Electrónica,2020-07-01,2020,7,139.39,103.89,35.499999999999986,0.25468111055312426,False,True,Julio
4,ELEC,Electrónica,2020-08-01,2020,8,138.86,103.92,34.94000000000001,0.25162033703010234,False,False,Ninguno
4,ELEC,Electrónica,2020-09-01,2020,9,139.4,103.91,35.49000000000001,0.2545911047345768,False,False,Ninguno
4,ELEC,Electrónica,2020-10-01,2020,10,139.16,104.11,35.05,0.2518683529749928,False,False,Ninguno
4,ELEC,Electrónica,2020-11-01,2020,11,139.46,103.99,35.47000000000001,0.25433816147999433,False,False,Ninguno
4,ELEC,Electrónica,2020-12-01,2020,12,139.41,104.0,35.41,0.2539989957678789,False,False,Ninguno
4,ELEC,Electrónica,2021-01-01,2021,1,139.04,104.02,35.019999999999996,0.2518699654775604,False,False,Ninguno
4,ELEC,Electrónica,2021-02-01,2021,2,154.25,106.76,47.489999999999995,0.3078768233387358,True,True,Febrero
4,ELEC,Electrónica,2021-03-01,2021,3,154.39,106.93,47.45999999999998,0.3074033292311677,False,False,Ninguno
4,ELEC,Electrónica,2021-04-01,2021,4,154.88,106.78,48.099999999999994,0.3105630165289256,False,False,Ninguno
4,ELEC,Electrónica,2021-05-01,2021,5,154.14,106.82,47.31999999999999,0.3069936421435059,False,False,Ninguno
4,ELEC,Electrónica,2021-06-01,2021,6,154.62,106.95,47.67,0.30830422972448585,False,False,Ninguno
4,ELEC,Electrónica,2021-07-01,2021,7,166.41,108.95,57.459999999999994,0.3452917492939126,True,True,Julio
4,ELEC,Electrónica,2021-08-01,2021,8,166.67,109.07,57.599999999999994,0.34559308813823725,False,False,Ninguno
4,ELEC,Electrónica,2021-09-01,2021,9,166.19,108.75,57.44,0.3456284975028582,False,False,Ninguno
4,ELEC,Electrónica,2021-10-01,2021,10,166.62,108.79,57.83,0.347077181610851,False,False,Ninguno
4,ELEC,Electrónica,2021-11-01,2021,11,166.45,108.69,57.75999999999999,0.3470111144487834,False,False,Ninguno
4,ELEC,Electrónica,2021-12-01,2021,12,166.75,109.01,57.739999999999995,0.3462668665667166,False,False,Ninguno
4,ELEC,Electrónica,2022-01-01,2022,1,166.7,108.83,57.86999999999999,0.3471505698860228,False,False,Ninguno
4,ELEC,Electrónica,2022-02-01,2022,2,161.3,109.05,52.250000000000014,0.32393056416615007,False,True,Febrero
4,ELEC,Electrónica,2022-03-01,2022,3,161.95,108.85,53.099999999999994,0.3278789749922816,False,False,Ninguno
4,ELEC,Electrónica,2022-04-01,2022,4,161.4,108.74,52.66000000000001,0.3262701363073111,False,False,Ninguno
4,ELEC,Electrónica,2022-05-01,2022,5,161.88,108.99,52.89,0.32672349888806523,False,False,Esporádico
4,ELEC,Electrónica,2022-06-01,2022,6,161.85,108.96,52.89,0.3267840593141798,False,False,Ninguno
4,ELEC,Electrónica,2022-07-01,2022,7,161.42,108.92,52.499999999999986,0.3252385082393755,False,False,Julio
4,ELEC,Electrónica,2022-08-01,2022,8,161.35,108.83,52.519999999999996,0.32550356368143785,False,False,Ninguno
4,ELEC,Electrónica,2022-09-01,2022,9,161.74,109.08,52.66000000000001,0.3255842710523062,False,False,Ninguno
4,ELEC,Electrónica,2022-10-01,2022,10,161.63,108.85,52.78,0.32654828930272845,False,False,Ninguno
4,ELEC,Electrónica,2022-11-01,2022,11,173.61,108.75,64.86000000000001,0.37359599101434254,False,True,Esporádico
4,ELEC,Electrónica,2022-12-01,2022,12,173.64,108.9,64.73999999999998,0.37284035936420173,False,False,Ninguno
4,ELEC,Electrónica,2023-01-01,2023,1,173.91,108.69,65.22,0.37502156287735033,False,False,Ninguno
4,ELEC,Electrónica,2023-02-01,2023,2,191.23,120.04,71.18999999999998,0.3722742247555299,True,True,Febrero
4,ELEC,Electrónica,2023-03-01,2023,3,191.08,119.67,71.41000000000001,0.37371781452794645,False,False,Ninguno
4,ELEC,Electrónica,2023-04-01,2023,4,190.91,119.89,71.02,0.37200775234403644,False,False,Esporádico
4,ELEC,Electrónica,2023-05-01,2023,5,191.49,119.95,71.54,0.37359653245600294,False,False,Ninguno
4,ELEC,Electrónica,2023-06-01,2023,6,190.94,120.04,70.89999999999999,0.37132083376977054,False,False,Ninguno
4,ELEC,Electrónica,2023-07-01,2023,7,210.65,116.31,94.34,0.4478518870163779,True,True,Julio
4,ELEC,Electrónica,2023-08-01,2023,8,211.59,116.35,95.24000000000001,0.4501157899711707,False,False,Ninguno
4,ELEC,Electrónica,2023-09-01,2023,9,211.24,116.16,95.08000000000001,0.4501041469418671,False,False,Ninguno
4,ELEC,Electrónica,2023-10-01,2023,10,210.56,116.1,94.46000000000001,0.44861322188449854,False,False,Ninguno
4,ELEC,Electrónica,2023-11-01,2023,11,211.51,116.07,95.44,0.45123162025436153,False,False,Ninguno
4,ELEC,Electrónica,2023-12-01,2023,12,210.91,115.92,94.99,0.45038167938931295,False,False,Ninguno
4,ELEC,Electrónica,2024-01-01,2024,1,211.17,116.1,95.07,0.45020599516976845,False,False,Ninguno
4,ELEC,Electrónica,2024-02-01,2024,2,215.64,124.19,91.44999999999999,0.4240864403635689,True,True,Febrero
4,ELEC,Electrónica,2024-03-01,2024,3,215.64,123.94,91.69999999999999,0.4252457800037099,False,False,Ninguno
4,ELEC,Electrónica,2024-04-01,2024,4,215.28,123.89,91.39,0.4245169082125604,False,False,Ninguno
4,ELEC,Electrónica,2024-05-01,2024,5,215.59,124.07,91.52000000000001,0.4245094855976623,False,False,Ninguno
4,ELEC,Electrónica,2024-06-01,2024,6,215.87,129.28,86.59,0.40112104507342383,True,False,Esporádico
4,ELEC,Electrónica,2024-07-01,2024,7,213.11,132.07,81.04000000000002,0.38027309839988743,True,True,Julio
4,ELEC,Electrónica,2024-08-01,2024,8,213.03,131.78,81.25,0.38140168051448153,False,False,Ninguno
4,ELEC,Electrónica,2024-09-01,2024,9,213.57,132.09,81.47999999999999,0.38151425762045227,False,False,Ninguno
4,ELEC,Electrónica,2024-10-01,2024,10,213.01,131.88,81.13,0.380874137364443,False,False,Ninguno
4,ELEC,Electrónica,2024-11-01,2024,11,213.19,131.96,81.22999999999999,0.38102162390356015,False,False,Ninguno
4,ELEC,Electrónica,2024-12-01,2024,12,213.19,132.04,81.15,0.38064637178104044,False,False,Ninguno
4,ELEC,Electrónica,2025-01-01,2025,1,212.97,131.66,81.31,0.38179086256280226,False,False,Ninguno
4,ELEC,Electrónica,2025-02-01,2025,2,223.34,131.86,91.47999999999999,0.40959971344138973,False,True,Febrero
4,ELEC,Electrónica,2025-03-01,2025,3,223.86,131.97,91.89000000000001,0.4104797641383008,False,False,Ninguno
4,ELEC,Electrónica,2025-04-01,2025,4,223.85,131.84,92.00999999999999,0.41103417467053827,False,False,Ninguno
4,ELEC,Electrónica,2025-05-01,2025,5,224.01,131.77,92.23999999999998,0.41176733181554387,False,False,Ninguno
4,ELEC,Electrónica,2025-06-01,2025,6,223.5,131.64,91.86000000000001,0.41100671140939604,False,False,Ninguno
4,ELEC,Electrónica,2025-07-01,2025,7,242.88,132.06,110.82,0.45627470355731226,False,True,Julio
4,ELEC,Electrónica,2025-08-01,2025,8,243.28,131.71,111.57,0.45860736599802693,False,False,Ninguno
4,ELEC,Electrónica,2025-09-01,2025,9,242.38,131.78,110.6,0.45630827626041753,False,False,Esporádico
4,ELEC,Electrónica,2025-10-01,2025,10,243.38,131.65,111.72999999999999,0.4590763415235434,False,False,Ninguno
4,ELEC,Electrónica,2025-11-01,2025,11,242.38,131.91,110.47,0.4557719283769288,False,False,Ninguno
5,BELLE,Belleza,2018-07-01,2018,7,25.17,16.77,8.400000000000002,0.3337306317044101,False,False,Ninguno
5,BELLE,Belleza,2018-08-01,2018,8,25.28,16.74,8.540000000000003,0.3378164556962026,False,False,Ninguno
5,BELLE,Belleza,2018-09-01,2018,9,25.26,16.74,8.520000000000003,0.33729216152019015,False,False,Ninguno
5,BELLE,Belleza,2018-10-01,2018,10,25.18,16.74,8.440000000000001,0.33518665607625103,False,False,Ninguno
5,BELLE,Belleza,2018-11-01,2018,11,25.27,16.75,8.52,0.3371586861891571,False,False,Ninguno
5,BELLE,Belleza,2018-12-01,2018,12,25.29,16.79,8.5,0.3361012257809411,False,False,Ninguno
5,BELLE,Belleza,2019-01-01,2019,1,25.26,16.76,8.5,0.33650039588281866,False,False,Ninguno
5,BELLE,Belleza,2019-02-01,2019,2,25.35,16.34,9.010000000000002,0.35542406311637087,True,True,Febrero
5,BELLE,Belleza,2019-03-01,2019,3,25.38,16.29,9.09,0.35815602836879434,False,False,Ninguno
5,BELLE,Belleza,2019-04-01,2019,4,25.38,16.28,9.099999999999998,0.35855003940110314,False,False,Ninguno
5,BELLE,Belleza,2019-05-01,2019,5,25.41,16.32,9.09,0.3577331759149941,False,False,Ninguno
5,BELLE,Belleza,2019-06-01,2019,6,25.47,16.34,9.129999999999999,0.35846093443266586,False,False,Ninguno
5,BELLE,Belleza,2019-07-01,2019,7,25.8,16.65,9.150000000000002,0.35465116279069775,True,True,Julio
5,BELLE,Belleza,2019-08-01,2019,8,25.82,16.65,9.170000000000002,0.35515104570100703,False,False,Ninguno
5,BELLE,Belleza,2019-09-01,2019,9,25.82,16.64,9.18,0.3555383423702556,False,False,Ninguno
5,BELLE,Belleza,2019-10-01,2019,10,27.23,16.95,10.280000000000001,0.37752478883584284,True,True,Esporádico
5,BELLE,Belleza,2019-11-01,2019,11,27.23,16.97,10.260000000000002,0.3767903048108704,False,False,Ninguno
5,BELLE,Belleza,2019-12-01,2019,12,27.16,16.99,10.170000000000002,0.37444771723122244,False,False,Ninguno
5,BELLE,Belleza,2020-01-01,2020,1,27.13,16.94,10.189999999999998,0.37559896793217834,False,False,Ninguno
5,BELLE,Belleza,2020-02-01,2020,2,29.32,17.99,11.330000000000002,0.38642564802182816,True,True,Febrero
5,BELLE,Belleza,2020-03-01,2020,3,29.47,18.03,11.439999999999998,0.3881913810654903,False,False,Ninguno
5,BELLE,Belleza,2020-04-01,2020,4,29.33,18.01,11.319999999999997,0.3859529491987725,False,False,Ninguno
5,BELLE,Belleza,2020-05-01,2020,5,29.3,17.99,11.310000000000002,0.3860068259385666,False,False,Ninguno
5,BELLE,Belleza,2020-06-01,2020,6,29.32,18.04,11.280000000000001,0.38472032742155526,False,False,Ninguno
5,BELLE,Belleza,2020-07-01,2020,7,30.61,18.52,12.09,0.394968964390722,True,True,Julio
5,BELLE,Belleza,2020-08-01,2020,8,30.46,18.48,11.98,0.3933026920551543,False,False,Ninguno
5,BELLE,Belleza,2020-09-01,2020,9,30.62,18.48,12.14,0.3964728935336381,False,False,Ninguno
5,BELLE,Belleza,2020-10-01,2020,10,30.57,18.53,12.04,0.39385017991494925,False,False,Ninguno
5,BELLE,Belleza,2020-11-01,2020,11,30.58,18.51,12.069999999999997,0.3947024198822759,False,False,Ninguno
5,BELLE,Belleza,2020-12-01,2020,12,30.62,18.48,12.14,0.3964728935336381,False,False,Ninguno
5,BELLE,Belleza,2021-01-01,2021,1,30.53,18.5,12.030000000000001,0.3940386505076974,False,False,Ninguno
5,BELLE,Belleza,2021-02-01,2021,2,32.31,18.47,13.840000000000003,0.4283503559269577,False,True,Febrero
5,BELLE,Belleza,2021-03-01,2021,3,32.29,18.52,13.77,0.4264478166615051,False,False,Ninguno
5,BELLE,Belleza,2021-04-01,2021,4,32.32,18.51,13.809999999999999,0.427289603960396,False,False,Ninguno
5,BELLE,Belleza,2021-05-01,2021,5,32.33,18.5,13.829999999999998,0.4277760593875657,False,False,Ninguno
5,BELLE,Belleza,2021-06-01,2021,6,32.42,18.49,13.930000000000003,0.4296730413325109,False,False,Esporádico
5,BELLE,Belleza,2021-07-01,2021,7,33.5,18.89,14.61,0.4361194029850746,True,True,Julio
5,BELLE,Belleza,2021-08-01,2021,8,33.36,18.89,14.469999999999999,0.43375299760191843,False,False,Ninguno
5,BELLE,Belleza,2021-09-01,2021,9,33.37,18.84,14.529999999999998,0.43542103685945455,False,False,Ninguno
5,BELLE,Belleza,2021-10-01,2021,10,33.32,18.88,14.440000000000001,0.4333733493397359,False,False,Ninguno
5,BELLE,Belleza,2021-11-01,2021,11,33.43,18.87,14.559999999999999,0.43553694286568945,False,False,Ninguno
5,BELLE,Belleza,2021-12-01,2021,12,33.47,18.86,14.61,0.4365103077382731,False,False,Ninguno
5,BELLE,Belleza,2022-01-01,2022,1,33.22,18.57,14.649999999999999,0.44099939795304033,True,True,Esporádico
5,BELLE,Belleza,2022-02-01,2022,2,33.34,19.58,13.760000000000005,0.4127174565086984,True,True,Febrero
5,BELLE,Belleza,2022-03-01,2022,3,33.24,19.57,13.670000000000002,0.4112515042117931,False,False,Ninguno
5,BELLE,Belleza,2022-04-01,2022,4,33.25,19.56,13.690000000000001,0.4117293233082707,False,False,Ninguno
5,BELLE,Belleza,2022-05-01,2022,5,33.36,19.53,13.829999999999998,0.414568345323741,False,False,Ninguno
5,BELLE,Belleza,2022-06-01,2022,6,33.37,19.53,13.839999999999996,0.41474378183997596,False,False,Ninguno
5,BELLE,Belleza,2022-07-01,2022,7,34.78,20.0,14.780000000000001,0.42495687176538244,True,True,Julio
5,BELLE,Belleza,2022-08-01,2022,8,34.77,19.99,14.780000000000005,0.42507909117054943,False,False,Ninguno
5,BELLE,Belleza,2022-09-01,2022,9,34.81,19.99,14.820000000000004,0.42573972996265447,False,False,Ninguno
5,BELLE,Belleza,2022-10-01,2022,10,34.73,19.95,14.779999999999998,0.42556867261733367,False,False,Ninguno
5,BELLE,Belleza,2022-11-01,2022,11,34.84,19.95,14.890000000000004,0.427382319173364,False,False,Ninguno
5,BELLE,Belleza,2022-12-01,2022,12,34.51,21.65,12.86,0.3726456099681252,True,True,Esporádico
5,BELLE,Belleza,2023-01-01,2023,1,34.44,21.61,12.829999999999998,0.37253193960511033,False,False,Ninguno
5,BELLE,Belleza,2023-02-01,2023,2,37.99,22.15,15.840000000000003,0.4169518294287971,True,True,Febrero
5,BELLE,Belleza,2023-03-01,2023,3,38.0,22.21,15.79,0.4155263157894737,False,False,Esporádico
5,BELLE,Belleza,2023-04-01,2023,4,37.98,22.17,15.809999999999995,0.41627172195892564,False,False,Ninguno
5,BELLE,Belleza,2023-05-01,2023,5,37.86,22.2,15.66,0.41362916006339145,False,False,Ninguno
5,BELLE,Belleza,2023-06-01,2023,6,37.79,22.2,15.59,0.4125430007938608,False,False,Ninguno
5,BELLE,Belleza,2023-07-01,2023,7,37.81,23.28,14.530000000000001,0.38428987040465484,True,False,Julio
5,BELLE,Belleza,2023-08-01,2023,8,37.94,23.27,14.669999999999998,0.38666315234580917,False,False,Ninguno
5,BELLE,Belleza,2023-09-01,2023,9,37.95,23.29,14.660000000000004,0.38629776021080375,False,False,Ninguno
5,BELLE,Belleza,2023-10-01,2023,10,37.86,23.27,14.59,0.38536714210248285,False,False,Ninguno
5,BELLE,Belleza,2023-11-01,2023,11,37.96,23.31,14.650000000000002,0.3859325605900949,False,False,Ninguno
5,BELLE,Belleza,2023-12-01,2023,12,40.37,23.78,16.589999999999996,0.4109487243002229,True,True,Esporádico
5,BELLE,Belleza,2024-01-01,2024,1,40.52,23.73,16.790000000000003,0.4143632773938796,False,False,Ninguno
5,BELLE,Belleza,2024-02-01,2024,2,38.41,23.81,14.599999999999998,0.3801093465243426,False,True,Febrero
5,BELLE,Belleza,2024-03-01,2024,3,38.47,23.81,14.66,0.38107616324408633,False,False,Ninguno
5,BELLE,Belleza,2024-04-01,2024,4,38.36,23.82,14.54,0.3790406673618352,False,False,Ninguno
5,BELLE,Belleza,2024-05-01,2024,5,38.38,23.8,14.580000000000002,0.37988535695674835,False,False,Ninguno
5,BELLE,Belleza,2024-06-01,2024,6,38.43,23.77,14.66,0.3814728077023159,False,False,Ninguno
5,BELLE,Belleza,2024-07-01,2024,7,41.19,26.08,15.11,0.36683661082787083,True,True,Julio
5,BELLE,Belleza,2024-08-01,2024,8,41.14,26.11,15.030000000000001,0.3653378706854643,False,False,Ninguno
5,BELLE,Belleza,2024-09-01,2024,9,41.17,26.04,15.130000000000003,0.3675006072382804,False,False,Ninguno
5,BELLE,Belleza,2024-10-01,2024,10,41.16,26.06,15.099999999999998,0.36686103012633625,False,False,Ninguno
5,BELLE,Belleza,2024-11-01,2024,11,41.1,26.06,15.040000000000003,0.36593673965936746,False,False,Ninguno
5,BELLE,Belleza,2024-12-01,2024,12,41.33,26.03,15.299999999999997,0.3701911444471328,False,False,Ninguno
5,BELLE,Belleza,2025-01-01,2025,1,41.18,26.08,15.100000000000001,0.366682855755221,False,False,Ninguno
5,BELLE,Belleza,2025-02-01,2025,2,47.44,27.07,20.369999999999997,0.42938448566610454,True,True,Febrero
5,BELLE,Belleza,2025-03-01,2025,3,47.67,27.03,20.64,0.4329767149150409,False,False,Ninguno
5,BELLE,Belleza,2025-04-01,2025,4,47.55,27.09,20.459999999999997,0.43028391167192426,False,False,Esporádico
5,BELLE,Belleza,2025-05-01,2025,5,47.47,27.06,20.41,0.42995576153360016,False,False,Ninguno
5,BELLE,Belleza,2025-06-01,2025,6,47.6,28.07,19.53,0.4102941176470588,True,False,Esporádico
5,BELLE,Belleza,2025-07-01,2025,7,49.2,29.48,19.720000000000002,0.4008130081300813,True,True,Julio
5,BELLE,Belleza,2025-08-01,2025,8,49.2,29.48,19.720000000000002,0.4008130081300813,False,False,Ninguno
5,BELLE,Belleza,2025-09-01,2025,9,49.25,29.54,19.71,0.4002030456852792,False,False,Ninguno
5,BELLE,Belleza,2025-10-01,2025,10,49.43,29.46,19.97,0.4040056645761683,False,False,Ninguno
5,BELLE,Belleza,2025-11-01,2025,11,49.42,29.55,19.87,0.4020639417239984,False,False,Ninguno
6,DEPOR,Deportes,2018-07-01,2018,7,274.89,198.96,75.92999999999998,0.27621957874058706,False,False,Ninguno
6,DEPOR,Deportes,2018-08-01,2018,8,273.89,199.2,74.69,0.27270071926685896,False,False,Ninguno
6,DEPOR,Deportes,2018-09-01,2018,9,274.01,199.29,74.72,0.27269077770884276,False,False,Ninguno
6,DEPOR,Deportes,2018-10-01,2018,10,274.52,198.82,75.69999999999999,0.2757540434212443,False,False,Ninguno
6,DEPOR,Deportes,2018-11-01,2018,11,274.59,199.12,75.46999999999997,0.27484613423649795,False,False,Ninguno
6,DEPOR,Deportes,2018-12-01,2018,12,275.08,198.72,76.35999999999999,0.27759197324414714,False,False,Ninguno
6,DEPOR,Deportes,2019-01-01,2019,1,273.85,198.86,74.99000000000001,0.27383604162862885,False,False,Ninguno
6,DEPOR,Deportes,2019-02-01,2019,2,311.23,228.24,82.99000000000001,0.26665167239661985,True,True,Febrero
6,DEPOR,Deportes,2019-03-01,2019,3,310.17,228.0,82.17000000000002,0.2649192378373151,False,False,Ninguno
6,DEPOR,Deportes,2019-04-01,2019,4,310.7,227.87,82.82999999999998,0.26659156742838747,False,False,Esporádico
6,DEPOR,Deportes,2019-05-01,2019,5,311.36,227.74,83.62,0.26856372045220966,False,False,Ninguno
6,DEPOR,Deportes,2019-06-01,2019,6,310.16,227.95,82.21000000000004,0.2650567449058551,False,False,Ninguno
6,DEPOR,Deportes,2019-07-01,2019,7,310.15,225.26,84.88999999999999,0.27370627115911655,True,False,Julio
6,DEPOR,Deportes,2019-08-01,2019,8,310.93,225.41,85.52000000000001,0.27504583025118196,False,False,Ninguno
6,DEPOR,Deportes,2019-09-01,2019,9,311.11,225.07,86.04000000000002,0.2765581305647521,False,False,Ninguno
6,DEPOR,Deportes,2019-10-01,2019,10,310.66,225.38,85.28000000000003,0.27451232859074237,False,False,Ninguno
6,DEPOR,Deportes,2019-11-01,2019,11,324.17,225.15,99.02000000000001,0.30545701329549313,False,True,Esporádico
6,DEPOR,Deportes,2019-12-01,2019,12,325.21,225.43,99.77999999999997,0.30681713354447887,False,False,Ninguno
6,DEPOR,Deportes,2020-01-01,2020,1,325.31,225.23,100.08000000000001,0.3076450155236544,False,False,Ninguno
6,DEPOR,Deportes,2020-02-01,2020,2,366.04,249.8,116.24000000000001,0.3175609223035734,True,True,Febrero
6,DEPOR,Deportes,2020-03-01,2020,3,366.2,249.72,116.47999999999999,0.31807755324959036,False,False,Ninguno
6,DEPOR,Deportes,2020-04-01,2020,4,366.48,249.26,117.22000000000003,0.31985374372407777,False,False,Ninguno
6,DEPOR,Deportes,2020-05-01,2020,5,364.61,249.97,114.64000000000001,0.3144181454156496,False,False,Ninguno
6,DEPOR,Deportes,2020-06-01,2020,6,385.89,249.23,136.66,0.3541423721786001,False,True,Esporádico
6,DEPOR,Deportes,2020-07-01,2020,7,385.49,249.85,135.64000000000001,0.3518638615787699,False,False,Julio
6,DEPOR,Deportes,2020-08-01,2020,8,407.07,266.62,140.45,0.3450266538924509,True,True,Esporádico
6,DEPOR,Deportes,2020-09-01,2020,9,408.57,266.39,142.18,0.3479942237560271,False,False,Ninguno
6,DEPOR,Deportes,2020-10-01,2020,10,408.61,267.13,141.48000000000002,0.3462470326227944,False,False,Ninguno
6,DEPOR,Deportes,2020-11-01,2020,11,408.61,266.36,142.25,0.348131470105969,False,False,Ninguno
6,DEPOR,Deportes,2020-12-01,2020,12,408.97,266.66,142.31,0.34797173386800984,False,False,Esporádico
6,DEPOR,Deportes,2021-01-01,2021,1,408.92,266.2,142.72000000000003,0.3490169226254525,False,False,Ninguno
6,DEPOR,Deportes,2021-02-01,2021,2,434.3,267.11,167.19,0.38496431038452683,False,True,Febrero
6,DEPOR,Deportes,2021-03-01,2021,3,435.84,266.76,169.07999999999998,0.38794052863436124,False,False,Ninguno
6,DEPOR,Deportes,2021-04-01,2021,4,435.85,266.19,169.66000000000003,0.38926236090398075,False,False,Ninguno
6,DEPOR,Deportes,2021-05-01,2021,5,433.59,266.81,166.77999999999997,0.38464909246061946,False,False,Ninguno
6,DEPOR,Deportes,2021-06-01,2021,6,435.26,266.4,168.86,0.3879520286725176,False,False,Ninguno
6,DEPOR,Deportes,2021-07-01,2021,7,423.28,266.7,156.57999999999998,0.3699206199206199,False,True,Julio
6,DEPOR,Deportes,2021-08-01,2021,8,422.52,266.74,155.77999999999997,0.3686926062671589,False,False,Ninguno
6,DEPOR,Deportes,2021-09-01,2021,9,424.88,267.01,157.87,0.3715637356430051,False,False,Ninguno
6,DEPOR,Deportes,2021-10-01,2021,10,424.31,267.11,157.2,0.37048384435907705,False,False,Esporádico
6,DEPOR,Deportes,2021-11-01,2021,11,424.33,266.22,158.10999999999996,0.372610939598897,False,False,Ninguno
6,DEPOR,Deportes,2021-12-01,2021,12,422.46,266.11,156.34999999999997,0.3700942101027316,False,False,Ninguno
6,DEPOR,Deportes,2022-01-01,2022,1,423.65,266.43,157.21999999999997,0.3711082261300601,False,False,Ninguno
6,DEPOR,Deportes,2022-02-01,2022,2,444.48,289.96,154.52000000000004,0.3476421886249101,True,True,Febrero
6,DEPOR,Deportes,2022-03-01,2022,3,443.03,290.13,152.89999999999998,0.3451233550775342,False,False,Ninguno
6,DEPOR,Deportes,2022-04-01,2022,4,443.94,289.83,154.11,0.3471415056088661,False,False,Ninguno
6,DEPOR,Deportes,2022-05-01,2022,5,442.41,290.44,151.97000000000003,0.34350489365068604,False,False,Ninguno
6,DEPOR,Deportes,2022-06-01,2022,6,443.63,289.74,153.89,0.34688817257624593,False,False,Ninguno
6,DEPOR,Deportes,2022-07-01,2022,7,442.23,299.84,142.39000000000004,0.32198177418990126,True,False,Julio
6,DEPOR,Deportes,2022-08-01,2022,8,444.33,299.22,145.10999999999996,0.3265815947606508,False,False,Ninguno
6,DEPOR,Deportes,2022-09-01,2022,9,454.88,305.08,149.8,0.32931762223003874,True,True,Esporádico
6,DEPOR,Deportes,2022-10-01,2022,10,454.64,305.24,149.39999999999998,0.32861164877705434,False,False,Ninguno
6,DEPOR,Deportes,2022-11-01,2022,11,452.79,305.02,147.77000000000004,0.3263543806179466,False,False,Ninguno
6,DEPOR,Deportes,2022-12-01,2022,12,453.98,304.78,149.20000000000005,0.32864883915591003,False,False,Ninguno
6,DEPOR,Deportes,2023-01-01,2023,1,454.56,305.19,149.37,0.32860348468849,False,False,Ninguno
6,DEPOR,Deportes,2023-02-01,2023,2,448.64,318.74,129.89999999999998,0.28954172610556345,True,True,Febrero
6,DEPOR,Deportes,2023-03-01,2023,3,448.83,318.62,130.20999999999998,0.2901098411425261,False,False,Ninguno
6,DEPOR,Deportes,2023-04-01,2023,4,448.24,318.6,129.64,0.2892200606817776,False,False,Ninguno
6,DEPOR,Deportes,2023-05-01,2023,5,446.64,317.8,128.83999999999997,0.2884649829840587,False,False,Ninguno
6,DEPOR,Deportes,2023-06-01,2023,6,448.21,318.81,129.39999999999998,0.2887039557350349,False,False,Ninguno
6,DEPOR,Deportes,2023-07-01,2023,7,440.81,334.16,106.64999999999998,0.2419409723009913,True,True,Julio
6,DEPOR,Deportes,2023-08-01,2023,8,439.53,334.57,104.95999999999998,0.23880053693718287,False,False,Ninguno
6,DEPOR,Deportes,2023-09-01,2023,9,439.17,334.65,104.52000000000004,0.23799439852448945,False,False,Ninguno
6,DEPOR,Deportes,2023-10-01,2023,10,439.71,334.77,104.94,0.23865729685474518,False,False,Ninguno
6,DEPOR,Deportes,2023-11-01,2023,11,439.82,335.06,104.75999999999999,0.23818834977945522,False,False,Ninguno
6,DEPOR,Deportes,2023-12-01,2023,12,439.03,334.6,104.42999999999995,0.23786529394346617,False,False,Ninguno
6,DEPOR,Deportes,2024-01-01,2024,1,440.04,334.09,105.95000000000005,0.24077356603945105,False,False,Ninguno
6,DEPOR,Deportes,2024-02-01,2024,2,445.44,346.6,98.83999999999997,0.2218929597701149,True,True,Febrero
6,DEPOR,Deportes,2024-03-01,2024,3,443.26,346.72,96.53999999999996,0.21779542480711087,False,False,Ninguno
6,DEPOR,Deportes,2024-04-01,2024,4,443.43,346.3,97.13,0.21904246442505015,False,False,Ninguno
6,DEPOR,Deportes,2024-05-01,2024,5,445.78,345.97,99.80999999999995,0.22389968145722094,False,False,Ninguno
6,DEPOR,Deportes,2024-06-01,2024,6,444.48,345.83,98.65000000000003,0.22194474442044643,False,False,Ninguno
6,DEPOR,Deportes,2024-07-01,2024,7,445.02,346.49,98.52999999999997,0.22140577951552734,False,False,Julio
6,DEPOR,Deportes,2024-08-01,2024,8,443.18,346.41,96.76999999999998,0.2183537163229387,False,False,Ninguno
6,DEPOR,Deportes,2024-09-01,2024,9,444.53,346.09,98.44,0.22144737138100917,False,False,Ninguno
6,DEPOR,Deportes,2024-10-01,2024,10,444.09,345.76,98.32999999999998,0.22141908171766983,False,False,Ninguno
6,DEPOR,Deportes,2024-11-01,2024,11,443.36,345.68,97.68,0.22031757488271383,False,False,Ninguno
6,DEPOR,Deportes,2024-12-01,2024,12,443.5,346.19,97.31,0.21941375422773393,False,False,Ninguno
6,DEPOR,Deportes,2025-01-01,2025,1,444.99,346.42,98.57,0.22151059574372456,False,False,Ninguno
6,DEPOR,Deportes,2025-02-01,2025,2,436.49,360.18,76.31,0.17482645650530368,True,True,Febrero
6,DEPOR,Deportes,2025-03-01,2025,3,434.91,361.05,73.86000000000001,0.16982824032558463,False,False,Ninguno
6,DEPOR,Deportes,2025-04-01,2025,4,434.96,361.38,73.57999999999998,0.16916498068787933,False,False,Ninguno
6,DEPOR,Deportes,2025-05-01,2025,5,436.68,360.81,75.87,0.17374278647980215,False,False,Ninguno
6,DEPOR,Deportes,2025-06-01,2025,6,436.69,361.29,75.39999999999998,0.17266252948315733,False,False,Ninguno
6,DEPOR,Deportes,2025-07-01,2025,7,435.71,361.19,74.51999999999998,0.1710311904707259,False,False,Julio
6,DEPOR,Deportes,2025-08-01,2025,8,435.03,361.21,73.82,0.16968944670482494,False,False,Ninguno
6,DEPOR,Deportes,2025-09-01,2025,9,436.26,361.32,74.94,0.17177829734561958,False,False,Ninguno
6,DEPOR,Deportes,2025-10-01,2025,10,436.01,361.21,74.80000000000001,0.17155569826380132,False,False,Ninguno
6,DEPOR,Deportes,2025-11-01,2025,11,436.2,360.96,75.24000000000001,0.17248968363136177,False,False,Ninguno
7,BELLE,Belleza,2018-07-01,2018,7,71.78,49.26,22.520000000000003,0.3137364168292004,True,False,Esporádico
7,BELLE,Belleza,2018-08-01,2018,8,71.82,49.27,22.54999999999999,0.31397939292676125,False,False,Ninguno
7,BELLE,Belleza,2018-09-01,2018,9,71.48,49.29,22.190000000000005,0.31043648573027427,False,False,Ninguno
7,BELLE,Belleza,2018-10-01,2018,10,71.69,49.38,22.309999999999995,0.31120100432417347,False,False,Ninguno
7,BELLE,Belleza,2018-11-01,2018,11,71.64,49.33,22.310000000000002,0.3114182021217197,False,False,Ninguno
7,BELLE,Belleza,2018-12-01,2018,12,71.5,49.37,22.130000000000003,0.30951048951048954,False,False,Ninguno
7,BELLE,Belleza,2019-01-01,2019,1,71.82,49.42,22.39999999999999,0.3118908382066276,False,False,Ninguno
7,BELLE,Belleza,2019-02-01,2019,2,78.04,50.9,27.140000000000008,0.3477703741670939,True,True,Febrero
7,BELLE,Belleza,2019-03-01,2019,3,78.24,50.94,27.299999999999997,0.34892638036809814,False,False,Ninguno
7,BELLE,Belleza,2019-04-01,2019,4,78.37,51.07,27.300000000000004,0.34834758198290167,False,False,Ninguno
7,BELLE,Belleza,2019-05-01,2019,5,78.23,51.04,27.190000000000005,0.3475648728109421,False,False,Ninguno
7,BELLE,Belleza,2019-06-01,2019,6,78.2,50.96,27.240000000000002,0.3483375959079284,False,False,Ninguno
7,BELLE,Belleza,2019-07-01,2019,7,84.84,52.23,32.61000000000001,0.38437057991513446,True,True,Julio
7,BELLE,Belleza,2019-08-01,2019,8,84.87,52.26,32.61000000000001,0.38423471191233655,False,False,Ninguno
7,BELLE,Belleza,2019-09-01,2019,9,85.08,52.29,32.79,0.38540197461212977,False,False,Ninguno
7,BELLE,Belleza,2019-10-01,2019,10,84.76,52.2,32.56,0.38414346389806514,False,False,Ninguno
7,BELLE,Belleza,2019-11-01,2019,11,85.08,52.23,32.85,0.3861071932299013,False,False,Ninguno
7,BELLE,Belleza,2019-12-01,2019,12,84.94,52.15,32.79,0.3860372027313398,False,False,Ninguno
7,BELLE,Belleza,2020-01-01,2020,1,84.99,52.24,32.74999999999999,0.38533945170019995,False,False,Ninguno
7,BELLE,Belleza,2020-02-01,2020,2,82.6,52.26,30.339999999999996,0.36731234866828083,False,True,Febrero
7,BELLE,Belleza,2020-03-01,2020,3,82.27,52.15,30.119999999999997,0.36611158380940806,False,False,Ninguno
7,BELLE,Belleza,2020-04-01,2020,4,82.24,52.31,29.929999999999993,0.36393482490272366,False,False,Ninguno
7,BELLE,Belleza,2020-05-01,2020,5,82.4,52.29,30.110000000000007,0.36541262135922337,False,False,Ninguno
7,BELLE,Belleza,2020-06-01,2020,6,82.58,52.16,30.42,0.36837006539113587,False,False,Ninguno
7,BELLE,Belleza,2020-07-01,2020,7,84.34,52.22,32.120000000000005,0.3808394593312782,False,True,Julio
7,BELLE,Belleza,2020-08-01,2020,8,84.24,52.23,32.01,0.379985754985755,False,False,Ninguno
7,BELLE,Belleza,2020-09-01,2020,9,84.65,52.19,32.46000000000001,0.38346131128174843,False,False,Ninguno
7,BELLE,Belleza,2020-10-01,2020,10,84.49,52.16,32.33,0.3826488341815599,False,False,Ninguno
7,BELLE,Belleza,2020-11-01,2020,11,84.55,52.18,32.37,0.3828503843879361,False,False,Ninguno
7,BELLE,Belleza,2020-12-01,2020,12,86.12,53.2,32.92,0.3822573153738969,True,True,Esporádico
7,BELLE,Belleza,2021-01-01,2021,1,86.35,53.19,33.16,0.3840185292414592,False,False,Esporádico
7,BELLE,Belleza,2021-02-01,2021,2,97.27,53.65,43.62,0.4484424796956924,True,True,Febrero
7,BELLE,Belleza,2021-03-01,2021,3,97.54,53.69,43.85000000000001,0.44955915521837203,False,False,Ninguno
7,BELLE,Belleza,2021-04-01,2021,4,97.23,53.59,43.64,0.4488326648153862,False,False,Ninguno
7,BELLE,Belleza,2021-05-01,2021,5,97.56,53.56,44.0,0.45100451004510045,False,False,Ninguno
7,BELLE,Belleza,2021-06-01,2021,6,97.41,53.7,43.709999999999994,0.4487218971358176,False,False,Ninguno
7,BELLE,Belleza,2021-07-01,2021,7,105.65,53.73,51.92000000000001,0.49143398012304784,False,True,Julio
7,BELLE,Belleza,2021-08-01,2021,8,105.41,53.74,51.669999999999995,0.4901811972298643,False,False,Ninguno
7,BELLE,Belleza,2021-09-01,2021,9,105.45,53.58,51.870000000000005,0.4918918918918919,False,False,Esporádico
7,BELLE,Belleza,2021-10-01,2021,10,105.62,53.57,52.050000000000004,0.49280439310736607,False,False,Ninguno
7,BELLE,Belleza,2021-11-01,2021,11,105.31,53.76,51.550000000000004,0.4895071693096572,False,False,Ninguno
7,BELLE,Belleza,2021-12-01,2021,12,105.57,53.58,51.989999999999995,0.4924694515487354,False,False,Ninguno
7,BELLE,Belleza,2022-01-01,2022,1,105.48,53.76,51.720000000000006,0.4903299203640501,False,False,Ninguno
7,BELLE,Belleza,2022-02-01,2022,2,103.78,54.91,48.870000000000005,0.4708999807284641,True,True,Febrero
7,BELLE,Belleza,2022-03-01,2022,3,103.77,54.7,49.06999999999999,0.4728726992387009,False,False,Ninguno
7,BELLE,Belleza,2022-04-01,2022,4,108.16,54.89,53.269999999999996,0.49251109467455617,False,True,Esporádico
7,BELLE,Belleza,2022-05-01,2022,5,108.18,54.81,53.370000000000005,0.4933444259567388,False,False,Ninguno
7,BELLE,Belleza,2022-06-01,2022,6,107.95,54.84,53.11,0.4919870310328856,False,False,Ninguno
7,BELLE,Belleza,2022-07-01,2022,7,109.15,52.39,56.760000000000005,0.5200183234081539,True,True,Julio
7,BELLE,Belleza,2022-08-01,2022,8,109.65,52.38,57.27,0.5222982216142271,False,False,Ninguno
7,BELLE,Belleza,2022-09-01,2022,9,109.46,52.26,57.199999999999996,0.5225653206650831,False,False,Ninguno
7,BELLE,Belleza,2022-10-01,2022,10,109.59,52.33,57.260000000000005,0.5224929281868784,False,False,Ninguno
7,BELLE,Belleza,2022-11-01,2022,11,109.47,52.28,57.19,0.52242623549831,False,False,Ninguno
7,BELLE,Belleza,2022-12-01,2022,12,109.64,52.42,57.22,0.5218898212331265,False,False,Ninguno
7,BELLE,Belleza,2023-01-01,2023,1,109.34,52.38,56.96,0.5209438448875069,False,False,Ninguno
7,BELLE,Belleza,2023-02-01,2023,2,109.39,56.65,52.74,0.48212816528019015,True,False,Febrero
7,BELLE,Belleza,2023-03-01,2023,3,117.24,55.12,62.12,0.5298532923916752,True,True,Esporádico
7,BELLE,Belleza,2023-04-01,2023,4,117.23,55.01,62.220000000000006,0.5307515141175467,False,False,Ninguno
7,BELLE,Belleza,2023-05-01,2023,5,117.22,55.05,62.17,0.530370243985668,False,False,Ninguno
7,BELLE,Belleza,2023-06-01,2023,6,117.23,54.99,62.24,0.5309221189115414,False,False,Ninguno
7,BELLE,Belleza,2023-07-01,2023,7,130.07,54.98,75.09,0.5773045283308988,False,True,Julio
7,BELLE,Belleza,2023-08-01,2023,8,129.98,55.06,74.91999999999999,0.5763963686721033,False,False,Ninguno
7,BELLE,Belleza,2023-09-01,2023,9,129.75,55.14,74.61,0.575028901734104,False,False,Ninguno
7,BELLE,Belleza,2023-10-01,2023,10,129.99,55.13,74.86000000000001,0.5758904531117779,False,False,Ninguno
7,BELLE,Belleza,2023-11-01,2023,11,129.56,55.06,74.5,0.575023155294844,False,False,Ninguno
7,BELLE,Belleza,2023-12-01,2023,12,129.93,55.11,74.82000000000001,0.5758485338259063,False,False,Ninguno
7,BELLE,Belleza,2024-01-01,2024,1,137.39,58.45,78.93999999999998,0.5745687459058155,True,True,Esporádico
7,BELLE,Belleza,2024-02-01,2024,2,132.83,58.47,74.36000000000001,0.5598132951893398,False,True,Febrero
7,BELLE,Belleza,2024-03-01,2024,3,133.12,58.42,74.7,0.5611478365384616,False,False,Ninguno
7,BELLE,Belleza,2024-04-01,2024,4,133.38,58.44,74.94,0.5618533513270355,False,False,Ninguno
7,BELLE,Belleza,2024-05-01,2024,5,133.19,58.44,74.75,0.5612283204444778,False,False,Ninguno
7,BELLE,Belleza,2024-06-01,2024,6,133.13,58.4,74.72999999999999,0.5613310298204762,False,False,Ninguno
7,BELLE,Belleza,2024-07-01,2024,7,132.89,58.4,74.48999999999998,0.5605387914816765,False,False,Julio
7,BELLE,Belleza,2024-08-01,2024,8,133.36,58.49,74.87,0.5614127174565087,False,False,Ninguno
7,BELLE,Belleza,2024-09-01,2024,9,133.2,58.49,74.70999999999998,0.5608858858858857,False,False,Ninguno
7,BELLE,Belleza,2024-10-01,2024,10,133.52,58.43,75.09,0.5623876572798082,False,False,Ninguno
7,BELLE,Belleza,2024-11-01,2024,11,133.21,58.47,74.74000000000001,0.5610689888146536,False,False,Ninguno
7,BELLE,Belleza,2024-12-01,2024,12,133.1,58.35,74.75,0.5616078136739294,False,False,Ninguno
7,BELLE,Belleza,2025-01-01,2025,1,133.15,58.43,74.72,0.561171610965077,False,False,Ninguno
7,BELLE,Belleza,2025-02-01,2025,2,141.73,62.63,79.1,0.5581034361109152,True,True,Febrero
7,BELLE,Belleza,2025-03-01,2025,3,141.69,62.68,79.00999999999999,0.557625802808949,False,False,Ninguno
7,BELLE,Belleza,2025-04-01,2025,4,141.09,62.72,78.37,0.5554610532284358,False,False,Ninguno
7,BELLE,Belleza,2025-05-01,2025,5,141.09,62.53,78.56,0.5568077113898929,False,False,Ninguno
7,BELLE,Belleza,2025-06-01,2025,6,141.84,62.64,79.2,0.5583756345177665,False,False,Ninguno
7,BELLE,Belleza,2025-07-01,2025,7,137.53,63.97,73.56,0.534865120337381,True,True,Julio
7,BELLE,Belleza,2025-08-01,2025,8,137.64,63.75,73.88999999999999,0.5368352223190932,False,False,Ninguno
7,BELLE,Belleza,2025-09-01,2025,9,137.47,63.79,73.68,0.5359714846875683,False,False,Ninguno
7,BELLE,Belleza,2025-10-01,2025,10,137.9,63.81,74.09,0.5372733865119652,False,False,Ninguno
7,BELLE,Belleza,2025-11-01,2025,11,137.49,63.87,73.62,0.535457124154484,False,False,Ninguno
8,ALIM,Alimentos,2018-07-01,2018,7,20.56,15.83,4.729999999999999,0.23005836575875482,False,False,Ninguno
8,ALIM,Alimentos,2018-08-01,2018,8,20.53,15.82,4.710000000000001,0.22942036044812472,False,False,Ninguno
8,ALIM,Alimentos,2018-09-01,2018,9,20.53,15.85,4.6800000000000015,0.22795908426692651,False,False,Ninguno
8,ALIM,Alimentos,2018-10-01,2018,10,20.59,15.84,4.75,0.23069451189898008,False,False,Ninguno
8,ALIM,Alimentos,2018-11-01,2018,11,20.38,15.85,4.529999999999999,0.22227674190382726,False,True,Esporádico
8,ALIM,Alimentos,2018-12-01,2018,12,20.4,15.87,4.529999999999999,0.22205882352941175,False,False,Ninguno
8,ALIM,Alimentos,2019-01-01,2019,1,20.19,16.58,3.610000000000003,0.1788013868251611,True,True,Esporádico
8,ALIM,Alimentos,2019-02-01,2019,2,22.87,17.64,5.23,0.22868386532575427,True,True,Febrero
8,ALIM,Alimentos,2019-03-01,2019,3,22.9,17.67,5.229999999999997,0.22838427947598242,False,False,Ninguno
8,ALIM,Alimentos,2019-04-01,2019,4,22.97,17.69,5.279999999999998,0.22986504135829333,False,False,Ninguno
8,ALIM,Alimentos,2019-05-01,2019,5,22.87,17.65,5.220000000000002,0.22824661128115445,False,False,Ninguno
8,ALIM,Alimentos,2019-06-01,2019,6,22.88,17.68,5.199999999999999,0.22727272727272727,False,False,Ninguno
8,ALIM,Alimentos,2019-07-01,2019,7,24.73,17.66,7.07,0.28588758592802266,False,True,Julio
8,ALIM,Alimentos,2019-08-01,2019,8,24.72,18.01,6.709999999999997,0.2714401294498381,True,False,Esporádico
8,ALIM,Alimentos,2019-09-01,2019,9,24.74,17.99,6.75,0.272837510105093,False,False,Ninguno
8,ALIM,Alimentos,2019-10-01,2019,10,24.66,18.04,6.620000000000001,0.26845093268450937,False,False,Ninguno
8,ALIM,Alimentos,2019-11-01,2019,11,24.63,17.99,6.640000000000001,0.26958993097848155,False,False,Ninguno
8,ALIM,Alimentos,2019-12-01,2019,12,24.72,18.03,6.689999999999998,0.270631067961165,False,False,Ninguno
8,ALIM,Alimentos,2020-01-01,2020,1,24.66,18.02,6.640000000000001,0.26926196269261965,False,False,Ninguno
8,ALIM,Alimentos,2020-02-01,2020,2,25.92,18.43,7.490000000000002,0.2889660493827161,True,True,Febrero
8,ALIM,Alimentos,2020-03-01,2020,3,25.96,18.41,7.550000000000001,0.2908320493066256,False,False,Ninguno
8,ALIM,Alimentos,2020-04-01,2020,4,26.01,18.39,7.620000000000001,0.29296424452133796,False,False,Ninguno
8,ALIM,Alimentos,2020-05-01,2020,5,26.05,18.41,7.640000000000001,0.29328214971209216,False,False,Ninguno
8,ALIM,Alimentos,2020-06-01,2020,6,25.91,18.37,7.539999999999999,0.2910073330760324,False,False,Esporádico
8,ALIM,Alimentos,2020-07-01,2020,7,25.92,19.3,6.620000000000001,0.25540123456790126,True,True,Julio
8,ALIM,Alimentos,2020-08-01,2020,8,25.93,19.36,6.57,0.2533744697261859,False,False,Ninguno
8,ALIM,Alimentos,2020-09-01,2020,9,25.94,19.31,6.630000000000003,0.25558982266769475,False,False,Ninguno
8,ALIM,Alimentos,2020-10-01,2020,10,25.91,19.32,6.59,0.25434195291393286,False,False,Ninguno
8,ALIM,Alimentos,2020-11-01,2020,11,25.91,19.33,6.580000000000002,0.25395600154380554,False,False,Ninguno
8,ALIM,Alimentos,2020-12-01,2020,12,25.94,19.35,6.59,0.25404780262143406,False,False,Ninguno
8,ALIM,Alimentos,2021-01-01,2021,1,26.04,19.33,6.710000000000001,0.25768049155145933,False,False,Ninguno
8,ALIM,Alimentos,2021-02-01,2021,2,27.59,21.04,6.550000000000001,0.2374048568321856,True,True,Febrero
8,ALIM,Alimentos,2021-03-01,2021,3,27.7,21.07,6.629999999999999,0.23935018050541512,False,False,Ninguno
8,ALIM,Alimentos,2021-04-01,2021,4,27.62,21.07,6.550000000000001,0.23714699493120928,False,False,Ninguno
8,ALIM,Alimentos,2021-05-01,2021,5,27.61,21.07,6.539999999999999,0.23687069902209343,False,False,Ninguno
8,ALIM,Alimentos,2021-06-01,2021,6,27.63,21.02,6.609999999999999,0.23923271806007962,False,False,Ninguno
8,ALIM,Alimentos,2021-07-01,2021,7,29.34,21.79,7.550000000000001,0.25732788002726653,True,True,Julio
8,ALIM,Alimentos,2021-08-01,2021,8,30.94,22.24,8.700000000000003,0.2811893988364577,True,True,Esporádico
8,ALIM,Alimentos,2021-09-01,2021,9,30.99,22.28,8.709999999999997,0.2810584059373991,False,False,Ninguno
8,ALIM,Alimentos,2021-10-01,2021,10,30.89,22.23,8.66,0.2803496277112334,False,False,Ninguno
8,ALIM,Alimentos,2021-11-01,2021,11,31.0,22.22,8.780000000000001,0.28322580645161294,False,False,Ninguno
8,ALIM,Alimentos,2021-12-01,2021,12,32.83,23.44,9.389999999999997,0.2860188851660066,True,True,Esporádico
8,ALIM,Alimentos,2022-01-01,2022,1,32.86,23.4,9.46,0.28788800973828366,False,False,Ninguno
8,ALIM,Alimentos,2022-02-01,2022,2,36.66,23.92,12.739999999999995,0.3475177304964538,True,True,Febrero
8,ALIM,Alimentos,2022-03-01,2022,3,36.71,23.88,12.830000000000002,0.34949605012258245,False,False,Ninguno
8,ALIM,Alimentos,2022-04-01,2022,4,36.67,23.89,12.780000000000001,0.3485137714753204,False,False,Ninguno
8,ALIM,Alimentos,2022-05-01,2022,5,36.77,23.94,12.830000000000002,0.3489257546913245,False,False,Ninguno
8,ALIM,Alimentos,2022-06-01,2022,6,36.74,23.88,12.860000000000003,0.3500272182906914,False,False,Esporádico
8,ALIM,Alimentos,2022-07-01,2022,7,36.78,23.9,12.880000000000003,0.3501903208265362,False,False,Julio
8,ALIM,Alimentos,2022-08-01,2022,8,36.85,23.9,12.950000000000003,0.35142469470827686,False,False,Ninguno
8,ALIM,Alimentos,2022-09-01,2022,9,36.87,23.9,12.969999999999999,0.3517765120694331,False,False,Ninguno
8,ALIM,Alimentos,2022-10-01,2022,10,36.69,23.94,12.749999999999996,0.347506132461161,False,False,Ninguno
8,ALIM,Alimentos,2022-11-01,2022,11,36.67,23.94,12.73,0.3471502590673575,False,False,Ninguno
8,ALIM,Alimentos,2022-12-01,2022,12,36.73,23.93,12.799999999999997,0.3484889735910699,False,False,Ninguno
8,ALIM,Alimentos,2023-01-01,2023,1,36.84,23.94,12.900000000000002,0.35016286644951145,False,False,Ninguno
8,ALIM,Alimentos,2023-02-01,2023,2,37.25,26.4,10.850000000000001,0.29127516778523493,True,True,Febrero
8,ALIM,Alimentos,2023-03-01,2023,3,37.31,26.41,10.900000000000002,0.2921468775127312,False,False,Ninguno
8,ALIM,Alimentos,2023-04-01,2023,4,37.38,26.43,10.950000000000003,0.29293739967897275,False,False,Ninguno
8,ALIM,Alimentos,2023-05-01,2023,5,37.34,26.46,10.880000000000003,0.2913765399035887,False,False,Ninguno
8,ALIM,Alimentos,2023-06-01,2023,6,37.35,26.41,10.940000000000001,0.292904953145917,False,False,Ninguno
8,ALIM,Alimentos,2023-07-01,2023,7,39.13,28.13,11.000000000000004,0.28111423460260676,True,True,Julio
8,ALIM,Alimentos,2023-08-01,2023,8,39.18,28.1,11.079999999999998,0.28279734558448183,False,False,Ninguno
8,ALIM,Alimentos,2023-09-01,2023,9,39.18,28.06,11.120000000000001,0.28381827462991327,False,False,Ninguno
8,ALIM,Alimentos,2023-10-01,2023,10,39.32,28.62,10.7,0.2721261444557477,True,False,Esporádico
8,ALIM,Alimentos,2023-11-01,2023,11,39.32,28.66,10.66,0.2711088504577823,False,False,Ninguno
8,ALIM,Alimentos,2023-12-01,2023,12,39.16,28.65,10.509999999999998,0.2683861082737487,False,False,Ninguno
8,ALIM,Alimentos,2024-01-01,2024,1,39.19,28.66,10.529999999999998,0.26869099260015306,False,False,Ninguno
8,ALIM,Alimentos,2024-02-01,2024,2,39.24,29.2,10.040000000000003,0.25586136595310915,True,False,Febrero
8,ALIM,Alimentos,2024-03-01,2024,3,39.13,29.25,9.880000000000003,0.2524916943521595,False,False,Ninguno
8,ALIM,Alimentos,2024-04-01,2024,4,38.83,29.27,9.559999999999999,0.24620139067731134,False,True,Esporádico
8,ALIM,Alimentos,2024-05-01,2024,5,38.96,29.18,9.780000000000001,0.2510266940451746,False,False,Ninguno
8,ALIM,Alimentos,2024-06-01,2024,6,38.89,29.18,9.71,0.24967858061198253,False,False,Ninguno
8,ALIM,Alimentos,2024-07-01,2024,7,38.76,32.62,6.140000000000001,0.1584107327141383,True,False,Julio
8,ALIM,Alimentos,2024-08-01,2024,8,38.8,32.61,6.189999999999998,0.15953608247422676,False,False,Ninguno
8,ALIM,Alimentos,2024-09-01,2024,9,38.89,32.61,6.280000000000001,0.1614811005399846,False,False,Ninguno
8,ALIM,Alimentos,2024-10-01,2024,10,38.85,32.6,6.25,0.16087516087516088,False,False,Ninguno
8,ALIM,Alimentos,2024-11-01,2024,11,38.92,32.72,6.200000000000003,0.15930113052415218,False,False,Esporádico
8,ALIM,Alimentos,2024-12-01,2024,12,38.8,32.67,6.1299999999999955,0.15798969072164937,False,False,Ninguno
8,ALIM,Alimentos,2025-01-01,2025,1,40.41,32.66,7.75,0.19178421182875527,False,True,Esporádico
8,ALIM,Alimentos,2025-02-01,2025,2,42.16,33.27,8.889999999999993,0.21086337760910803,True,True,Febrero
8,ALIM,Alimentos,2025-03-01,2025,3,42.27,33.3,8.970000000000006,0.2122072391767212,False,False,Ninguno
8,ALIM,Alimentos,2025-04-01,2025,4,42.26,33.34,8.919999999999995,0.21107430194036902,False,False,Esporádico
8,ALIM,Alimentos,2025-05-01,2025,5,42.17,33.25,8.920000000000002,0.21152478064975103,False,False,Ninguno
8,ALIM,Alimentos,2025-06-01,2025,6,42.07,33.31,8.759999999999998,0.20822438792488704,False,False,Ninguno
8,ALIM,Alimentos,2025-07-01,2025,7,42.26,33.28,8.979999999999997,0.2124940842404164,False,False,Julio
8,ALIM,Alimentos,2025-08-01,2025,8,42.2,33.26,8.940000000000005,0.2118483412322276,False,False,Ninguno
8,ALIM,Alimentos,2025-09-01,2025,9,42.07,33.27,8.799999999999997,0.2091751842167815,False,False,Ninguno
8,ALIM,Alimentos,2025-10-01,2025,10,42.53,33.38,9.149999999999999,0.21514225252762753,False,True,Esporádico
8,ALIM,Alimentos,2025-11-01,2025,11,45.36,33.31,12.049999999999997,0.26565255731922394,False,True,Esporádico
9,MUEB,Muebles,2018-07-01,2018,7,550.79,347.34,203.45,0.3693785290219503,False,False,Ninguno
9,MUEB,Muebles,2018-08-01,2018,8,550.96,346.84,204.12000000000006,0.37048061565267904,False,False,Esporádico
9,MUEB,Muebles,2018-09-01,2018,9,552.91,346.61,206.29999999999995,0.3731167821164384,False,False,Ninguno
9,MUEB,Muebles,2018-10-01,2018,10,551.71,346.82,204.89000000000004,0.37137264142393656,False,False,Ninguno
9,MUEB,Muebles,2018-11-01,2018,11,551.99,346.71,205.28000000000003,0.3718907951231001,False,False,Ninguno
9,MUEB,Muebles,2018-12-01,2018,12,553.42,347.25,206.16999999999996,0.3725380362111958,False,False,Ninguno
9,MUEB,Muebles,2019-01-01,2019,1,553.07,347.49,205.58000000000004,0.37170701719493016,False,False,Ninguno
9,MUEB,Muebles,2019-02-01,2019,2,574.97,353.45,221.52000000000004,0.3852722750752214,True,True,Febrero
9,MUEB,Muebles,2019-03-01,2019,3,575.18,353.14,222.03999999999996,0.38603567578844883,False,False,Ninguno
9,MUEB,Muebles,2019-04-01,2019,4,574.27,353.74,220.52999999999997,0.38401797064098764,False,False,Ninguno
9,MUEB,Muebles,2019-05-01,2019,5,575.15,354.02,221.13,0.38447361557854476,False,False,Ninguno
9,MUEB,Muebles,2019-06-01,2019,6,574.19,353.99,220.20000000000005,0.38349675194621996,False,False,Ninguno
9,MUEB,Muebles,2019-07-01,2019,7,595.03,339.64,255.39,0.42920525015545435,True,True,Julio
9,MUEB,Muebles,2019-08-01,2019,8,594.83,340.13,254.70000000000005,0.4281895667669755,False,False,Ninguno
9,MUEB,Muebles,2019-09-01,2019,9,592.71,339.49,253.22000000000003,0.4272241062239544,False,False,Esporádico
9,MUEB,Muebles,2019-10-01,2019,10,592.66,340.41,252.24999999999994,0.4256234603313872,False,False,Ninguno
9,MUEB,Muebles,2019-11-01,2019,11,592.45,339.53,252.92000000000007,0.42690522406954184,False,False,Ninguno
9,MUEB,Muebles,2019-12-01,2019,12,595.03,340.73,254.29999999999995,0.4273734097440465,False,False,Ninguno
9,MUEB,Muebles,2020-01-01,2020,1,593.46,339.91,253.55,0.4272402520810164,False,False,Ninguno
9,MUEB,Muebles,2020-02-01,2020,2,606.03,340.49,265.53999999999996,0.4381631272379255,False,True,Febrero
9,MUEB,Muebles,2020-03-01,2020,3,604.26,339.69,264.57,0.43784132658127295,False,False,Ninguno
9,MUEB,Muebles,2020-04-01,2020,4,606.03,339.57,266.46,0.43968120390079696,False,False,Ninguno
9,MUEB,Muebles,2020-05-01,2020,5,604.59,340.47,264.12,0.4368580360244132,False,False,Ninguno
9,MUEB,Muebles,2020-06-01,2020,6,597.32,339.55,257.77000000000004,0.43154423089801114,False,True,Esporádico
9,MUEB,Muebles,2020-07-01,2020,7,624.05,346.75,277.29999999999995,0.4443554202387629,True,True,Julio
9,MUEB,Muebles,2020-08-01,2020,8,625.58,346.39,279.19000000000005,0.44628984302567226,False,False,Ninguno
9,MUEB,Muebles,2020-09-01,2020,9,625.69,347.3,278.39000000000004,0.44493279419520854,False,False,Ninguno
9,MUEB,Muebles,2020-10-01,2020,10,623.43,346.96,276.46999999999997,0.44346598655823427,False,False,Ninguno
9,MUEB,Muebles,2020-11-01,2020,11,630.75,372.92,257.83,0.40876734046769714,True,True,Esporádico
9,MUEB,Muebles,2020-12-01,2020,12,631.31,372.33,258.97999999999996,0.4102263547227194,False,False,Ninguno
9,MUEB,Muebles,2021-01-01,2021,1,665.87,372.44,293.43,0.44067160256506527,False,True,Esporádico
9,MUEB,Muebles,2021-02-01,2021,2,666.85,379.23,287.62,0.4313113893679238,True,False,Febrero
9,MUEB,Muebles,2021-03-01,2021,3,667.12,379.54,287.58,0.43107686772994364,False,False,Ninguno
9,MUEB,Muebles,2021-04-01,2021,4,669.14,379.82,289.32,0.4323758854649251,False,False,Ninguno
9,MUEB,Muebles,2021-05-01,2021,5,665.85,379.25,286.6,0.4304272734099272,False,False,Ninguno
9,MUEB,Muebles,2021-06-01,2021,6,668.91,379.19,289.71999999999997,0.4331225426440029,False,False,Ninguno
9,MUEB,Muebles,2021-07-01,2021,7,666.5,379.87,286.63,0.4300525131282821,False,False,Julio
9,MUEB,Muebles,2021-08-01,2021,8,668.81,380.13,288.67999999999995,0.4316323021485922,False,False,Ninguno
9,MUEB,Muebles,2021-09-01,2021,9,669.04,380.17,288.86999999999995,0.4317679062537366,False,False,Ninguno
9,MUEB,Muebles,2021-10-01,2021,10,668.38,379.27,289.11,0.43255333792154166,False,False,Ninguno
9,MUEB,Muebles,2021-11-01,2021,11,668.73,379.59,289.14000000000004,0.43237180925037016,False,False,Ninguno
9,MUEB,Muebles,2021-12-01,2021,12,702.15,380.07,322.08,0.4587054048280282,False,True,Esporádico
9,MUEB,Muebles,2022-01-01,2022,1,729.26,377.07,352.19,0.4829416120450868,True,True,Esporádico
9,MUEB,Muebles,2022-02-01,2022,2,716.45,349.94,366.51000000000005,0.5115639611975714,True,True,Febrero
9,MUEB,Muebles,2022-03-01,2022,3,714.25,350.9,363.35,0.5087154357717886,False,False,Ninguno
9,MUEB,Muebles,2022-04-01,2022,4,716.94,350.47,366.47,0.5111585348843697,False,False,Ninguno
9,MUEB,Muebles,2022-05-01,2022,5,715.66,350.78,364.88,0.5098510465863678,False,False,Ninguno
9,MUEB,Muebles,2022-06-01,2022,6,715.51,350.58,364.93,0.510027812329667,False,False,Ninguno
9,MUEB,Muebles,2022-07-01,2022,7,716.29,350.75,365.53999999999996,0.5103240307696603,True,False,Julio
9,MUEB,Muebles,2022-08-01,2022,8,716.06,351.19,364.86999999999995,0.5095522721559645,False,False,Ninguno
9,MUEB,Muebles,2022-09-01,2022,9,714.02,351.03,362.99,0.508375115542982,False,False,Ninguno
9,MUEB,Muebles,2022-10-01,2022,10,713.37,350.61,362.76,0.5085159174061146,False,False,Ninguno
9,MUEB,Muebles,2022-11-01,2022,11,716.45,350.31,366.14000000000004,0.5110475259962315,False,False,Ninguno
9,MUEB,Muebles,2022-12-01,2022,12,713.76,351.35,362.40999999999997,0.5077477023088993,False,False,Ninguno
9,MUEB,Muebles,2023-01-01,2023,1,716.77,350.52,366.25,0.5109728364747409,False,False,Esporádico
9,MUEB,Muebles,2023-02-01,2023,2,791.83,357.84,433.99000000000007,0.5480848161852924,True,True,Febrero
9,MUEB,Muebles,2023-03-01,2023,3,794.66,357.47,437.18999999999994,0.5501598167769863,False,False,Ninguno
9,MUEB,Muebles,2023-04-01,2023,4,790.96,357.75,433.21000000000004,0.5477015272580156,False,False,Ninguno
9,MUEB,Muebles,2023-05-01,2023,5,791.1,358.05,433.05,0.5474023511566174,False,False,Ninguno
9,MUEB,Muebles,2023-06-01,2023,6,791.9,358.03,433.87,0.5478848339436798,False,False,Ninguno
9,MUEB,Muebles,2023-07-01,2023,7,873.0,357.49,515.51,0.590504009163803,False,True,Julio
9,MUEB,Muebles,2023-08-01,2023,8,872.89,357.17,515.72,0.590819003539965,False,False,Ninguno
9,MUEB,Muebles,2023-09-01,2023,9,892.63,384.42,508.21,0.569340040106203,True,True,Esporádico
9,MUEB,Muebles,2023-10-01,2023,10,891.94,385.09,506.8500000000001,0.5682557122676414,False,False,Ninguno
9,MUEB,Muebles,2023-11-01,2023,11,890.97,384.33,506.64000000000004,0.568638674702852,False,False,Ninguno
9,MUEB,Muebles,2023-12-01,2023,12,931.26,392.0,539.26,0.5790649227927753,True,True,Esporádico
9,MUEB,Muebles,2024-01-01,2024,1,930.11,391.59,538.52,0.5789852813108126,False,False,Ninguno
9,MUEB,Muebles,2024-02-01,2024,2,1010.98,409.19,601.79,0.595254109873588,True,True,Febrero
9,MUEB,Muebles,2024-03-01,2024,3,1010.86,410.0,600.86,0.5944047642601349,False,False,Ninguno
9,MUEB,Muebles,2024-04-01,2024,4,1009.1,424.83,584.27,0.5790010900802696,True,False,Esporádico
9,MUEB,Muebles,2024-05-01,2024,5,1010.49,424.87,585.62,0.5795406189076586,False,False,Ninguno
9,MUEB,Muebles,2024-06-01,2024,6,1007.82,423.6,584.22,0.5796868488420551,False,False,Ninguno
9,MUEB,Muebles,2024-07-01,2024,7,1075.93,433.3,642.6300000000001,0.5972786333683419,True,True,Julio
9,MUEB,Muebles,2024-08-01,2024,8,1073.55,432.7,640.8499999999999,0.5969447161287317,False,False,Esporádico
9,MUEB,Muebles,2024-09-01,2024,9,1075.4,432.51,642.8900000000001,0.597814766598475,False,False,Ninguno
9,MUEB,Muebles,2024-10-01,2024,10,1074.02,432.09,641.9300000000001,0.5976890560697194,False,False,Ninguno
9,MUEB,Muebles,2024-11-01,2024,11,1077.34,432.97,644.3699999999999,0.5981120166335604,False,False,Ninguno
9,MUEB,Muebles,2024-12-01,2024,12,1078.62,433.67,644.9499999999998,0.5979399603196676,False,False,Ninguno
9,MUEB,Muebles,2025-01-01,2025,1,1075.31,433.05,642.26,0.5972789242172025,False,False,Ninguno
9,MUEB,Muebles,2025-02-01,2025,2,1046.06,463.53,582.53,0.5568801024797813,True,True,Febrero
9,MUEB,Muebles,2025-03-01,2025,3,1044.38,463.48,580.9000000000001,0.5562151707233,False,False,Ninguno
9,MUEB,Muebles,2025-04-01,2025,4,1041.95,463.86,578.09,0.5548154901866692,False,False,Ninguno
9,MUEB,Muebles,2025-05-01,2025,5,1032.15,472.07,560.0800000000002,0.5426343070290172,True,True,Esporádico
9,MUEB,Muebles,2025-06-01,2025,6,1030.21,472.54,557.6700000000001,0.5413168189010008,False,False,Ninguno
9,MUEB,Muebles,2025-07-01,2025,7,1029.66,481.97,547.69,0.531913447157314,True,False,Julio
9,MUEB,Muebles,2025-08-01,2025,8,1032.21,483.15,549.0600000000001,0.531926642834307,False,False,Esporádico
9,MUEB,Muebles,2025-09-01,2025,9,1054.35,492.05,562.3,0.5333143643002798,True,True,Esporádico
9,MUEB,Muebles,2025-10-01,2025,10,1058.12,491.26,566.8599999999999,0.5357237364382111,False,False,Ninguno
9,MUEB,Muebles,2025-11-01,2025,11,1056.28,492.07,564.21,0.5341481425379635,False,False,Ninguno
10,ELEC,Electrónica,2018-07-01,2018,7,329.61,259.03,70.58000000000004,0.2141318527957284,False,False,Ninguno
10,ELEC,Electrónica,2018-08-01,2018,8,329.89,259.01,70.88,0.21485949862075238,False,False,Ninguno
10,ELEC,Electrónica,2018-09-01,2018,9,330.3,259.55,70.75,0.214199212836815,False,False,Ninguno
10,ELEC,Electrónica,2018-10-01,2018,10,328.52,258.94,69.57999999999998,0.21179836844027758,False,False,Ninguno
10,ELEC,Electrónica,2018-11-01,2018,11,328.93,259.16,69.76999999999998,0.21211199951357426,False,False,Ninguno
10,ELEC,Electrónica,2018-12-01,2018,12,330.2,259.12,71.07999999999998,0.21526347668079948,False,False,Ninguno
10,ELEC,Electrónica,2019-01-01,2019,1,328.95,259.13,69.82,0.21225110199118405,False,False,Ninguno
10,ELEC,Electrónica,2019-02-01,2019,2,366.32,259.33,106.99000000000001,0.292067045206377,False,True,Febrero
10,ELEC,Electrónica,2019-03-01,2019,3,365.68,258.93,106.75,0.2919218989280245,False,False,Ninguno
10,ELEC,Electrónica,2019-04-01,2019,4,360.71,253.06,107.64999999999998,0.2984391893765074,True,True,Esporádico
10,ELEC,Electrónica,2019-05-01,2019,5,361.3,252.68,108.62,0.30063659009133686,False,False,Esporádico
10,ELEC,Electrónica,2019-06-01,2019,6,362.36,252.5,109.86000000000001,0.3031791588475549,False,False,Ninguno
10,ELEC,Electrónica,2019-07-01,2019,7,397.97,257.76,140.21000000000004,0.35231298841621234,True,True,Julio
10,ELEC,Electrónica,2019-08-01,2019,8,396.73,257.24,139.49,0.35159932447760445,False,False,Ninguno
10,ELEC,Electrónica,2019-09-01,2019,9,397.48,257.46,140.02000000000004,0.3522692965683809,False,False,Ninguno
10,ELEC,Electrónica,2019-10-01,2019,10,396.35,258.2,138.15000000000003,0.34855556957234773,False,False,Ninguno
10,ELEC,Electrónica,2019-11-01,2019,11,396.21,257.86,138.34999999999997,0.3491835137931904,False,False,Ninguno
10,ELEC,Electrónica,2019-12-01,2019,12,396.84,257.77,139.07,0.3504435036790646,False,False,Ninguno
10,ELEC,Electrónica,2020-01-01,2020,1,397.19,258.19,139.0,0.34995845816863463,False,False,Ninguno
10,ELEC,Electrónica,2020-02-01,2020,2,403.58,257.31,146.26999999999998,0.362431240398434,False,True,Febrero
10,ELEC,Electrónica,2020-03-01,2020,3,403.83,257.42,146.40999999999997,0.362553549761038,False,False,Ninguno
10,ELEC,Electrónica,2020-04-01,2020,4,403.5,270.41,133.08999999999997,0.3298389095415117,True,False,Esporádico
10,ELEC,Electrónica,2020-05-01,2020,5,404.97,270.78,134.19000000000005,0.3313578783613602,False,False,Ninguno
10,ELEC,Electrónica,2020-06-01,2020,6,404.93,269.92,135.01,0.33341565208801516,False,False,Ninguno
10,ELEC,Electrónica,2020-07-01,2020,7,419.75,269.94,149.81,0.3569029184038118,False,True,Julio
10,ELEC,Electrónica,2020-08-01,2020,8,419.02,270.37,148.64999999999998,0.35475633621306857,False,False,Ninguno
10,ELEC,Electrónica,2020-09-01,2020,9,420.74,270.87,149.87,0.35620573275657175,False,False,Ninguno
10,ELEC,Electrónica,2020-10-01,2020,10,419.76,270.57,149.19,0.3554173813607776,False,False,Ninguno
10,ELEC,Electrónica,2020-11-01,2020,11,420.24,270.29,149.95,0.35681991243099176,False,False,Ninguno
10,ELEC,Electrónica,2020-12-01,2020,12,418.75,270.44,148.31,0.35417313432835823,False,False,Ninguno
10,ELEC,Electrónica,2021-01-01,2021,1,420.63,270.4,150.23000000000002,0.3571547440743647,False,False,Ninguno
10,ELEC,Electrónica,2021-02-01,2021,2,440.17,269.9,170.27000000000004,0.3868278165254334,False,True,Febrero
10,ELEC,Electrónica,2021-03-01,2021,3,438.78,270.07,168.70999999999998,0.38449792606773325,False,False,Ninguno
10,ELEC,Electrónica,2021-04-01,2021,4,438.97,270.03,168.94000000000005,0.38485545709273994,False,False,Ninguno
10,ELEC,Electrónica,2021-05-01,2021,5,439.47,270.67,168.8,0.3840990283750882,False,False,Ninguno
10,ELEC,Electrónica,2021-06-01,2021,6,440.42,270.07,170.35000000000002,0.3867898823849962,False,False,Ninguno
10,ELEC,Electrónica,2021-07-01,2021,7,439.29,294.21,145.08000000000004,0.33026019258348704,True,False,Julio
10,ELEC,Electrónica,2021-08-01,2021,8,440.14,295.09,145.05,0.32955423274412693,False,False,Ninguno
10,ELEC,Electrónica,2021-09-01,2021,9,438.27,293.96,144.31,0.3292719100098113,False,False,Ninguno
10,ELEC,Electrónica,2021-10-01,2021,10,440.5,294.47,146.02999999999997,0.3315096481271282,False,False,Ninguno
10,ELEC,Electrónica,2021-11-01,2021,11,439.41,294.56,144.85000000000002,0.3296465715391093,False,False,Ninguno
10,ELEC,Electrónica,2021-12-01,2021,12,439.83,294.05,145.77999999999997,0.3314462405929563,False,False,Ninguno
10,ELEC,Electrónica,2022-01-01,2022,1,439.1,294.9,144.20000000000005,0.3283989979503531,False,False,Ninguno
10,ELEC,Electrónica,2022-02-01,2022,2,435.48,329.31,106.17000000000002,0.24379994488839904,True,True,Febrero
10,ELEC,Electrónica,2022-03-01,2022,3,436.24,329.67,106.57,0.24429213277095174,False,False,Ninguno
10,ELEC,Electrónica,2022-04-01,2022,4,436.82,329.46,107.36000000000001,0.2457762922943089,False,False,Ninguno
10,ELEC,Electrónica,2022-05-01,2022,5,437.12,329.15,107.97000000000003,0.24700311127379215,False,False,Ninguno
10,ELEC,Electrónica,2022-06-01,2022,6,435.14,329.33,105.81,0.24316311991542952,False,False,Ninguno
10,ELEC,Electrónica,2022-07-01,2022,7,442.33,348.98,93.34999999999997,0.21104153007935245,True,True,Julio
10,ELEC,Electrónica,2022-08-01,2022,8,442.54,348.18,94.36000000000001,0.213223663397659,False,False,Ninguno
10,ELEC,Electrónica,2022-09-01,2022,9,440.47,347.99,92.48000000000002,0.209957545349286,False,False,Ninguno
10,ELEC,Electrónica,2022-10-01,2022,10,442.3,348.05,94.25,0.2130906624463034,False,False,Ninguno
10,ELEC,Electrónica,2022-11-01,2022,11,461.73,348.0,113.73000000000002,0.2463127801962186,False,True,Esporádico
10,ELEC,Electrónica,2022-12-01,2022,12,460.74,348.65,112.09000000000003,0.2432825454703304,False,False,Ninguno
10,ELEC,Electrónica,2023-01-01,2023,1,463.19,371.12,92.07,0.19877372136704158,True,False,Esporádico
10,ELEC,Electrónica,2023-02-01,2023,2,504.47,381.88,122.59000000000003,0.24300751283525288,True,True,Febrero
10,ELEC,Electrónica,2023-03-01,2023,3,505.26,382.26,123.0,0.24343902149388433,False,False,Ninguno
10,ELEC,Electrónica,2023-04-01,2023,4,504.0,381.16,122.83999999999997,0.24373015873015869,False,False,Ninguno
10,ELEC,Electrónica,2023-05-01,2023,5,505.56,381.77,123.79000000000002,0.24485718806867635,False,False,Ninguno
10,ELEC,Electrónica,2023-06-01,2023,6,506.66,382.01,124.65000000000003,0.2460229739864999,False,False,Esporádico
10,ELEC,Electrónica,2023-07-01,2023,7,506.57,388.82,117.75,0.23244566397536373,True,False,Julio
10,ELEC,Electrónica,2023-08-01,2023,8,505.6,389.81,115.79000000000002,0.22901503164556966,False,False,Ninguno
10,ELEC,Electrónica,2023-09-01,2023,9,504.92,389.64,115.28000000000003,0.22831339618157337,False,False,Ninguno
10,ELEC,Electrónica,2023-10-01,2023,10,506.46,389.27,117.19,0.23139043557240455,False,False,Ninguno
10,ELEC,Electrónica,2023-11-01,2023,11,505.05,389.25,115.80000000000001,0.2292842292842293,False,False,Ninguno
10,ELEC,Electrónica,2023-12-01,2023,12,506.48,389.3,117.18,0.23136155425683147,False,False,Ninguno
10,ELEC,Electrónica,2024-01-01,2024,1,504.49,389.05,115.44,0.2288251501516383,False,False,Ninguno
10,ELEC,Electrónica,2024-02-01,2024,2,487.85,424.03,63.82000000000005,0.1308188992518193,True,True,Febrero
10,ELEC,Electrónica,2024-03-01,2024,3,488.76,424.21,64.55000000000001,0.13206890907602917,False,False,Ninguno
10,ELEC,Electrónica,2024-04-01,2024,4,489.35,424.89,64.46000000000004,0.13172575865944627,False,False,Ninguno
10,ELEC,Electrónica,2024-05-01,2024,5,488.47,424.68,63.79000000000002,0.13059143857350505,False,False,Ninguno
10,ELEC,Electrónica,2024-06-01,2024,6,488.82,425.05,63.76999999999998,0.1304570189435784,False,False,Ninguno
10,ELEC,Electrónica,2024-07-01,2024,7,537.98,424.7,113.28000000000003,0.21056544852968517,False,True,Julio
10,ELEC,Electrónica,2024-08-01,2024,8,538.62,424.77,113.85000000000002,0.21137351008131897,False,False,Ninguno
10,ELEC,Electrónica,2024-09-01,2024,9,537.79,424.79,112.99999999999994,0.21011919150597808,False,False,Ninguno
10,ELEC,Electrónica,2024-10-01,2024,10,540.34,423.92,116.42000000000002,0.21545693452270795,False,False,Ninguno
10,ELEC,Electrónica,2024-11-01,2024,11,540.27,424.01,116.25999999999999,0.21518870194532363,False,False,Ninguno
10,ELEC,Electrónica,2024-12-01,2024,12,539.65,424.1,115.54999999999995,0.21412026313351237,False,False,Ninguno
10,ELEC,Electrónica,2025-01-01,2025,1,539.23,424.8,114.43,0.2122100031526436,False,False,Ninguno
10,ELEC,Electrónica,2025-02-01,2025,2,513.53,432.62,80.90999999999997,0.15755652055381375,True,True,Febrero
10,ELEC,Electrónica,2025-03-01,2025,3,514.2,433.72,80.48000000000002,0.15651497471800857,False,False,Ninguno
10,ELEC,Electrónica,2025-04-01,2025,4,513.94,433.42,80.52000000000004,0.15667198505662144,False,False,Ninguno
10,ELEC,Electrónica,2025-05-01,2025,5,512.32,433.25,79.07000000000005,0.15433713304184893,False,False,Ninguno
10,ELEC,Electrónica,2025-06-01,2025,6,513.58,433.66,79.92000000000002,0.15561353635266173,False,False,Ninguno
10,ELEC,Electrónica,2025-07-01,2025,7,528.14,442.76,85.38,0.16166168061498845,True,True,Julio
10,ELEC,Electrónica,2025-08-01,2025,8,526.61,442.92,83.69,0.15892216251115626,False,False,Ninguno
10,ELEC,Electrónica,2025-09-01,2025,9,525.76,443.68,82.07999999999998,0.1561168594035301,False,False,Ninguno
10,ELEC,Electrónica,2025-10-01,2025,10,525.54,442.7,82.83999999999997,0.15762834417932028,False,False,Ninguno
10,ELEC,Electrónica,2025-11-01,2025,11,528.31,443.26,85.04999999999995,0.16098502772993123,False,False,Ninguno
11,ALIM,Alimentos,2018-07-01,2018,7,10.61,8.07,2.539999999999999,0.239396795475966,False,False,Ninguno
11,ALIM,Alimentos,2018-08-01,2018,8,10.61,8.09,2.5199999999999996,0.23751178133836,False,False,Ninguno
11,ALIM,Alimentos,2018-09-01,2018,9,10.62,8.07,2.549999999999999,0.2401129943502824,False,False,Esporádico
11,ALIM,Alimentos,2018-10-01,2018,10,10.57,8.09,2.4800000000000004,0.23462630085146643,False,False,Ninguno
11,ALIM,Alimentos,2018-11-01,2018,11,10.57,8.09,2.4800000000000004,0.23462630085146643,False,False,Ninguno
11,ALIM,Alimentos,2018-12-01,2018,12,11.25,8.07,3.1799999999999997,0.2826666666666666,False,True,Esporádico
11,ALIM,Alimentos,2019-01-01,2019,1,11.21,8.08,3.130000000000001,0.27921498661909017,False,False,Ninguno
11,ALIM,Alimentos,2019-02-01,2019,2,11.76,8.24,3.5199999999999996,0.2993197278911564,True,True,Febrero
11,ALIM,Alimentos,2019-03-01,2019,3,11.74,8.24,3.5,0.2981260647359455,False,False,Ninguno
11,ALIM,Alimentos,2019-04-01,2019,4,12.37,8.23,4.139999999999999,0.3346806790622473,False,True,Esporádico
11,ALIM,Alimentos,2019-05-01,2019,5,12.35,8.25,4.1,0.33198380566801616,False,False,Ninguno
11,ALIM,Alimentos,2019-06-01,2019,6,12.37,8.25,4.119999999999999,0.33306386418755046,False,False,Ninguno
11,ALIM,Alimentos,2019-07-01,2019,7,12.18,8.23,3.9499999999999993,0.32430213464696217,False,True,Julio
11,ALIM,Alimentos,2019-08-01,2019,8,12.17,8.25,3.92,0.32210353327855384,False,False,Ninguno
11,ALIM,Alimentos,2019-09-01,2019,9,12.24,8.25,3.99,0.32598039215686275,False,False,Ninguno
11,ALIM,Alimentos,2019-10-01,2019,10,12.2,8.25,3.9499999999999993,0.32377049180327866,False,False,Ninguno
11,ALIM,Alimentos,2019-11-01,2019,11,12.88,8.06,4.82,0.37422360248447206,True,True,Esporádico
11,ALIM,Alimentos,2019-12-01,2019,12,12.94,8.05,4.889999999999999,0.3778979907264296,False,False,Ninguno
11,ALIM,Alimentos,2020-01-01,2020,1,12.91,8.43,4.48,0.34701781564678547,True,False,Esporádico
11,ALIM,Alimentos,2020-02-01,2020,2,13.38,8.87,4.510000000000002,0.337070254110613,True,True,Febrero
11,ALIM,Alimentos,2020-03-01,2020,3,13.39,8.89,4.5,0.33607169529499625,False,False,Ninguno
11,ALIM,Alimentos,2020-04-01,2020,4,13.38,8.9,4.48,0.33482810164424515,False,False,Ninguno
11,ALIM,Alimentos,2020-05-01,2020,5,13.39,8.88,4.51,0.33681852128454065,False,False,Ninguno
11,ALIM,Alimentos,2020-06-01,2020,6,13.4,8.88,4.52,0.3373134328358209,False,False,Ninguno
11,ALIM,Alimentos,2020-07-01,2020,7,13.38,8.87,4.510000000000002,0.337070254110613,False,False,Julio
11,ALIM,Alimentos,2020-08-01,2020,8,13.37,8.87,4.5,0.3365744203440539,False,False,Ninguno
11,ALIM,Alimentos,2020-09-01,2020,9,13.39,8.88,4.51,0.33681852128454065,False,False,Ninguno
11,ALIM,Alimentos,2020-10-01,2020,10,13.39,8.9,4.49,0.33532486930545186,False,False,Ninguno
11,ALIM,Alimentos,2020-11-01,2020,11,13.38,8.89,4.49,0.33557548579970103,False,False,Ninguno
11,ALIM,Alimentos,2020-12-01,2020,12,13.35,8.89,4.459999999999999,0.33408239700374526,False,False,Ninguno
11,ALIM,Alimentos,2021-01-01,2021,1,13.35,9.06,4.289999999999999,0.3213483146067415,True,False,Esporádico
11,ALIM,Alimentos,2021-02-01,2021,2,15.52,9.23,6.289999999999999,0.4052835051546391,True,True,Febrero
11,ALIM,Alimentos,2021-03-01,2021,3,15.53,9.23,6.299999999999999,0.4056664520283322,False,False,Ninguno
11,ALIM,Alimentos,2021-04-01,2021,4,15.49,9.23,6.26,0.40413169786959324,False,False,Ninguno
11,ALIM,Alimentos,2021-05-01,2021,5,15.48,9.24,6.24,0.40310077519379844,False,False,Ninguno
11,ALIM,Alimentos,2021-06-01,2021,6,15.5,9.22,6.279999999999999,0.4051612903225806,False,False,Ninguno
11,ALIM,Alimentos,2021-07-01,2021,7,15.73,9.44,6.290000000000001,0.399872854418309,True,True,Julio
11,ALIM,Alimentos,2021-08-01,2021,8,15.7,9.43,6.27,0.39936305732484073,False,False,Ninguno
11,ALIM,Alimentos,2021-09-01,2021,9,15.71,9.44,6.270000000000001,0.3991088478676003,False,False,Ninguno
11,ALIM,Alimentos,2021-10-01,2021,10,15.73,9.41,6.32,0.4017800381436745,False,False,Ninguno
11,ALIM,Alimentos,2021-11-01,2021,11,15.71,9.41,6.300000000000001,0.40101845957988547,False,False,Esporádico
11,ALIM,Alimentos,2021-12-01,2021,12,15.76,9.43,6.33,0.4016497461928934,False,False,Ninguno
11,ALIM,Alimentos,2022-01-01,2022,1,15.74,9.42,6.32,0.40152477763659467,False,False,Ninguno
11,ALIM,Alimentos,2022-02-01,2022,2,15.84,9.81,6.029999999999999,0.3806818181818181,True,True,Febrero
11,ALIM,Alimentos,2022-03-01,2022,3,15.89,9.81,6.08,0.3826305852737571,False,False,Ninguno
11,ALIM,Alimentos,2022-04-01,2022,4,15.86,9.82,6.039999999999999,0.3808322824716267,False,False,Ninguno
11,ALIM,Alimentos,2022-05-01,2022,5,15.88,9.8,6.08,0.38287153652392947,False,False,Ninguno
11,ALIM,Alimentos,2022-06-01,2022,6,15.88,9.83,6.050000000000001,0.38098236775818645,False,False,Ninguno
11,ALIM,Alimentos,2022-07-01,2022,7,15.4,10.0,5.4,0.35064935064935066,True,True,Julio
11,ALIM,Alimentos,2022-08-01,2022,8,15.46,10.01,5.450000000000001,0.35252263906856407,False,False,Ninguno
11,ALIM,Alimentos,2022-09-01,2022,9,15.43,9.99,5.4399999999999995,0.3525599481529488,False,False,Ninguno
11,ALIM,Alimentos,2022-10-01,2022,10,15.44,10.21,5.229999999999999,0.33873056994818646,True,False,Esporádico
11,ALIM,Alimentos,2022-11-01,2022,11,15.4,10.23,5.17,0.3357142857142857,False,False,Ninguno
11,ALIM,Alimentos,2022-12-01,2022,12,15.43,10.21,5.219999999999999,0.3383020090732339,False,False,Ninguno
11,ALIM,Alimentos,2023-01-01,2023,1,15.46,10.24,5.220000000000001,0.33764553686934023,False,False,Ninguno
11,ALIM,Alimentos,2023-02-01,2023,2,16.66,10.69,5.970000000000001,0.358343337334934,True,True,Febrero
11,ALIM,Alimentos,2023-03-01,2023,3,16.67,11.33,5.340000000000002,0.32033593281343736,True,False,Esporádico
11,ALIM,Alimentos,2023-04-01,2023,4,16.69,11.3,5.390000000000001,0.32294787297783106,False,False,Ninguno
11,ALIM,Alimentos,2023-05-01,2023,5,16.65,11.3,5.349999999999998,0.32132132132132124,False,False,Esporádico
11,ALIM,Alimentos,2023-06-01,2023,6,16.6,11.3,5.300000000000001,0.31927710843373497,False,False,Ninguno
11,ALIM,Alimentos,2023-07-01,2023,7,16.65,11.55,5.099999999999998,0.30630630630630623,True,False,Julio
11,ALIM,Alimentos,2023-08-01,2023,8,16.61,11.53,5.08,0.3058398555087297,False,False,Ninguno
11,ALIM,Alimentos,2023-09-01,2023,9,16.63,11.55,5.079999999999998,0.3054720384846662,False,False,Ninguno
11,ALIM,Alimentos,2023-10-01,2023,10,16.66,11.56,5.1,0.3061224489795918,False,False,Ninguno
11,ALIM,Alimentos,2023-11-01,2023,11,16.67,11.56,5.110000000000001,0.30653869226154773,False,False,Ninguno
11,ALIM,Alimentos,2023-12-01,2023,12,16.66,11.54,5.120000000000001,0.3073229291716687,False,False,Ninguno
11,ALIM,Alimentos,2024-01-01,2024,1,16.63,11.54,5.09,0.3060733613950692,False,False,Ninguno
11,ALIM,Alimentos,2024-02-01,2024,2,18.67,11.55,7.120000000000001,0.3813604713444028,False,True,Febrero
11,ALIM,Alimentos,2024-03-01,2024,3,18.67,11.56,7.110000000000001,0.38082485270487415,False,False,Ninguno
11,ALIM,Alimentos,2024-04-01,2024,4,18.63,11.57,7.059999999999999,0.37895866881374124,False,False,Ninguno
11,ALIM,Alimentos,2024-05-01,2024,5,18.64,11.54,7.100000000000001,0.38090128755364816,False,False,Ninguno
11,ALIM,Alimentos,2024-06-01,2024,6,18.65,11.54,7.109999999999999,0.38123324396782843,False,False,Ninguno
11,ALIM,Alimentos,2024-07-01,2024,7,19.75,12.35,7.4,0.37468354430379747,True,True,Julio
11,ALIM,Alimentos,2024-08-01,2024,8,19.75,12.35,7.4,0.37468354430379747,False,False,Ninguno
11,ALIM,Alimentos,2024-09-01,2024,9,19.77,12.37,7.4,0.3743045017703592,False,False,Ninguno
11,ALIM,Alimentos,2024-10-01,2024,10,19.73,12.34,7.390000000000001,0.3745565129244805,False,False,Ninguno
11,ALIM,Alimentos,2024-11-01,2024,11,19.81,12.36,7.449999999999999,0.37607269056032305,False,False,Ninguno
11,ALIM,Alimentos,2024-12-01,2024,12,19.74,12.35,7.389999999999999,0.3743667679837892,False,False,Ninguno
11,ALIM,Alimentos,2025-01-01,2025,1,19.77,12.35,7.42,0.3753161355589277,False,False,Ninguno
11,ALIM,Alimentos,2025-02-01,2025,2,20.34,13.16,7.18,0.35299901671583084,True,True,Febrero
11,ALIM,Alimentos,2025-03-01,2025,3,20.3,13.17,7.130000000000001,0.35123152709359606,False,False,Ninguno
11,ALIM,Alimentos,2025-04-01,2025,4,20.28,13.15,7.130000000000001,0.351577909270217,False,False,Ninguno
11,ALIM,Alimentos,2025-05-01,2025,5,20.28,13.15,7.130000000000001,0.351577909270217,False,False,Ninguno
11,ALIM,Alimentos,2025-06-01,2025,6,20.27,13.2,7.07,0.3487913172175629,False,False,Ninguno
11,ALIM,Alimentos,2025-07-01,2025,7,20.27,12.58,7.6899999999999995,0.3793783917118895,True,False,Julio
11,ALIM,Alimentos,2025-08-01,2025,8,20.22,12.58,7.639999999999999,0.37784371909000986,False,False,Ninguno
11,ALIM,Alimentos,2025-09-01,2025,9,20.27,12.61,7.66,0.37789837197829307,False,False,Ninguno
11,ALIM,Alimentos,2025-10-01,2025,10,20.33,12.59,7.739999999999998,0.38071815051647806,False,False,Ninguno
11,ALIM,Alimentos,2025-11-01,2025,11,20.33,12.58,7.749999999999998,0.381210034431874,False,False,Esporádico
12,ALIM,Alimentos,2018-07-01,2018,7,11.68,8.88,2.799999999999999,0.23972602739726018,False,False,Ninguno
12,ALIM,Alimentos,2018-08-01,2018,8,11.64,8.9,2.74,0.23539518900343642,False,False,Ninguno
12,ALIM,Alimentos,2018-09-01,2018,9,11.65,8.89,2.76,0.23690987124463517,False,False,Ninguno
12,ALIM,Alimentos,2018-10-01,2018,10,11.64,8.87,2.7700000000000014,0.2379725085910654,False,False,Ninguno
12,ALIM,Alimentos,2018-11-01,2018,11,12.05,9.08,2.9700000000000006,0.2464730290456432,True,True,Esporádico
12,ALIM,Alimentos,2018-12-01,2018,12,12.03,9.09,2.9399999999999995,0.2443890274314214,False,False,Ninguno
12,ALIM,Alimentos,2019-01-01,2019,1,12.13,9.07,3.0600000000000005,0.2522671063478978,False,True,Esporádico
12,ALIM,Alimentos,2019-02-01,2019,2,12.41,8.48,3.9299999999999997,0.3166800966962127,True,True,Febrero
12,ALIM,Alimentos,2019-03-01,2019,3,12.37,8.49,3.879999999999999,0.3136620856911883,False,False,Ninguno
12,ALIM,Alimentos,2019-04-01,2019,4,12.35,8.49,3.8599999999999994,0.3125506072874494,False,False,Ninguno
12,ALIM,Alimentos,2019-05-01,2019,5,12.39,8.48,3.91,0.3155770782889427,False,False,Ninguno
12,ALIM,Alimentos,2019-06-01,2019,6,12.37,8.49,3.879999999999999,0.3136620856911883,False,False,Ninguno
12,ALIM,Alimentos,2019-07-01,2019,7,13.65,8.5,5.15,0.3772893772893773,False,True,Julio
12,ALIM,Alimentos,2019-08-01,2019,8,13.65,8.49,5.16,0.378021978021978,False,False,Ninguno
12,ALIM,Alimentos,2019-09-01,2019,9,13.46,8.66,4.800000000000001,0.35661218424962854,True,True,Esporádico
12,ALIM,Alimentos,2019-10-01,2019,10,13.49,8.65,4.84,0.3587842846553002,False,False,Ninguno
12,ALIM,Alimentos,2019-11-01,2019,11,13.47,8.67,4.800000000000001,0.356347438752784,False,False,Ninguno
12,ALIM,Alimentos,2019-12-01,2019,12,13.49,8.66,4.83,0.35804299481097107,False,False,Ninguno
12,ALIM,Alimentos,2020-01-01,2020,1,13.48,8.64,4.84,0.35905044510385753,False,False,Ninguno
12,ALIM,Alimentos,2020-02-01,2020,2,13.53,8.84,4.6899999999999995,0.3466371027346637,True,True,Febrero
12,ALIM,Alimentos,2020-03-01,2020,3,13.49,8.82,4.67,0.34618235730170493,False,False,Ninguno
12,ALIM,Alimentos,2020-04-01,2020,4,13.49,8.85,4.640000000000001,0.3439584877687176,False,False,Ninguno
12,ALIM,Alimentos,2020-05-01,2020,5,13.68,9.28,4.4,0.32163742690058483,True,True,Esporádico
12,ALIM,Alimentos,2020-06-01,2020,6,13.7,9.29,4.41,0.3218978102189781,False,False,Ninguno
12,ALIM,Alimentos,2020-07-01,2020,7,14.17,9.28,4.890000000000001,0.3450952717007763,False,True,Julio
12,ALIM,Alimentos,2020-08-01,2020,8,14.21,9.3,4.91,0.34553131597466574,False,False,Ninguno
12,ALIM,Alimentos,2020-09-01,2020,9,14.19,9.28,4.91,0.3460183227625088,False,False,Ninguno
12,ALIM,Alimentos,2020-10-01,2020,10,14.17,9.29,4.880000000000001,0.3443895553987298,False,False,Ninguno
12,ALIM,Alimentos,2020-11-01,2020,11,14.14,9.3,4.84,0.3422913719943423,False,False,Ninguno
12,ALIM,Alimentos,2020-12-01,2020,12,14.2,9.27,4.93,0.3471830985915493,False,False,Ninguno
12,ALIM,Alimentos,2021-01-01,2021,1,14.2,9.28,4.92,0.34647887323943666,False,False,Ninguno
12,ALIM,Alimentos,2021-02-01,2021,2,16.16,9.54,6.620000000000001,0.4096534653465347,True,True,Febrero
12,ALIM,Alimentos,2021-03-01,2021,3,16.2,9.55,6.649999999999999,0.41049382716049376,False,False,Ninguno
12,ALIM,Alimentos,2021-04-01,2021,4,16.15,9.53,6.619999999999999,0.40990712074303404,False,False,Ninguno
12,ALIM,Alimentos,2021-05-01,2021,5,16.18,9.55,6.629999999999999,0.4097651421508034,False,False,Ninguno
12,ALIM,Alimentos,2021-06-01,2021,6,16.12,9.55,6.57,0.4075682382133995,False,False,Ninguno
12,ALIM,Alimentos,2021-07-01,2021,7,16.3,9.54,6.760000000000002,0.4147239263803682,False,True,Julio
12,ALIM,Alimentos,2021-08-01,2021,8,16.24,9.54,6.699999999999999,0.4125615763546798,False,False,Ninguno
12,ALIM,Alimentos,2021-09-01,2021,9,16.22,9.56,6.659999999999998,0.4106041923551171,False,False,Esporádico
12,ALIM,Alimentos,2021-10-01,2021,10,16.29,9.57,6.719999999999999,0.41252302025782683,False,False,Ninguno
12,ALIM,Alimentos,2021-11-01,2021,11,16.3,9.86,6.440000000000001,0.39509202453987735,True,False,Esporádico
12,ALIM,Alimentos,2021-12-01,2021,12,16.3,9.89,6.41,0.3932515337423313,False,False,Ninguno
12,ALIM,Alimentos,2022-01-01,2022,1,16.3,9.86,6.440000000000001,0.39509202453987735,False,False,Ninguno
12,ALIM,Alimentos,2022-02-01,2022,2,18.21,9.88,8.33,0.457440966501922,False,True,Febrero
12,ALIM,Alimentos,2022-03-01,2022,3,18.2,9.89,8.309999999999999,0.4565934065934065,False,False,Ninguno
12,ALIM,Alimentos,2022-04-01,2022,4,18.18,9.86,8.32,0.45764576457645767,False,False,Ninguno
12,ALIM,Alimentos,2022-05-01,2022,5,18.18,9.86,8.32,0.45764576457645767,False,False,Ninguno
12,ALIM,Alimentos,2022-06-01,2022,6,18.14,9.87,8.270000000000001,0.45589856670341794,False,False,Ninguno
12,ALIM,Alimentos,2022-07-01,2022,7,19.61,10.09,9.52,0.4854665986741458,True,True,Julio
12,ALIM,Alimentos,2022-08-01,2022,8,19.67,10.09,9.580000000000002,0.4870360955770209,False,False,Ninguno
12,ALIM,Alimentos,2022-09-01,2022,9,19.61,10.07,9.54,0.48648648648648646,False,False,Ninguno
12,ALIM,Alimentos,2022-10-01,2022,10,19.7,10.07,9.629999999999999,0.4888324873096446,False,False,Ninguno
12,ALIM,Alimentos,2022-11-01,2022,11,19.61,10.08,9.53,0.48597654258031614,False,False,Ninguno
12,ALIM,Alimentos,2022-12-01,2022,12,19.65,10.06,9.589999999999998,0.4880407124681933,False,False,Ninguno
12,ALIM,Alimentos,2023-01-01,2023,1,19.63,10.07,9.559999999999999,0.48700967906265913,False,False,Ninguno
12,ALIM,Alimentos,2023-02-01,2023,2,19.89,10.09,9.8,0.4927099044746104,False,True,Febrero
12,ALIM,Alimentos,2023-03-01,2023,3,19.88,10.07,9.809999999999999,0.49346076458752514,False,False,Ninguno
12,ALIM,Alimentos,2023-04-01,2023,4,19.83,10.07,9.759999999999998,0.49218356026222887,False,False,Ninguno
12,ALIM,Alimentos,2023-05-01,2023,5,19.85,10.06,9.790000000000001,0.49319899244332494,False,False,Ninguno
12,ALIM,Alimentos,2023-06-01,2023,6,19.85,10.09,9.760000000000002,0.4916876574307305,False,False,Ninguno
12,ALIM,Alimentos,2023-07-01,2023,7,21.03,10.17,10.860000000000001,0.5164051355206848,True,True,Julio
12,ALIM,Alimentos,2023-08-01,2023,8,20.98,10.18,10.8,0.5147759771210677,False,False,Ninguno
12,ALIM,Alimentos,2023-09-01,2023,9,21.0,10.19,10.81,0.5147619047619048,False,False,Ninguno
12,ALIM,Alimentos,2023-10-01,2023,10,21.01,10.17,10.840000000000002,0.5159447881960971,False,False,Ninguno
12,ALIM,Alimentos,2023-11-01,2023,11,21.01,10.17,10.840000000000002,0.5159447881960971,False,False,Ninguno
12,ALIM,Alimentos,2023-12-01,2023,12,21.02,10.2,10.82,0.5147478591817317,False,False,Ninguno
12,ALIM,Alimentos,2024-01-01,2024,1,20.98,10.19,10.790000000000001,0.5142993326978075,False,False,Ninguno
12,ALIM,Alimentos,2024-02-01,2024,2,21.06,10.39,10.669999999999998,0.5066476733143399,True,True,Febrero
12,ALIM,Alimentos,2024-03-01,2024,3,21.1,10.37,10.730000000000002,0.5085308056872039,False,False,Ninguno
12,ALIM,Alimentos,2024-04-01,2024,4,20.85,10.4,10.450000000000001,0.5011990407673861,False,True,Esporádico
12,ALIM,Alimentos,2024-05-01,2024,5,20.88,10.37,10.51,0.5033524904214559,False,False,Esporádico
12,ALIM,Alimentos,2024-06-01,2024,6,20.85,10.37,10.480000000000002,0.5026378896882495,False,False,Ninguno
12,ALIM,Alimentos,2024-07-01,2024,7,22.58,10.61,11.969999999999999,0.5301151461470328,True,True,Julio
12,ALIM,Alimentos,2024-08-01,2024,8,22.59,10.64,11.95,0.528995130588756,False,False,Ninguno
12,ALIM,Alimentos,2024-09-01,2024,9,22.59,10.61,11.98,0.5303231518370961,False,False,Ninguno
12,ALIM,Alimentos,2024-10-01,2024,10,22.66,10.62,12.040000000000001,0.531332744924978,False,False,Ninguno
12,ALIM,Alimentos,2024-11-01,2024,11,22.65,10.62,12.03,0.5311258278145695,False,False,Ninguno
12,ALIM,Alimentos,2024-12-01,2024,12,22.6,10.64,11.96,0.5292035398230088,False,False,Ninguno
12,ALIM,Alimentos,2025-01-01,2025,1,22.6,10.64,11.96,0.5292035398230088,False,False,Ninguno
12,ALIM,Alimentos,2025-02-01,2025,2,24.77,10.98,13.79,0.5567218409366168,True,True,Febrero
12,ALIM,Alimentos,2025-03-01,2025,3,24.82,10.99,13.83,0.5572119258662369,False,False,Ninguno
12,ALIM,Alimentos,2025-04-01,2025,4,24.74,10.96,13.779999999999998,0.5569927243330638,False,False,Ninguno
12,ALIM,Alimentos,2025-05-01,2025,5,24.81,10.99,13.819999999999999,0.5570334542523175,False,False,Ninguno
12,ALIM,Alimentos,2025-06-01,2025,6,24.82,11.0,13.82,0.556809024979855,False,False,Ninguno
12,ALIM,Alimentos,2025-07-01,2025,7,27.18,10.99,16.189999999999998,0.5956585724797645,False,True,Julio
12,ALIM,Alimentos,2025-08-01,2025,8,27.26,10.97,16.29,0.5975788701393984,False,False,Ninguno
12,ALIM,Alimentos,2025-09-01,2025,9,27.14,10.99,16.15,0.5950626381724391,False,False,Ninguno
12,ALIM,Alimentos,2025-10-01,2025,10,27.29,10.98,16.31,0.5976548186148772,False,False,Ninguno
12,ALIM,Alimentos,2025-11-01,2025,11,27.8,11.31,16.490000000000002,0.5931654676258994,True,True,Esporádico
13,MUEB,Muebles,2018-07-01,2018,7,389.21,246.03,143.17999999999998,0.3678733845481873,False,False,Ninguno
13,MUEB,Muebles,2018-08-01,2018,8,389.34,246.39,142.95,0.3671598089073817,False,False,Ninguno
13,MUEB,Muebles,2018-09-01,2018,9,387.91,246.82,141.09000000000003,0.36371838828594266,False,False,Ninguno
13,MUEB,Muebles,2018-10-01,2018,10,388.52,246.63,141.89,0.3652064243796973,False,False,Ninguno
13,MUEB,Muebles,2018-11-01,2018,11,387.92,246.85,141.07000000000002,0.36365745514539083,False,False,Ninguno
13,MUEB,Muebles,2018-12-01,2018,12,405.08,246.58,158.49999999999997,0.3912807346696948,False,True,Esporádico
13,MUEB,Muebles,2019-01-01,2019,1,405.95,246.12,159.82999999999998,0.39371843823130925,False,False,Ninguno
13,MUEB,Muebles,2019-02-01,2019,2,448.82,246.29,202.53,0.45124994429838244,False,True,Febrero
13,MUEB,Muebles,2019-03-01,2019,3,449.01,246.37,202.64,0.4513039798668181,False,False,Ninguno
13,MUEB,Muebles,2019-04-01,2019,4,449.48,246.18,203.3,0.4523004360594465,False,False,Ninguno
13,MUEB,Muebles,2019-05-01,2019,5,448.08,246.27,201.80999999999997,0.4503883235136582,False,False,Ninguno
13,MUEB,Muebles,2019-06-01,2019,6,447.39,246.04,201.35,0.4500547620644181,False,False,Ninguno
13,MUEB,Muebles,2019-07-01,2019,7,483.98,252.08,231.9,0.4791520310756643,True,True,Julio
13,MUEB,Muebles,2019-08-01,2019,8,482.94,252.41,230.53,0.4773470824533068,False,False,Ninguno
13,MUEB,Muebles,2019-09-01,2019,9,484.09,252.19,231.89999999999998,0.4790431531326819,False,False,Ninguno
13,MUEB,Muebles,2019-10-01,2019,10,484.06,252.57,231.49,0.4782258397719291,False,False,Ninguno
13,MUEB,Muebles,2019-11-01,2019,11,482.91,261.19,221.72000000000003,0.4591331718125531,True,False,Esporádico
13,MUEB,Muebles,2019-12-01,2019,12,485.68,261.05,224.63,0.46250617690660517,False,False,Ninguno
13,MUEB,Muebles,2020-01-01,2020,1,484.85,261.11,223.74,0.4614623079302877,False,False,Ninguno
13,MUEB,Muebles,2020-02-01,2020,2,540.24,266.33,273.91,0.5070154005627129,True,True,Febrero
13,MUEB,Muebles,2020-03-01,2020,3,537.14,265.91,271.22999999999996,0.504952154000819,False,False,Ninguno
13,MUEB,Muebles,2020-04-01,2020,4,539.69,266.6,273.09000000000003,0.5060127110007597,False,False,Ninguno
13,MUEB,Muebles,2020-05-01,2020,5,537.94,265.9,272.0400000000001,0.5057069561661153,False,False,Ninguno
13,MUEB,Muebles,2020-06-01,2020,6,538.03,265.8,272.22999999999996,0.5059755032247272,False,False,Ninguno
13,MUEB,Muebles,2020-07-01,2020,7,538.21,288.02,250.19000000000005,0.4648557254603222,True,False,Julio
13,MUEB,Muebles,2020-08-01,2020,8,537.09,287.85,249.24,0.4640563034128358,False,False,Ninguno
13,MUEB,Muebles,2020-09-01,2020,9,539.17,287.77,251.39999999999998,0.46627223324739875,False,False,Ninguno
13,MUEB,Muebles,2020-10-01,2020,10,539.82,288.54,251.28000000000003,0.46548849616538845,False,False,Ninguno
13,MUEB,Muebles,2020-11-01,2020,11,539.99,287.45,252.54000000000002,0.46767532732087636,False,False,Ninguno
13,MUEB,Muebles,2020-12-01,2020,12,539.6,288.32,251.28000000000003,0.4656782802075612,False,False,Ninguno
13,MUEB,Muebles,2021-01-01,2021,1,538.37,287.95,250.42000000000002,0.4651447888998273,False,False,Ninguno
13,MUEB,Muebles,2021-02-01,2021,2,544.28,287.5,256.78,0.47177923127801863,False,True,Febrero
13,MUEB,Muebles,2021-03-01,2021,3,545.12,287.7,257.42,0.4722262987965953,False,False,Ninguno
13,MUEB,Muebles,2021-04-01,2021,4,545.09,288.28,256.81000000000006,0.4711332073602525,False,False,Ninguno
13,MUEB,Muebles,2021-05-01,2021,5,546.67,287.49,259.17999999999995,0.47410686520204137,False,False,Ninguno
13,MUEB,Muebles,2021-06-01,2021,6,546.1,288.51,257.59000000000003,0.47169016663614727,False,False,Ninguno
13,MUEB,Muebles,2021-07-01,2021,7,599.55,308.68,290.86999999999995,0.48514719372862974,True,True,Julio
13,MUEB,Muebles,2021-08-01,2021,8,599.83,315.54,284.29,0.4739509527699515,True,True,Esporádico
13,MUEB,Muebles,2021-09-01,2021,9,597.55,315.49,282.05999999999995,0.4720274454020584,False,False,Ninguno
13,MUEB,Muebles,2021-10-01,2021,10,599.31,315.78,283.53,0.47309405816689193,False,False,Ninguno
13,MUEB,Muebles,2021-11-01,2021,11,599.44,315.25,284.19000000000005,0.4740924863205659,False,False,Ninguno
13,MUEB,Muebles,2021-12-01,2021,12,598.26,315.09,283.17,0.4733226356433658,False,False,Ninguno
13,MUEB,Muebles,2022-01-01,2022,1,598.06,315.92,282.13999999999993,0.4717586864194227,False,False,Ninguno
13,MUEB,Muebles,2022-02-01,2022,2,683.52,328.97,354.54999999999995,0.5187119616104868,True,True,Febrero
13,MUEB,Muebles,2022-03-01,2022,3,683.3,328.23,355.06999999999994,0.5196399824381677,False,False,Ninguno
13,MUEB,Muebles,2022-04-01,2022,4,685.1,328.87,356.23,0.5199678878995767,False,False,Ninguno
13,MUEB,Muebles,2022-05-01,2022,5,687.2,328.22,358.98,0.5223806752037252,False,False,Ninguno
13,MUEB,Muebles,2022-06-01,2022,6,684.26,328.74,355.52,0.519568585040774,False,False,Ninguno
13,MUEB,Muebles,2022-07-01,2022,7,709.49,328.93,380.56,0.536385290842718,False,True,Julio
13,MUEB,Muebles,2022-08-01,2022,8,712.61,328.4,384.21000000000004,0.5391588667012812,False,False,Ninguno
13,MUEB,Muebles,2022-09-01,2022,9,711.49,328.65,382.84000000000003,0.5380820531560528,False,False,Ninguno
13,MUEB,Muebles,2022-10-01,2022,10,709.35,328.61,380.74,0.5367449073095087,False,False,Ninguno
13,MUEB,Muebles,2022-11-01,2022,11,711.06,328.26,382.79999999999995,0.5383511939920682,False,False,Ninguno
13,MUEB,Muebles,2022-12-01,2022,12,709.38,328.32,381.06,0.5371733062674449,False,False,Esporádico
13,MUEB,Muebles,2023-01-01,2023,1,713.35,329.15,384.20000000000005,0.5385855470666574,False,False,Ninguno
13,MUEB,Muebles,2023-02-01,2023,2,710.01,365.75,344.26,0.4848664103322488,True,True,Febrero
13,MUEB,Muebles,2023-03-01,2023,3,764.13,365.8,398.33,0.5212856451127426,False,True,Esporádico
13,MUEB,Muebles,2023-04-01,2023,4,763.47,365.78,397.69000000000005,0.5208980051606481,False,False,Esporádico
13,MUEB,Muebles,2023-05-01,2023,5,762.87,364.73,398.14,0.5218975710147207,False,False,Ninguno
13,MUEB,Muebles,2023-06-01,2023,6,761.2,365.22,395.98,0.5202049395691014,False,False,Ninguno
13,MUEB,Muebles,2023-07-01,2023,7,764.5,384.73,379.77,0.49675604970569,True,False,Julio
13,MUEB,Muebles,2023-08-01,2023,8,765.19,385.83,379.36000000000007,0.4957722918490833,False,False,Ninguno
13,MUEB,Muebles,2023-09-01,2023,9,763.25,385.91,377.34,0.4943858499836226,False,False,Ninguno
13,MUEB,Muebles,2023-10-01,2023,10,764.33,385.94,378.39000000000004,0.49506103384663697,False,False,Ninguno
13,MUEB,Muebles,2023-11-01,2023,11,763.05,384.68,378.36999999999995,0.4958652775047506,False,False,Ninguno
13,MUEB,Muebles,2023-12-01,2023,12,762.0,385.54,376.46,0.49404199475065613,False,False,Ninguno
13,MUEB,Muebles,2024-01-01,2024,1,763.92,385.42,378.49999999999994,0.49547072991936325,False,False,Ninguno
13,MUEB,Muebles,2024-02-01,2024,2,763.15,393.34,369.81,0.48458363362379614,True,False,Febrero
13,MUEB,Muebles,2024-03-01,2024,3,760.91,392.14,368.77,0.4846433875228345,False,False,Esporádico
13,MUEB,Muebles,2024-04-01,2024,4,775.21,393.58,381.63000000000005,0.4922924110886083,False,True,Esporádico
13,MUEB,Muebles,2024-05-01,2024,5,775.18,393.12,382.05999999999995,0.49286617301787966,False,False,Ninguno
13,MUEB,Muebles,2024-06-01,2024,6,778.1,392.63,385.47,0.49539904896542863,False,False,Ninguno
13,MUEB,Muebles,2024-07-01,2024,7,828.64,392.27,436.37,0.5266098667696467,False,True,Julio
13,MUEB,Muebles,2024-08-01,2024,8,828.9,392.17,436.72999999999996,0.5268789962601037,False,False,Ninguno
13,MUEB,Muebles,2024-09-01,2024,9,827.09,393.17,433.92,0.5246345621395495,False,False,Ninguno
13,MUEB,Muebles,2024-10-01,2024,10,828.48,392.58,435.90000000000003,0.5261442641946698,False,False,Ninguno
13,MUEB,Muebles,2024-11-01,2024,11,831.44,393.57,437.87000000000006,0.5266405272779756,False,False,Esporádico
13,MUEB,Muebles,2024-12-01,2024,12,830.29,392.19,438.09999999999997,0.5276469667224705,False,False,Ninguno
13,MUEB,Muebles,2025-01-01,2025,1,828.46,392.71,435.75000000000006,0.5259759071047486,False,False,Ninguno
13,MUEB,Muebles,2025-02-01,2025,2,956.12,435.58,520.54,0.5444295695101032,True,True,Febrero
13,MUEB,Muebles,2025-03-01,2025,3,955.51,435.95,519.56,0.543751504432188,False,False,Ninguno
13,MUEB,Muebles,2025-04-01,2025,4,956.13,435.56,520.5699999999999,0.5444552519008921,False,False,Ninguno
13,MUEB,Muebles,2025-05-01,2025,5,955.45,435.72,519.73,0.543963577371919,False,False,Ninguno
13,MUEB,Muebles,2025-06-01,2025,6,959.34,434.91,524.4300000000001,0.546657076740259,False,False,Ninguno
13,MUEB,Muebles,2025-07-01,2025,7,956.97,434.76,522.21,0.5456910874949058,False,False,Julio
13,MUEB,Muebles,2025-08-01,2025,8,954.29,434.96,519.3299999999999,0.5442056397950308,False,False,Ninguno
13,MUEB,Muebles,2025-09-01,2025,9,955.08,434.64,520.44,0.5449177032290489,False,False,Ninguno
13,MUEB,Muebles,2025-10-01,2025,10,955.69,436.09,519.6000000000001,0.5436909458087875,False,False,Ninguno
13,MUEB,Muebles,2025-11-01,2025,11,957.41,436.23,521.18,0.544364483345693,False,False,Ninguno
14,ELEC,Electrónica,2018-07-01,2018,7,486.79,387.0,99.79000000000002,0.20499599416586212,False,False,Ninguno
14,ELEC,Electrónica,2018-08-01,2018,8,485.61,386.63,98.98000000000002,0.2038261156071745,False,False,Ninguno
14,ELEC,Electrónica,2018-09-01,2018,9,487.34,387.58,99.75999999999999,0.20470308203718143,False,False,Ninguno
14,ELEC,Electrónica,2018-10-01,2018,10,485.8,387.58,98.22000000000003,0.20218196788801981,False,False,Ninguno
14,ELEC,Electrónica,2018-11-01,2018,11,485.97,387.4,98.57000000000005,0.20283145050105983,False,False,Ninguno
14,ELEC,Electrónica,2018-12-01,2018,12,485.18,386.97,98.20999999999998,0.20241972051609708,False,False,Ninguno
14,ELEC,Electrónica,2019-01-01,2019,1,485.12,387.11,98.00999999999999,0.20203248680738783,False,False,Ninguno
14,ELEC,Electrónica,2019-02-01,2019,2,548.46,388.92,159.54000000000002,0.2908872114648288,True,True,Febrero
14,ELEC,Electrónica,2019-03-01,2019,3,551.33,388.7,162.63000000000005,0.29497759962273057,False,False,Ninguno
14,ELEC,Electrónica,2019-04-01,2019,4,549.58,389.38,160.20000000000005,0.2914953237017359,False,False,Ninguno
14,ELEC,Electrónica,2019-05-01,2019,5,550.98,389.86,161.12,0.29242440741950704,False,False,Ninguno
14,ELEC,Electrónica,2019-06-01,2019,6,550.52,389.11,161.40999999999997,0.2931955242316355,False,False,Ninguno
14,ELEC,Electrónica,2019-07-01,2019,7,541.23,413.35,127.88,0.23627662915950703,True,True,Julio
14,ELEC,Electrónica,2019-08-01,2019,8,534.49,420.36,114.13,0.21353065539112048,True,True,Esporádico
14,ELEC,Electrónica,2019-09-01,2019,9,533.37,420.14,113.23000000000002,0.21229165494872232,False,False,Ninguno
14,ELEC,Electrónica,2019-10-01,2019,10,532.21,421.02,111.19000000000005,0.20892129046804842,False,False,Esporádico
14,ELEC,Electrónica,2019-11-01,2019,11,532.76,421.78,110.98000000000002,0.20831143479240186,False,False,Ninguno
14,ELEC,Electrónica,2019-12-01,2019,12,533.01,420.66,112.34999999999997,0.2107840378229301,False,False,Ninguno
14,ELEC,Electrónica,2020-01-01,2020,1,532.04,420.53,111.50999999999999,0.20958950454853018,False,False,Ninguno
14,ELEC,Electrónica,2020-02-01,2020,2,531.88,466.19,65.69,0.12350530194780777,True,True,Febrero
14,ELEC,Electrónica,2020-03-01,2020,3,530.87,466.54,64.32999999999998,0.12117844293329814,False,False,Ninguno
14,ELEC,Electrónica,2020-04-01,2020,4,530.56,465.52,65.03999999999996,0.12258745476477678,False,False,Ninguno
14,ELEC,Electrónica,2020-05-01,2020,5,532.12,466.28,65.84000000000003,0.12373148913778853,False,False,Ninguno
14,ELEC,Electrónica,2020-06-01,2020,6,530.7,465.29,65.41000000000003,0.12325230827209349,False,False,Ninguno
14,ELEC,Electrónica,2020-07-01,2020,7,583.88,507.04,76.83999999999997,0.1316023840515174,True,True,Julio
14,ELEC,Electrónica,2020-08-01,2020,8,584.82,506.71,78.11000000000007,0.1335624636640335,False,False,Ninguno
14,ELEC,Electrónica,2020-09-01,2020,9,584.41,505.67,78.73999999999995,0.13473417634879614,False,False,Ninguno
14,ELEC,Electrónica,2020-10-01,2020,10,584.55,520.21,64.33999999999992,0.11006757334701894,True,False,Esporádico
14,ELEC,Electrónica,2020-11-01,2020,11,582.65,520.57,62.07999999999993,0.10654767012786395,False,False,Esporádico
14,ELEC,Electrónica,2020-12-01,2020,12,584.61,519.14,65.47000000000003,0.1119891893741127,False,False,Ninguno
14,ELEC,Electrónica,2021-01-01,2021,1,585.0,519.21,65.78999999999996,0.1124615384615384,False,False,Ninguno
14,ELEC,Electrónica,2021-02-01,2021,2,661.92,580.64,81.27999999999997,0.12279429538312783,True,True,Febrero
14,ELEC,Electrónica,2021-03-01,2021,3,663.61,580.3,83.31000000000006,0.12554060366781702,False,False,Ninguno
14,ELEC,Electrónica,2021-04-01,2021,4,662.67,581.37,81.29999999999995,0.12268549956992161,False,False,Ninguno
14,ELEC,Electrónica,2021-05-01,2021,5,661.74,581.1,80.63999999999999,0.12186054946051317,False,False,Ninguno
14,ELEC,Electrónica,2021-06-01,2021,6,662.66,581.58,81.07999999999993,0.12235535568768287,False,False,Ninguno
14,ELEC,Electrónica,2021-07-01,2021,7,705.76,581.44,124.31999999999994,0.17615053275901146,False,True,Julio
14,ELEC,Electrónica,2021-08-01,2021,8,705.43,581.32,124.1099999999999,0.17593524516961273,False,False,Ninguno
14,ELEC,Electrónica,2021-09-01,2021,9,706.02,580.25,125.76999999999998,0.17813942947791844,False,False,Ninguno
14,ELEC,Electrónica,2021-10-01,2021,10,708.23,581.72,126.50999999999999,0.17862841167417362,False,False,Ninguno
14,ELEC,Electrónica,2021-11-01,2021,11,707.68,581.07,126.6099999999999,0.17890854623558658,False,False,Ninguno
14,ELEC,Electrónica,2021-12-01,2021,12,708.61,580.75,127.86000000000001,0.18043775842847265,False,False,Ninguno
14,ELEC,Electrónica,2022-01-01,2022,1,706.21,580.6,125.61000000000001,0.1778649410232084,False,False,Ninguno
14,ELEC,Electrónica,2022-02-01,2022,2,782.18,591.94,190.2399999999999,0.24321767368124972,True,True,Febrero
14,ELEC,Electrónica,2022-03-01,2022,3,777.56,634.59,142.9699999999999,0.18387005504398365,True,True,Esporádico
14,ELEC,Electrónica,2022-04-01,2022,4,774.14,633.92,140.22000000000003,0.18113002816028112,False,False,Ninguno
14,ELEC,Electrónica,2022-05-01,2022,5,776.85,634.59,142.26,0.18312415524232475,False,False,Ninguno
14,ELEC,Electrónica,2022-06-01,2022,6,777.55,634.19,143.3599999999999,0.18437399524146345,False,False,Ninguno
14,ELEC,Electrónica,2022-07-01,2022,7,756.65,634.09,122.55999999999995,0.16197713606026556,False,True,Julio
14,ELEC,Electrónica,2022-08-01,2022,8,754.21,634.99,119.22000000000003,0.158072685326368,False,False,Ninguno
14,ELEC,Electrónica,2022-09-01,2022,9,755.9,634.84,121.05999999999995,0.16015345945230844,False,False,Ninguno
14,ELEC,Electrónica,2022-10-01,2022,10,753.99,633.81,120.18000000000006,0.15939203437711383,False,False,Ninguno
14,ELEC,Electrónica,2022-11-01,2022,11,754.11,635.0,119.11000000000001,0.15794777950166422,False,False,Ninguno
14,ELEC,Electrónica,2022-12-01,2022,12,754.71,633.59,121.12,0.16048548449073155,False,False,Ninguno
14,ELEC,Electrónica,2023-01-01,2023,1,756.45,635.02,121.43000000000006,0.1605261418467844,False,False,Ninguno
14,ELEC,Electrónica,2023-02-01,2023,2,849.15,633.44,215.70999999999992,0.2540305010893245,False,True,Febrero
14,ELEC,Electrónica,2023-03-01,2023,3,850.21,634.26,215.95000000000005,0.2539960715587914,False,False,Ninguno
14,ELEC,Electrónica,2023-04-01,2023,4,846.03,635.1,210.92999999999995,0.24931740009219527,False,False,Ninguno
14,ELEC,Electrónica,2023-05-01,2023,5,846.23,634.52,211.71000000000004,0.25018021105373245,False,False,Esporádico
14,ELEC,Electrónica,2023-06-01,2023,6,847.44,634.2,213.24,0.25162843387142453,False,False,Ninguno
14,ELEC,Electrónica,2023-07-01,2023,7,847.77,633.58,214.18999999999994,0.2526510728145605,False,False,Julio
14,ELEC,Electrónica,2023-08-01,2023,8,847.67,634.38,213.28999999999996,0.2516191442424528,False,False,Ninguno
14,ELEC,Electrónica,2023-09-01,2023,9,891.24,633.83,257.40999999999997,0.2888223149768861,False,True,Esporádico
14,ELEC,Electrónica,2023-10-01,2023,10,944.73,633.53,311.20000000000005,0.3294062853937104,False,True,Esporádico
14,ELEC,Electrónica,2023-11-01,2023,11,944.17,634.54,309.63,0.3279388245760827,False,False,Ninguno
14,ELEC,Electrónica,2023-12-01,2023,12,944.4,632.95,311.44999999999993,0.3297861075815332,False,False,Ninguno
14,ELEC,Electrónica,2024-01-01,2024,1,945.92,635.2,310.7199999999999,0.32848443843031117,False,False,Ninguno
14,ELEC,Electrónica,2024-02-01,2024,2,945.87,634.51,311.36,0.3291784283252456,False,False,Febrero
14,ELEC,Electrónica,2024-03-01,2024,3,944.65,633.31,311.34000000000003,0.32958238501032133,False,False,Ninguno
14,ELEC,Electrónica,2024-04-01,2024,4,942.86,634.71,308.15,0.3268247671976751,False,False,Ninguno
14,ELEC,Electrónica,2024-05-01,2024,5,943.85,633.51,310.34000000000003,0.3288022461196165,False,False,Ninguno
14,ELEC,Electrónica,2024-06-01,2024,6,945.22,646.78,298.44000000000005,0.3157360191278221,True,False,Esporádico
14,ELEC,Electrónica,2024-07-01,2024,7,933.77,649.12,284.65,0.30483952150957944,False,True,Julio
14,ELEC,Electrónica,2024-08-01,2024,8,937.28,647.65,289.63,0.30901118129054284,False,False,Ninguno
14,ELEC,Electrónica,2024-09-01,2024,9,935.51,648.43,287.08000000000004,0.30687004949172114,False,False,Ninguno
14,ELEC,Electrónica,2024-10-01,2024,10,935.37,647.5,287.87,0.3077605653377808,False,False,Ninguno
14,ELEC,Electrónica,2024-11-01,2024,11,934.29,647.29,287.0,0.30718513523638274,False,False,Ninguno
14,ELEC,Electrónica,2024-12-01,2024,12,934.64,647.86,286.78,0.3068347171103312,False,False,Ninguno
14,ELEC,Electrónica,2025-01-01,2025,1,936.82,647.35,289.47,0.30899212228603146,False,False,Ninguno
14,ELEC,Electrónica,2025-02-01,2025,2,902.08,719.01,183.07000000000005,0.20294208939340197,True,True,Febrero
14,ELEC,Electrónica,2025-03-01,2025,3,897.44,719.65,177.79000000000008,0.19810795150650748,False,False,Ninguno
14,ELEC,Electrónica,2025-04-01,2025,4,900.31,720.52,179.78999999999996,0.19969788184069928,False,False,Ninguno
14,ELEC,Electrónica,2025-05-01,2025,5,898.39,720.66,177.73000000000002,0.19783167666603593,False,False,Ninguno
14,ELEC,Electrónica,2025-06-01,2025,6,902.15,718.84,183.30999999999995,0.20319237377376262,False,False,Ninguno
14,ELEC,Electrónica,2025-07-01,2025,7,900.37,720.74,179.63,0.1995068693981363,False,True,Julio
14,ELEC,Electrónica,2025-08-01,2025,8,898.25,720.55,177.70000000000005,0.19782911216253832,False,False,Ninguno
14,ELEC,Electrónica,2025-09-01,2025,9,899.79,719.58,180.20999999999992,0.20028006534858125,False,False,Ninguno
14,ELEC,Electrónica,2025-10-01,2025,10,901.67,721.29,180.38,0.20005101644725898,False,False,Ninguno
14,ELEC,Electrónica,2025-11-01,2025,11,897.4,719.1,178.29999999999995,0.19868509026075323,False,False,Ninguno
15,ALIM,Alimentos,2018-07-01,2018,7,30.85,24.45,6.400000000000002,0.20745542949756896,True,False,Esporádico
15,ALIM,Alimentos,2018-08-01,2018,8,30.79,24.46,6.329999999999998,0.2055862292952257,False,False,Ninguno
15,ALIM,Alimentos,2018-09-01,2018,9,30.82,24.4,6.420000000000002,0.20830629461388714,False,False,Ninguno
15,ALIM,Alimentos,2018-10-01,2018,10,30.8,24.42,6.379999999999999,0.2071428571428571,False,False,Ninguno
15,ALIM,Alimentos,2018-11-01,2018,11,30.79,24.49,6.300000000000001,0.20461188697629104,False,False,Ninguno
15,ALIM,Alimentos,2018-12-01,2018,12,30.75,24.48,6.27,0.20390243902439023,False,False,Ninguno
15,ALIM,Alimentos,2019-01-01,2019,1,30.9,24.46,6.439999999999998,0.2084142394822006,False,False,Ninguno
15,ALIM,Alimentos,2019-02-01,2019,2,29.72,24.4,5.32,0.17900403768506057,False,True,Febrero
15,ALIM,Alimentos,2019-03-01,2019,3,29.78,24.4,5.380000000000003,0.18065815983881808,False,False,Ninguno
15,ALIM,Alimentos,2019-04-01,2019,4,29.72,24.48,5.239999999999998,0.17631224764468367,False,False,Ninguno
15,ALIM,Alimentos,2019-05-01,2019,5,29.72,24.42,5.299999999999997,0.17833109017496626,False,False,Ninguno
15,ALIM,Alimentos,2019-06-01,2019,6,29.65,24.47,5.18,0.17470489038785836,False,False,Ninguno
15,ALIM,Alimentos,2019-07-01,2019,7,29.76,24.45,5.310000000000002,0.17842741935483877,False,False,Julio
15,ALIM,Alimentos,2019-08-01,2019,8,29.69,24.46,5.23,0.1761535870663523,False,False,Esporádico
15,ALIM,Alimentos,2019-09-01,2019,9,29.66,24.47,5.190000000000001,0.1749831422791639,False,False,Ninguno
15,ALIM,Alimentos,2019-10-01,2019,10,29.8,24.41,5.390000000000001,0.18087248322147653,False,False,Ninguno
15,ALIM,Alimentos,2019-11-01,2019,11,29.65,24.47,5.18,0.17470489038785836,False,False,Ninguno
15,ALIM,Alimentos,2019-12-01,2019,12,29.68,24.42,5.259999999999998,0.1772237196765498,False,False,Ninguno
15,ALIM,Alimentos,2020-01-01,2020,1,29.85,24.42,5.43,0.18190954773869344,False,True,Esporádico
15,ALIM,Alimentos,2020-02-01,2020,2,31.23,24.47,6.760000000000002,0.21645853346141536,False,True,Febrero
15,ALIM,Alimentos,2020-03-01,2020,3,31.13,24.46,6.669999999999998,0.214262769033087,False,False,Ninguno
15,ALIM,Alimentos,2020-04-01,2020,4,31.28,24.49,6.790000000000003,0.21707161125319702,False,False,Esporádico
15,ALIM,Alimentos,2020-05-01,2020,5,33.21,25.88,7.330000000000002,0.2207166516109606,True,True,Esporádico
15,ALIM,Alimentos,2020-06-01,2020,6,33.32,25.88,7.440000000000001,0.22328931572629054,False,False,Ninguno
15,ALIM,Alimentos,2020-07-01,2020,7,35.36,25.87,9.489999999999998,0.2683823529411764,False,True,Julio
15,ALIM,Alimentos,2020-08-01,2020,8,35.54,25.86,9.68,0.2723691615081598,False,False,Ninguno
15,ALIM,Alimentos,2020-09-01,2020,9,35.46,25.88,9.580000000000002,0.2701635645798083,False,False,Esporádico
15,ALIM,Alimentos,2020-10-01,2020,10,35.42,25.85,9.57,0.2701863354037267,False,False,Ninguno
15,ALIM,Alimentos,2020-11-01,2020,11,35.49,25.91,9.580000000000002,0.2699351930121161,False,False,Ninguno
15,ALIM,Alimentos,2020-12-01,2020,12,35.44,25.9,9.54,0.26918735891647855,False,False,Ninguno
15,ALIM,Alimentos,2021-01-01,2021,1,35.4,25.88,9.52,0.2689265536723164,False,False,Ninguno
15,ALIM,Alimentos,2021-02-01,2021,2,37.07,27.33,9.740000000000002,0.2627461559212302,True,True,Febrero
15,ALIM,Alimentos,2021-03-01,2021,3,37.04,27.26,9.779999999999998,0.26403887688984873,False,False,Ninguno
15,ALIM,Alimentos,2021-04-01,2021,4,36.5,27.83,8.670000000000002,0.2375342465753425,True,True,Esporádico
15,ALIM,Alimentos,2021-05-01,2021,5,36.5,27.81,8.690000000000001,0.23808219178082196,False,False,Ninguno
15,ALIM,Alimentos,2021-06-01,2021,6,36.41,27.9,8.509999999999998,0.2337269980774512,False,False,Ninguno
15,ALIM,Alimentos,2021-07-01,2021,7,36.45,29.12,7.330000000000002,0.20109739368998633,True,False,Julio
15,ALIM,Alimentos,2021-08-01,2021,8,36.42,29.06,7.360000000000003,0.20208676551345423,False,False,Ninguno
15,ALIM,Alimentos,2021-09-01,2021,9,36.43,29.05,7.379999999999999,0.20258029096898159,False,False,Ninguno
15,ALIM,Alimentos,2021-10-01,2021,10,36.58,29.12,7.459999999999997,0.2039365773646801,False,False,Ninguno
15,ALIM,Alimentos,2021-11-01,2021,11,36.54,29.14,7.399999999999999,0.20251778872468523,False,False,Ninguno
15,ALIM,Alimentos,2021-12-01,2021,12,36.45,29.05,7.400000000000002,0.20301783264746232,False,False,Ninguno
15,ALIM,Alimentos,2022-01-01,2022,1,36.44,29.08,7.359999999999999,0.20197585071350163,False,False,Ninguno
15,ALIM,Alimentos,2022-02-01,2022,2,36.47,30.19,6.279999999999998,0.1721963257471894,True,False,Febrero
15,ALIM,Alimentos,2022-03-01,2022,3,36.56,30.25,6.310000000000002,0.17259299781181625,False,False,Ninguno
15,ALIM,Alimentos,2022-04-01,2022,4,36.59,30.19,6.400000000000002,0.17491117791746383,False,False,Esporádico
15,ALIM,Alimentos,2022-05-01,2022,5,36.46,30.26,6.199999999999999,0.170049369171695,False,False,Ninguno
15,ALIM,Alimentos,2022-06-01,2022,6,36.5,30.19,6.309999999999999,0.17287671232876708,False,False,Ninguno
15,ALIM,Alimentos,2022-07-01,2022,7,38.85,33.18,5.670000000000002,0.14594594594594598,True,True,Julio
15,ALIM,Alimentos,2022-08-01,2022,8,38.77,33.2,5.57,0.14366778436935776,False,False,Ninguno
15,ALIM,Alimentos,2022-09-01,2022,9,38.88,33.24,5.640000000000001,0.14506172839506173,False,False,Esporádico
15,ALIM,Alimentos,2022-10-01,2022,10,38.92,33.24,5.68,0.1459403905447071,False,False,Ninguno
15,ALIM,Alimentos,2022-11-01,2022,11,38.82,33.23,5.590000000000003,0.14399793920659462,False,False,Ninguno
15,ALIM,Alimentos,2022-12-01,2022,12,38.76,33.21,5.549999999999997,0.14318885448916402,False,False,Ninguno
15,ALIM,Alimentos,2023-01-01,2023,1,38.76,33.22,5.539999999999999,0.14293085655314755,False,False,Ninguno
15,ALIM,Alimentos,2023-02-01,2023,2,40.21,34.43,5.780000000000001,0.14374533698085057,True,True,Febrero
15,ALIM,Alimentos,2023-03-01,2023,3,40.39,34.5,5.890000000000001,0.1458281752909136,False,False,Ninguno
15,ALIM,Alimentos,2023-04-01,2023,4,40.25,34.47,5.780000000000001,0.1436024844720497,False,False,Ninguno
15,ALIM,Alimentos,2023-05-01,2023,5,40.22,34.41,5.810000000000002,0.1444554947787171,False,False,Ninguno
15,ALIM,Alimentos,2023-06-01,2023,6,40.43,34.43,6.0,0.14840465001236705,False,False,Ninguno
15,ALIM,Alimentos,2023-07-01,2023,7,40.27,35.11,5.160000000000004,0.12813508815495414,True,False,Julio
15,ALIM,Alimentos,2023-08-01,2023,8,40.36,35.16,5.200000000000003,0.12884043607532217,False,False,Ninguno
15,ALIM,Alimentos,2023-09-01,2023,9,40.23,35.13,5.099999999999994,0.12677106636838167,False,False,Ninguno
15,ALIM,Alimentos,2023-10-01,2023,10,40.27,35.15,5.1200000000000045,0.127141792897939,False,False,Ninguno
15,ALIM,Alimentos,2023-11-01,2023,11,40.44,35.12,5.32,0.13155291790306628,False,False,Ninguno
15,ALIM,Alimentos,2023-12-01,2023,12,40.35,35.18,5.170000000000002,0.12812887236679063,False,False,Ninguno
15,ALIM,Alimentos,2024-01-01,2024,1,40.32,35.15,5.170000000000002,0.1282242063492064,False,False,Ninguno
15,ALIM,Alimentos,2024-02-01,2024,2,44.37,36.81,7.559999999999995,0.17038539553752527,True,True,Febrero
15,ALIM,Alimentos,2024-03-01,2024,3,44.47,36.85,7.619999999999997,0.17135147290308067,False,False,Ninguno
15,ALIM,Alimentos,2024-04-01,2024,4,44.38,36.88,7.5,0.1689950428120775,False,False,Ninguno
15,ALIM,Alimentos,2024-05-01,2024,5,44.4,36.8,7.600000000000001,0.1711711711711712,False,False,Ninguno
15,ALIM,Alimentos,2024-06-01,2024,6,44.33,36.8,7.530000000000001,0.1698623956688473,False,False,Ninguno
15,ALIM,Alimentos,2024-07-01,2024,7,44.43,36.81,7.619999999999997,0.17150573936529367,False,False,Julio
15,ALIM,Alimentos,2024-08-01,2024,8,44.35,36.82,7.530000000000001,0.16978579481397973,False,False,Ninguno
15,ALIM,Alimentos,2024-09-01,2024,9,44.3,36.92,7.3799999999999955,0.16659142212189607,False,False,Ninguno
15,ALIM,Alimentos,2024-10-01,2024,10,44.35,36.86,7.490000000000002,0.16888387824126272,False,False,Ninguno
15,ALIM,Alimentos,2024-11-01,2024,11,44.45,36.79,7.660000000000004,0.17232845894263224,False,False,Ninguno
15,ALIM,Alimentos,2024-12-01,2024,12,44.37,36.8,7.57,0.17061077304485014,False,False,Ninguno
15,ALIM,Alimentos,2025-01-01,2025,1,44.41,36.87,7.539999999999999,0.16978158072506191,False,False,Ninguno
15,ALIM,Alimentos,2025-02-01,2025,2,44.86,38.37,6.490000000000002,0.14467231386535895,True,True,Febrero
15,ALIM,Alimentos,2025-03-01,2025,3,44.94,38.39,6.549999999999997,0.1457498887405429,False,False,Ninguno
15,ALIM,Alimentos,2025-04-01,2025,4,44.85,38.39,6.460000000000001,0.1440356744704571,False,False,Ninguno
15,ALIM,Alimentos,2025-05-01,2025,5,44.93,38.31,6.619999999999997,0.14734030714444687,False,False,Ninguno
15,ALIM,Alimentos,2025-06-01,2025,6,44.77,38.33,6.440000000000005,0.14384632566450758,False,False,Ninguno
15,ALIM,Alimentos,2025-07-01,2025,7,48.63,38.39,10.240000000000002,0.2105696072383303,False,True,Julio
15,ALIM,Alimentos,2025-08-01,2025,8,48.61,38.27,10.339999999999996,0.21271343344990734,False,False,Ninguno
15,ALIM,Alimentos,2025-09-01,2025,9,48.76,38.38,10.379999999999995,0.21287940935192773,False,False,Ninguno
15,ALIM,Alimentos,2025-10-01,2025,10,48.52,38.29,10.230000000000004,0.21084089035449305,False,False,Esporádico
15,ALIM,Alimentos,2025-11-01,2025,11,48.61,38.39,10.219999999999999,0.21024480559555644,False,False,Ninguno
16,ALIM,Alimentos,2018-07-01,2018,7,38.93,29.43,9.5,0.24402774210120728,False,False,Ninguno
16,ALIM,Alimentos,2018-08-01,2018,8,38.87,29.43,9.439999999999998,0.2428608181116542,False,False,Ninguno
16,ALIM,Alimentos,2018-09-01,2018,9,38.88,29.52,9.360000000000003,0.2407407407407408,False,False,Esporádico
16,ALIM,Alimentos,2018-10-01,2018,10,38.91,29.54,9.369999999999997,0.2408121305576972,False,False,Esporádico
16,ALIM,Alimentos,2018-11-01,2018,11,38.83,29.46,9.369999999999997,0.24130826680401746,False,False,Ninguno
16,ALIM,Alimentos,2018-12-01,2018,12,38.86,29.46,9.399999999999999,0.24189397838394233,False,False,Ninguno
16,ALIM,Alimentos,2019-01-01,2019,1,38.86,29.43,9.43,0.2426659804426145,False,False,Ninguno
16,ALIM,Alimentos,2019-02-01,2019,2,42.18,30.54,11.64,0.27596017069701284,True,True,Febrero
16,ALIM,Alimentos,2019-03-01,2019,3,42.34,30.48,11.860000000000003,0.2801133679735475,False,False,Ninguno
16,ALIM,Alimentos,2019-04-01,2019,4,42.18,30.51,11.669999999999998,0.2766714082503556,False,False,Ninguno
16,ALIM,Alimentos,2019-05-01,2019,5,42.37,30.55,11.819999999999997,0.2789709700259617,False,False,Ninguno
16,ALIM,Alimentos,2019-06-01,2019,6,42.19,30.52,11.669999999999998,0.27660583076558426,False,False,Ninguno
16,ALIM,Alimentos,2019-07-01,2019,7,42.37,32.23,10.14,0.23932027377861698,True,False,Julio
16,ALIM,Alimentos,2019-08-01,2019,8,42.31,32.23,10.080000000000005,0.23824155046088408,False,False,Ninguno
16,ALIM,Alimentos,2019-09-01,2019,9,42.14,32.22,9.920000000000002,0.235405790223066,False,True,Esporádico
16,ALIM,Alimentos,2019-10-01,2019,10,42.03,32.23,9.800000000000004,0.23316678562931248,False,False,Ninguno
16,ALIM,Alimentos,2019-11-01,2019,11,42.21,32.16,10.050000000000004,0.2380952380952382,False,False,Ninguno
16,ALIM,Alimentos,2019-12-01,2019,12,42.21,32.23,9.980000000000004,0.23643686330253502,False,False,Ninguno
16,ALIM,Alimentos,2020-01-01,2020,1,42.13,32.23,9.900000000000006,0.2349869451697129,False,False,Ninguno
16,ALIM,Alimentos,2020-02-01,2020,2,47.95,35.11,12.840000000000003,0.2677789363920751,True,True,Febrero
16,ALIM,Alimentos,2020-03-01,2020,3,47.91,35.05,12.86,0.26841995408056774,False,False,Ninguno
16,ALIM,Alimentos,2020-04-01,2020,4,47.85,35.13,12.719999999999999,0.26583072100313476,False,False,Ninguno
16,ALIM,Alimentos,2020-05-01,2020,5,47.86,35.05,12.810000000000002,0.26765566234851657,False,False,Ninguno
16,ALIM,Alimentos,2020-06-01,2020,6,47.83,35.06,12.769999999999996,0.26698724649801375,False,False,Esporádico
16,ALIM,Alimentos,2020-07-01,2020,7,48.95,35.15,13.800000000000004,0.28192032686414714,False,True,Julio
16,ALIM,Alimentos,2020-08-01,2020,8,48.82,35.05,13.770000000000003,0.28205653420729215,False,False,Ninguno
16,ALIM,Alimentos,2020-09-01,2020,9,48.91,35.12,13.79,0.2819464322224494,False,False,Esporádico
16,ALIM,Alimentos,2020-10-01,2020,10,48.99,35.14,13.850000000000001,0.28271075729740763,False,False,Ninguno
16,ALIM,Alimentos,2020-11-01,2020,11,48.88,35.14,13.740000000000002,0.28109656301145663,False,False,Ninguno
16,ALIM,Alimentos,2020-12-01,2020,12,48.88,35.12,13.760000000000005,0.28150572831423903,False,False,Ninguno
16,ALIM,Alimentos,2021-01-01,2021,1,48.88,37.17,11.71,0.23956628477905073,True,False,Esporádico
16,ALIM,Alimentos,2021-02-01,2021,2,48.55,37.96,10.589999999999996,0.2181256436663233,True,True,Febrero
16,ALIM,Alimentos,2021-03-01,2021,3,48.71,37.97,10.740000000000002,0.22048860603572165,False,False,Ninguno
16,ALIM,Alimentos,2021-04-01,2021,4,48.7,37.98,10.720000000000006,0.22012320328542107,False,False,Ninguno
16,ALIM,Alimentos,2021-05-01,2021,5,48.5,37.89,10.61,0.21876288659793813,False,False,Ninguno
16,ALIM,Alimentos,2021-06-01,2021,6,48.58,37.97,10.61,0.2184026348291478,False,False,Ninguno
16,ALIM,Alimentos,2021-07-01,2021,7,49.81,37.87,11.940000000000005,0.23971090142541668,False,True,Julio
16,ALIM,Alimentos,2021-08-01,2021,8,50.11,38.71,11.399999999999999,0.2274995010975853,True,True,Esporádico
16,ALIM,Alimentos,2021-09-01,2021,9,52.66,38.67,13.989999999999995,0.265666540068363,False,True,Esporádico
16,ALIM,Alimentos,2021-10-01,2021,10,52.48,38.76,13.719999999999999,0.2614329268292683,False,False,Ninguno
16,ALIM,Alimentos,2021-11-01,2021,11,52.69,38.76,13.93,0.26437654203833744,False,False,Esporádico
16,ALIM,Alimentos,2021-12-01,2021,12,52.65,38.75,13.899999999999999,0.26400759734093066,False,False,Ninguno
16,ALIM,Alimentos,2022-01-01,2022,1,52.56,38.66,13.900000000000006,0.26445966514459673,False,False,Ninguno
16,ALIM,Alimentos,2022-02-01,2022,2,61.48,39.45,22.029999999999994,0.35832791151594007,True,True,Febrero
16,ALIM,Alimentos,2022-03-01,2022,3,61.52,39.52,22.0,0.3576072821846554,False,False,Ninguno
16,ALIM,Alimentos,2022-04-01,2022,4,61.3,39.55,21.75,0.3548123980424144,False,False,Ninguno
16,ALIM,Alimentos,2022-05-01,2022,5,61.36,39.4,21.96,0.3578878748370274,False,False,Ninguno
16,ALIM,Alimentos,2022-06-01,2022,6,61.22,39.42,21.799999999999997,0.35609278013721,False,False,Ninguno
16,ALIM,Alimentos,2022-07-01,2022,7,62.53,39.52,23.009999999999998,0.36798336798336795,False,True,Julio
16,ALIM,Alimentos,2022-08-01,2022,8,62.56,39.45,23.11,0.3694053708439897,False,False,Ninguno
16,ALIM,Alimentos,2022-09-01,2022,9,62.32,39.43,22.89,0.36729781771501924,False,False,Ninguno
16,ALIM,Alimentos,2022-10-01,2022,10,62.55,39.52,23.029999999999994,0.368185451638689,False,False,Ninguno
16,ALIM,Alimentos,2022-11-01,2022,11,62.33,39.52,22.809999999999995,0.36595539868442156,False,False,Ninguno
16,ALIM,Alimentos,2022-12-01,2022,12,62.55,39.53,23.019999999999996,0.3680255795363709,False,False,Ninguno
16,ALIM,Alimentos,2023-01-01,2023,1,62.55,39.48,23.07,0.3688249400479616,False,False,Ninguno
16,ALIM,Alimentos,2023-02-01,2023,2,67.3,43.24,24.059999999999995,0.35750371471025255,True,True,Febrero
16,ALIM,Alimentos,2023-03-01,2023,3,67.28,43.14,24.14,0.3587990487514863,False,False,Ninguno
16,ALIM,Alimentos,2023-04-01,2023,4,67.09,43.14,23.950000000000003,0.35698315695334626,False,False,Ninguno
16,ALIM,Alimentos,2023-05-01,2023,5,71.97,44.86,27.11,0.3766847297485063,True,True,Esporádico
16,ALIM,Alimentos,2023-06-01,2023,6,72.18,44.83,27.35000000000001,0.3789138265447493,False,False,Ninguno
16,ALIM,Alimentos,2023-07-01,2023,7,77.76,48.64,29.120000000000005,0.37448559670781895,True,True,Julio
16,ALIM,Alimentos,2023-08-01,2023,8,77.69,48.52,29.169999999999995,0.37546659801776283,False,False,Ninguno
16,ALIM,Alimentos,2023-09-01,2023,9,81.37,48.64,32.730000000000004,0.4022366965712179,False,True,Esporádico
16,ALIM,Alimentos,2023-10-01,2023,10,84.14,50.13,34.01,0.40420727359163294,True,True,Esporádico
16,ALIM,Alimentos,2023-11-01,2023,11,84.16,51.5,32.66,0.38807034220532316,True,True,Esporádico
16,ALIM,Alimentos,2023-12-01,2023,12,84.21,51.41,32.8,0.3895024343902149,False,False,Ninguno
16,ALIM,Alimentos,2024-01-01,2024,1,84.19,51.46,32.73,0.388763511105832,False,False,Ninguno
16,ALIM,Alimentos,2024-02-01,2024,2,83.87,58.48,25.390000000000008,0.3027304161201861,True,False,Febrero
16,ALIM,Alimentos,2024-03-01,2024,3,84.17,58.63,25.54,0.303433527385054,False,False,Ninguno
16,ALIM,Alimentos,2024-04-01,2024,4,84.28,58.61,25.67,0.30457997152349314,False,False,Ninguno
16,ALIM,Alimentos,2024-05-01,2024,5,84.34,58.63,25.71,0.30483756224804365,False,False,Ninguno
16,ALIM,Alimentos,2024-06-01,2024,6,84.1,58.57,25.529999999999994,0.3035671819262782,False,False,Esporádico
16,ALIM,Alimentos,2024-07-01,2024,7,88.17,59.68,28.490000000000002,0.323125779743677,True,True,Julio
16,ALIM,Alimentos,2024-08-01,2024,8,88.0,59.75,28.25,0.3210227272727273,False,False,Ninguno
16,ALIM,Alimentos,2024-09-01,2024,9,86.68,60.91,25.77000000000001,0.29730041532072,True,True,Esporádico
16,ALIM,Alimentos,2024-10-01,2024,10,87.09,60.95,26.14,0.3001492708692157,False,False,Ninguno
16,ALIM,Alimentos,2024-11-01,2024,11,86.98,61.02,25.96,0.29845941595769143,False,False,Ninguno
16,ALIM,Alimentos,2024-12-01,2024,12,87.09,60.86,26.230000000000004,0.301182684579171,False,False,Ninguno
16,ALIM,Alimentos,2025-01-01,2025,1,86.74,61.02,25.71999999999999,0.29651833064330174,False,False,Ninguno
16,ALIM,Alimentos,2025-02-01,2025,2,97.19,63.87,33.32,0.34283362485852453,True,True,Febrero
16,ALIM,Alimentos,2025-03-01,2025,3,104.73,67.3,37.43000000000001,0.3573952067220472,True,True,Esporádico
16,ALIM,Alimentos,2025-04-01,2025,4,106.35,65.68,40.66999999999999,0.38241654913023027,True,True,Esporádico
16,ALIM,Alimentos,2025-05-01,2025,5,106.27,65.88,40.39,0.38006963395125626,False,False,Ninguno
16,ALIM,Alimentos,2025-06-01,2025,6,105.79,65.91,39.88000000000001,0.37697324888930905,False,False,Ninguno
16,ALIM,Alimentos,2025-07-01,2025,7,103.15,66.74,36.41000000000001,0.352981095492002,True,True,Julio
16,ALIM,Alimentos,2025-08-01,2025,8,103.18,66.81,36.370000000000005,0.3524907927893003,False,False,Ninguno
16,ALIM,Alimentos,2025-09-01,2025,9,103.1,65.54,37.55999999999999,0.3643064985451017,True,False,Esporádico
16,ALIM,Alimentos,2025-10-01,2025,10,103.48,65.75,37.730000000000004,0.3646115191341322,False,False,Ninguno
16,ALIM,Alimentos,2025-11-01,2025,11,103.28,65.75,37.53,0.3633810999225407,False,False,Ninguno
17,JUGUE,Juguetes,2018-07-01,2018,7,132.31,84.5,47.81,0.36134834857531556,False,False,Ninguno
17,JUGUE,Juguetes,2018-08-01,2018,8,132.18,84.47,47.71000000000001,0.36094719322136487,False,False,Ninguno
17,JUGUE,Juguetes,2018-09-01,2018,9,132.36,84.48,47.88000000000001,0.36174070716228474,False,False,Ninguno
17,JUGUE,Juguetes,2018-10-01,2018,10,132.12,84.62,47.5,0.35952164698758704,False,False,Ninguno
17,JUGUE,Juguetes,2018-11-01,2018,11,132.72,84.47,48.25,0.3635473176612417,False,False,Ninguno
17,JUGUE,Juguetes,2018-12-01,2018,12,132.35,84.44,47.91,0.3619947109935776,False,False,Ninguno
17,JUGUE,Juguetes,2019-01-01,2019,1,132.2,84.69,47.50999999999999,0.3593797276853252,False,False,Ninguno
17,JUGUE,Juguetes,2019-02-01,2019,2,132.52,86.19,46.33000000000001,0.34960760639903415,True,False,Febrero
17,JUGUE,Juguetes,2019-03-01,2019,3,132.18,86.36,45.82000000000001,0.34664850960811017,False,False,Ninguno
17,JUGUE,Juguetes,2019-04-01,2019,4,132.48,86.28,46.19999999999999,0.34873188405797095,False,False,Ninguno
17,JUGUE,Juguetes,2019-05-01,2019,5,132.57,86.13,46.44,0.35030549898167007,False,False,Ninguno
17,JUGUE,Juguetes,2019-06-01,2019,6,132.46,86.18,46.28,0.3493884946398913,False,False,Ninguno
17,JUGUE,Juguetes,2019-07-01,2019,7,128.92,86.24,42.67999999999999,0.3310580204778157,False,True,Julio
17,JUGUE,Juguetes,2019-08-01,2019,8,128.72,86.37,42.349999999999994,0.32900870105655683,False,False,Ninguno
17,JUGUE,Juguetes,2019-09-01,2019,9,129.03,86.23,42.8,0.33170580485158485,False,False,Ninguno
17,JUGUE,Juguetes,2019-10-01,2019,10,129.12,86.33,42.790000000000006,0.33139714993804215,False,False,Ninguno
17,JUGUE,Juguetes,2019-11-01,2019,11,129.28,86.31,42.97,0.3323793316831683,False,False,Ninguno
17,JUGUE,Juguetes,2019-12-01,2019,12,133.51,89.55,43.959999999999994,0.32926372556362815,True,True,Esporádico
17,JUGUE,Juguetes,2020-01-01,2020,1,133.01,89.57,43.44,0.32659198556499514,False,False,Ninguno
17,JUGUE,Juguetes,2020-02-01,2020,2,147.12,91.21,55.91000000000001,0.3800299075584557,True,True,Febrero
17,JUGUE,Juguetes,2020-03-01,2020,3,147.02,91.34,55.68000000000001,0.37872398313154676,False,False,Ninguno
17,JUGUE,Juguetes,2020-04-01,2020,4,147.06,91.35,55.71000000000001,0.37882496940024485,False,False,Ninguno
17,JUGUE,Juguetes,2020-05-01,2020,5,147.1,91.15,55.94999999999999,0.38035350101971444,False,False,Ninguno
17,JUGUE,Juguetes,2020-06-01,2020,6,146.81,91.31,55.5,0.37803964307608473,False,False,Ninguno
17,JUGUE,Juguetes,2020-07-01,2020,7,161.24,89.58,71.66000000000001,0.44443066236665846,True,True,Julio
17,JUGUE,Juguetes,2020-08-01,2020,8,161.16,89.73,71.42999999999999,0.4432241250930752,False,False,Ninguno
17,JUGUE,Juguetes,2020-09-01,2020,9,160.91,89.75,71.16,0.44223478963395685,False,False,Ninguno
17,JUGUE,Juguetes,2020-10-01,2020,10,161.05,89.72,71.33000000000001,0.44290592983545485,False,False,Ninguno
17,JUGUE,Juguetes,2020-11-01,2020,11,160.82,89.76,71.05999999999999,0.441860465116279,False,False,Ninguno
17,JUGUE,Juguetes,2020-12-01,2020,12,160.87,89.73,71.14,0.4422204264312799,False,False,Ninguno
17,JUGUE,Juguetes,2021-01-01,2021,1,160.9,89.62,71.28,0.4430080795525171,False,False,Ninguno
17,JUGUE,Juguetes,2021-02-01,2021,2,162.95,91.65,71.29999999999998,0.4375575329855783,True,True,Febrero
17,JUGUE,Juguetes,2021-03-01,2021,3,162.15,91.52,70.63000000000001,0.4355843354918286,False,False,Ninguno
17,JUGUE,Juguetes,2021-04-01,2021,4,162.79,91.45,71.33999999999999,0.4382333067141716,False,False,Ninguno
17,JUGUE,Juguetes,2021-05-01,2021,5,162.09,91.45,70.64,0.43580726756740085,False,False,Ninguno
17,JUGUE,Juguetes,2021-06-01,2021,6,162.83,91.52,71.31000000000002,0.4379414112878463,False,False,Ninguno
17,JUGUE,Juguetes,2021-07-01,2021,7,175.21,91.38,83.83000000000001,0.4784544261172308,False,True,Julio
17,JUGUE,Juguetes,2021-08-01,2021,8,174.74,91.39,83.35000000000001,0.4769943916676205,False,False,Ninguno
17,JUGUE,Juguetes,2021-09-01,2021,9,174.77,91.63,83.14000000000001,0.4757109343708875,False,False,Ninguno
17,JUGUE,Juguetes,2021-10-01,2021,10,174.51,91.41,83.1,0.47619047619047616,False,False,Ninguno
17,JUGUE,Juguetes,2021-11-01,2021,11,175.34,91.63,83.71000000000001,0.4774153074027604,False,False,Ninguno
17,JUGUE,Juguetes,2021-12-01,2021,12,175.29,91.54,83.74999999999999,0.47777967938844196,False,False,Ninguno
17,JUGUE,Juguetes,2022-01-01,2022,1,175.09,91.48,83.61,0.47752584385173336,False,True,Esporádico
17,JUGUE,Juguetes,2022-02-01,2022,2,201.5,93.15,108.35,0.5377171215880893,True,True,Febrero
17,JUGUE,Juguetes,2022-03-01,2022,3,201.43,93.21,108.22000000000001,0.5372586010028298,False,False,Ninguno
17,JUGUE,Juguetes,2022-04-01,2022,4,201.71,93.48,108.23,0.5365623915522284,False,False,Ninguno
17,JUGUE,Juguetes,2022-05-01,2022,5,202.07,93.31,108.75999999999999,0.5382293264710248,False,False,Ninguno
17,JUGUE,Juguetes,2022-06-01,2022,6,201.73,93.2,108.52999999999999,0.5379963317305309,False,False,Ninguno
17,JUGUE,Juguetes,2022-07-01,2022,7,208.01,93.36,114.64999999999999,0.5511754242584491,False,True,Julio
17,JUGUE,Juguetes,2022-08-01,2022,8,207.26,93.42,113.83999999999999,0.549261796776995,False,False,Ninguno
17,JUGUE,Juguetes,2022-09-01,2022,9,206.98,93.45,113.52999999999999,0.5485071021354719,False,False,Ninguno
17,JUGUE,Juguetes,2022-10-01,2022,10,207.02,93.15,113.87,0.5500434740604773,False,False,Ninguno
17,JUGUE,Juguetes,2022-11-01,2022,11,207.4,93.26,114.14,0.5503375120540019,False,False,Ninguno
17,JUGUE,Juguetes,2022-12-01,2022,12,207.9,93.37,114.53,0.5508898508898509,False,False,Ninguno
17,JUGUE,Juguetes,2023-01-01,2023,1,207.39,93.33,114.05999999999999,0.5499783017503255,False,False,Ninguno
17,JUGUE,Juguetes,2023-02-01,2023,2,222.04,95.17,126.86999999999999,0.5713835344982886,True,True,Febrero
17,JUGUE,Juguetes,2023-03-01,2023,3,220.96,95.06,125.9,0.5697863866763215,False,False,Ninguno
17,JUGUE,Juguetes,2023-04-01,2023,4,221.24,95.17,126.07000000000001,0.569833664798409,False,False,Ninguno
17,JUGUE,Juguetes,2023-05-01,2023,5,219.13,95.28,123.85,0.5651896134714552,False,True,Esporádico
17,JUGUE,Juguetes,2023-06-01,2023,6,219.35,95.23,124.11999999999999,0.5658536585365853,False,False,Ninguno
17,JUGUE,Juguetes,2023-07-01,2023,7,218.06,95.14,122.92,0.5636980647528204,False,True,Julio
17,JUGUE,Juguetes,2023-08-01,2023,8,217.99,95.15,122.84,0.5635120877104455,False,False,Ninguno
17,JUGUE,Juguetes,2023-09-01,2023,9,218.02,95.05,122.97000000000001,0.564030822860288,False,False,Ninguno
17,JUGUE,Juguetes,2023-10-01,2023,10,217.89,95.09,122.79999999999998,0.563587131121208,False,False,Ninguno
17,JUGUE,Juguetes,2023-11-01,2023,11,225.77,95.35,130.42000000000002,0.577667537759667,False,True,Esporádico
17,JUGUE,Juguetes,2023-12-01,2023,12,225.27,95.03,130.24,0.5781506636480668,False,False,Ninguno
17,JUGUE,Juguetes,2024-01-01,2024,1,225.96,95.32,130.64000000000001,0.5781554257390689,False,False,Ninguno
17,JUGUE,Juguetes,2024-02-01,2024,2,224.56,106.7,117.86,0.524848592803705,True,True,Febrero
17,JUGUE,Juguetes,2024-03-01,2024,3,225.43,106.96,118.47000000000001,0.525528989043162,False,False,Ninguno
17,JUGUE,Juguetes,2024-04-01,2024,4,224.88,106.95,117.92999999999999,0.5244130202774813,False,False,Ninguno
17,JUGUE,Juguetes,2024-05-01,2024,5,225.44,106.81,118.63,0.5262154009936125,False,False,Ninguno
17,JUGUE,Juguetes,2024-06-01,2024,6,225.67,106.68,118.98999999999998,0.5272743386360614,False,False,Ninguno
17,JUGUE,Juguetes,2024-07-01,2024,7,247.7,106.93,140.76999999999998,0.5683084376261607,False,True,Julio
17,JUGUE,Juguetes,2024-08-01,2024,8,265.58,108.68,156.89999999999998,0.5907824384366293,True,True,Esporádico
17,JUGUE,Juguetes,2024-09-01,2024,9,265.43,108.99,156.44,0.5893832648909316,False,False,Ninguno
17,JUGUE,Juguetes,2024-10-01,2024,10,264.93,109.11,155.82,0.5881553617936813,False,False,Ninguno
17,JUGUE,Juguetes,2024-11-01,2024,11,264.56,108.83,155.73000000000002,0.5886377381312369,False,False,Ninguno
17,JUGUE,Juguetes,2024-12-01,2024,12,264.85,108.87,155.98000000000002,0.588937134226921,False,False,Ninguno
17,JUGUE,Juguetes,2025-01-01,2025,1,265.77,108.83,156.94,0.5905105918651465,False,False,Ninguno
17,JUGUE,Juguetes,2025-02-01,2025,2,261.99,126.61,135.38,0.5167372800488568,True,True,Febrero
17,JUGUE,Juguetes,2025-03-01,2025,3,260.68,126.45,134.23000000000002,0.5149225103575266,False,False,Ninguno
17,JUGUE,Juguetes,2025-04-01,2025,4,261.47,126.5,134.97000000000003,0.5161968868321414,False,False,Ninguno
17,JUGUE,Juguetes,2025-05-01,2025,5,262.05,126.5,135.55,0.5172676970043885,False,False,Ninguno
17,JUGUE,Juguetes,2025-06-01,2025,6,261.32,126.65,134.67,0.515345170671973,False,False,Ninguno
17,JUGUE,Juguetes,2025-07-01,2025,7,276.74,129.34,147.4,0.5326299053262991,True,True,Julio
17,JUGUE,Juguetes,2025-08-01,2025,8,276.98,129.25,147.73000000000002,0.5333598093725179,False,False,Ninguno
17,JUGUE,Juguetes,2025-09-01,2025,9,276.74,129.37,147.37,0.532521500325215,False,False,Ninguno
17,JUGUE,Juguetes,2025-10-01,2025,10,275.5,128.98,146.52,0.5318330308529946,False,False,Esporádico
17,JUGUE,Juguetes,2025-11-01,2025,11,288.4,128.58,159.81999999999996,0.5541608876560332,True,True,Esporádico
18,ELEC,Electrónica,2018-07-01,2018,7,397.96,311.85,86.10999999999996,0.21637853050557834,False,False,Ninguno
18,ELEC,Electrónica,2018-08-01,2018,8,397.86,311.57,86.29000000000002,0.21688533655054545,False,False,Ninguno
18,ELEC,Electrónica,2018-09-01,2018,9,404.57,317.47,87.09999999999997,0.21529030822848944,True,True,Esporádico
18,ELEC,Electrónica,2018-10-01,2018,10,404.33,317.08,87.25,0.21578908317463458,False,False,Ninguno
18,ELEC,Electrónica,2018-11-01,2018,11,416.07,317.29,98.77999999999997,0.2374119739466916,False,True,Esporádico
18,ELEC,Electrónica,2018-12-01,2018,12,416.33,317.31,99.01999999999998,0.2378401748612879,False,False,Ninguno
18,ELEC,Electrónica,2019-01-01,2019,1,415.25,317.48,97.76999999999998,0.23544852498494878,False,False,Ninguno
18,ELEC,Electrónica,2019-02-01,2019,2,475.76,323.71,152.05,0.31959391289725914,True,True,Febrero
18,ELEC,Electrónica,2019-03-01,2019,3,476.32,324.12,152.2,0.3195330870003359,False,False,Ninguno
18,ELEC,Electrónica,2019-04-01,2019,4,475.28,324.33,150.95,0.31760225551253995,False,False,Ninguno
18,ELEC,Electrónica,2019-05-01,2019,5,476.23,324.12,152.11,0.31940448942737754,False,False,Ninguno
18,ELEC,Electrónica,2019-06-01,2019,6,474.6,323.78,150.82000000000005,0.3177833965444586,False,False,Ninguno
18,ELEC,Electrónica,2019-07-01,2019,7,476.02,323.28,152.74,0.320868871055838,False,False,Julio
18,ELEC,Electrónica,2019-08-01,2019,8,473.97,324.3,149.67000000000002,0.31577947971390596,False,False,Ninguno
18,ELEC,Electrónica,2019-09-01,2019,9,474.99,324.01,150.98000000000002,0.3178593233541759,False,False,Ninguno
18,ELEC,Electrónica,2019-10-01,2019,10,476.46,323.42,153.03999999999996,0.3212021995550518,False,False,Ninguno
18,ELEC,Electrónica,2019-11-01,2019,11,473.86,323.54,150.32,0.3172244966867851,False,False,Ninguno
18,ELEC,Electrónica,2019-12-01,2019,12,475.77,324.04,151.72999999999996,0.3189146015932067,False,False,Ninguno
18,ELEC,Electrónica,2020-01-01,2020,1,475.55,323.31,152.24,0.3201345810114604,False,False,Ninguno
18,ELEC,Electrónica,2020-02-01,2020,2,458.47,342.38,116.09000000000003,0.25321176958143393,True,True,Febrero
18,ELEC,Electrónica,2020-03-01,2020,3,459.49,342.55,116.94,0.25449955385318507,False,False,Ninguno
18,ELEC,Electrónica,2020-04-01,2020,4,459.62,343.27,116.35000000000002,0.25314390148383453,False,False,Ninguno
18,ELEC,Electrónica,2020-05-01,2020,5,459.58,342.5,117.07999999999998,0.2547543409199704,False,False,Ninguno
18,ELEC,Electrónica,2020-06-01,2020,6,457.87,342.74,115.13,0.2514469172472536,False,False,Ninguno
18,ELEC,Electrónica,2020-07-01,2020,7,457.06,342.21,114.85000000000002,0.2512799194854068,False,False,Julio
18,ELEC,Electrónica,2020-08-01,2020,8,458.17,343.09,115.08000000000004,0.2511731453390664,False,False,Ninguno
18,ELEC,Electrónica,2020-09-01,2020,9,458.6,342.45,116.15000000000003,0.25327082424771047,False,False,Esporádico
18,ELEC,Electrónica,2020-10-01,2020,10,458.5,342.49,116.00999999999999,0.25302071973827694,False,False,Ninguno
18,ELEC,Electrónica,2020-11-01,2020,11,483.49,349.65,133.84000000000003,0.27682061676560016,True,True,Esporádico
18,ELEC,Electrónica,2020-12-01,2020,12,484.81,349.49,135.32,0.2791196551226253,False,False,Ninguno
18,ELEC,Electrónica,2021-01-01,2021,1,483.08,349.45,133.63,0.276620849548729,False,False,Ninguno
18,ELEC,Electrónica,2021-02-01,2021,2,508.07,357.17,150.89999999999998,0.29700631802704347,True,True,Febrero
18,ELEC,Electrónica,2021-03-01,2021,3,509.87,356.51,153.36,0.3007825524153216,False,False,Ninguno
18,ELEC,Electrónica,2021-04-01,2021,4,508.57,357.14,151.43,0.2977564543720629,False,False,Ninguno
18,ELEC,Electrónica,2021-05-01,2021,5,508.32,356.62,151.7,0.2984340572867485,False,False,Ninguno
18,ELEC,Electrónica,2021-06-01,2021,6,507.76,357.3,150.45999999999998,0.29632109658106187,False,False,Ninguno
18,ELEC,Electrónica,2021-07-01,2021,7,529.18,384.74,144.43999999999994,0.27295060281945643,True,True,Julio
18,ELEC,Electrónica,2021-08-01,2021,8,528.18,385.32,142.85999999999996,0.27047597409973867,False,False,Ninguno
18,ELEC,Electrónica,2021-09-01,2021,9,530.75,385.7,145.05,0.2732925105982101,False,False,Ninguno
18,ELEC,Electrónica,2021-10-01,2021,10,529.93,385.55,144.37999999999994,0.27245107844432276,False,False,Ninguno
18,ELEC,Electrónica,2021-11-01,2021,11,528.99,384.79,144.2,0.27259494508402804,False,False,Esporádico
18,ELEC,Electrónica,2021-12-01,2021,12,529.61,384.87,144.74,0.2732954438171485,False,False,Esporádico
18,ELEC,Electrónica,2022-01-01,2022,1,529.77,386.13,143.64,0.27113653094739226,False,False,Ninguno
18,ELEC,Electrónica,2022-02-01,2022,2,567.01,393.02,173.99,0.30685525828468635,True,True,Febrero
18,ELEC,Electrónica,2022-03-01,2022,3,566.26,393.66,172.59999999999997,0.30480697912619636,False,False,Ninguno
18,ELEC,Electrónica,2022-04-01,2022,4,565.05,392.97,172.07999999999993,0.3045394212901512,False,False,Ninguno
18,ELEC,Electrónica,2022-05-01,2022,5,565.39,392.55,172.83999999999997,0.30570048992730675,False,False,Ninguno
18,ELEC,Electrónica,2022-06-01,2022,6,566.47,393.03,173.44000000000005,0.3061768496125127,False,False,Ninguno
18,ELEC,Electrónica,2022-07-01,2022,7,599.53,392.49,207.03999999999996,0.34533718079162007,False,True,Julio
18,ELEC,Electrónica,2022-08-01,2022,8,598.67,392.67,205.99999999999994,0.34409607964320904,False,False,Ninguno
18,ELEC,Electrónica,2022-09-01,2022,9,598.25,393.68,204.57,0.34194734642707897,False,False,Ninguno
18,ELEC,Electrónica,2022-10-01,2022,10,598.71,393.04,205.67000000000002,0.3435219054300079,False,False,Ninguno
18,ELEC,Electrónica,2022-11-01,2022,11,600.11,393.76,206.35000000000002,0.34385362683508025,False,False,Ninguno
18,ELEC,Electrónica,2022-12-01,2022,12,605.8,393.17,212.62999999999994,0.3509904258831297,False,True,Esporádico
18,ELEC,Electrónica,2023-01-01,2023,1,606.53,407.29,199.23999999999995,0.32849158326875827,True,False,Esporádico
18,ELEC,Electrónica,2023-02-01,2023,2,657.93,450.35,207.57999999999993,0.3155046889486723,True,True,Febrero
18,ELEC,Electrónica,2023-03-01,2023,3,657.63,450.58,207.05,0.3148426926995423,False,False,Ninguno
18,ELEC,Electrónica,2023-04-01,2023,4,657.85,450.4,207.45000000000005,0.31534544349015736,False,False,Ninguno
18,ELEC,Electrónica,2023-05-01,2023,5,655.54,451.11,204.42999999999995,0.31184977270647096,False,False,Ninguno
18,ELEC,Electrónica,2023-06-01,2023,6,657.09,451.12,205.97000000000003,0.31345782160739016,False,False,Ninguno
18,ELEC,Electrónica,2023-07-01,2023,7,669.06,474.62,194.43999999999994,0.29061668609691205,True,True,Julio
18,ELEC,Electrónica,2023-08-01,2023,8,712.45,473.81,238.64000000000004,0.3349568390764265,False,True,Esporádico
18,ELEC,Electrónica,2023-09-01,2023,9,712.7,473.47,239.23000000000002,0.33566718114213556,False,False,Ninguno
18,ELEC,Electrónica,2023-10-01,2023,10,710.42,473.5,236.91999999999996,0.33349286337659406,False,False,Ninguno
18,ELEC,Electrónica,2023-11-01,2023,11,710.28,473.4,236.88,0.3335022807906741,False,False,Ninguno
18,ELEC,Electrónica,2023-12-01,2023,12,727.74,514.63,213.11,0.2928381015197736,True,True,Esporádico
18,ELEC,Electrónica,2024-01-01,2024,1,729.75,514.51,215.24,0.2949503254539226,False,False,Ninguno
18,ELEC,Electrónica,2024-02-01,2024,2,816.89,553.99,262.9,0.32183035659635933,True,True,Febrero
18,ELEC,Electrónica,2024-03-01,2024,3,815.0,553.46,261.53999999999996,0.3209079754601227,False,False,Ninguno
18,ELEC,Electrónica,2024-04-01,2024,4,815.42,554.87,260.54999999999995,0.31952858649530297,False,False,Ninguno
18,ELEC,Electrónica,2024-05-01,2024,5,816.64,553.67,262.97,0.32201459639498436,False,False,Ninguno
18,ELEC,Electrónica,2024-06-01,2024,6,815.1,553.81,261.2900000000001,0.3205618942461049,False,False,Ninguno
18,ELEC,Electrónica,2024-07-01,2024,7,811.78,554.09,257.68999999999994,0.31743822217842266,False,True,Julio
18,ELEC,Electrónica,2024-08-01,2024,8,809.9,554.33,255.56999999999994,0.31555747623163344,False,False,Ninguno
18,ELEC,Electrónica,2024-09-01,2024,9,811.16,553.78,257.38,0.31729868336702993,False,False,Ninguno
18,ELEC,Electrónica,2024-10-01,2024,10,813.49,555.08,258.40999999999997,0.31765602527382014,False,False,Ninguno
18,ELEC,Electrónica,2024-11-01,2024,11,811.04,553.59,257.44999999999993,0.3174319392385085,False,False,Ninguno
18,ELEC,Electrónica,2024-12-01,2024,12,809.2,553.63,255.57000000000005,0.31583044982698966,False,False,Ninguno
18,ELEC,Electrónica,2025-01-01,2025,1,812.06,554.87,257.18999999999994,0.316713050759796,False,False,Ninguno
18,ELEC,Electrónica,2025-02-01,2025,2,772.72,566.36,206.36,0.26705663112123407,True,True,Febrero
18,ELEC,Electrónica,2025-03-01,2025,3,769.29,564.78,204.51,0.2658425301251804,False,False,Ninguno
18,ELEC,Electrónica,2025-04-01,2025,4,772.5,566.44,206.05999999999995,0.26674433656957924,False,False,Ninguno
18,ELEC,Electrónica,2025-05-01,2025,5,768.45,565.42,203.0300000000001,0.2642071702778321,False,False,Ninguno
18,ELEC,Electrónica,2025-06-01,2025,6,770.87,564.56,206.31000000000006,0.2676326747700651,False,False,Ninguno
18,ELEC,Electrónica,2025-07-01,2025,7,768.27,577.11,191.15999999999997,0.24881877464953725,True,False,Julio
18,ELEC,Electrónica,2025-08-01,2025,8,769.63,577.58,192.04999999999995,0.24953549108012935,False,False,Ninguno
18,ELEC,Electrónica,2025-09-01,2025,9,770.93,575.86,195.06999999999994,0.25303205219669744,False,False,Ninguno
18,ELEC,Electrónica,2025-10-01,2025,10,772.72,576.68,196.04000000000008,0.25370121130551826,False,False,Ninguno
18,ELEC,Electrónica,2025-11-01,2025,11,769.49,577.02,192.47000000000003,0.25012670729964004,False,False,Ninguno
19,ELEC,Electrónica,2018-07-01,2018,7,311.26,253.07,58.19,0.18694981687335346,False,False,Ninguno
19,ELEC,Electrónica,2018-08-01,2018,8,310.66,252.71,57.95000000000002,0.18653833773256942,False,False,Ninguno
19,ELEC,Electrónica,2018-09-01,2018,9,312.12,252.59,59.53,0.1907279251569909,False,False,Ninguno
19,ELEC,Electrónica,2018-10-01,2018,10,310.98,252.97,58.01000000000002,0.18653932728792855,False,False,Ninguno
19,ELEC,Electrónica,2018-11-01,2018,11,312.09,252.39,59.69999999999999,0.1912909737575699,False,False,Ninguno
19,ELEC,Electrónica,2018-12-01,2018,12,310.74,253.1,57.640000000000015,0.18549269485743713,False,False,Ninguno
19,ELEC,Electrónica,2019-01-01,2019,1,311.19,252.61,58.579999999999984,0.1882451235579549,False,False,Ninguno
19,ELEC,Electrónica,2019-02-01,2019,2,310.72,253.04,57.680000000000035,0.185633367662204,False,False,Febrero
19,ELEC,Electrónica,2019-03-01,2019,3,311.97,252.37,59.60000000000002,0.19104401064204898,False,False,Ninguno
19,ELEC,Electrónica,2019-04-01,2019,4,311.48,252.21,59.27000000000001,0.1902850905355079,False,False,Ninguno
19,ELEC,Electrónica,2019-05-01,2019,5,311.19,252.6,58.59,0.1882772582666538,False,False,Ninguno
19,ELEC,Electrónica,2019-06-01,2019,6,311.55,252.56,58.99000000000001,0.1893436045578559,False,False,Ninguno
19,ELEC,Electrónica,2019-07-01,2019,7,334.43,257.98,76.44999999999999,0.2285979128666686,True,True,Julio
19,ELEC,Electrónica,2019-08-01,2019,8,334.66,257.35,77.31,0.23101057789995816,False,False,Ninguno
19,ELEC,Electrónica,2019-09-01,2019,9,334.94,257.57,77.37,0.23099659640532635,False,False,Ninguno
19,ELEC,Electrónica,2019-10-01,2019,10,334.23,257.9,76.33000000000004,0.2283756694491818,False,False,Ninguno
19,ELEC,Electrónica,2019-11-01,2019,11,334.9,257.24,77.65999999999997,0.23189011645267235,False,False,Ninguno
19,ELEC,Electrónica,2019-12-01,2019,12,334.51,257.92,76.58999999999997,0.22896176496965703,False,False,Ninguno
19,ELEC,Electrónica,2020-01-01,2020,1,334.64,257.86,76.77999999999997,0.2294405928759263,False,False,Ninguno
19,ELEC,Electrónica,2020-02-01,2020,2,381.19,296.23,84.95999999999998,0.2228809779899787,True,True,Febrero
19,ELEC,Electrónica,2020-03-01,2020,3,381.21,296.37,84.83999999999997,0.22255449752105133,False,False,Ninguno
19,ELEC,Electrónica,2020-04-01,2020,4,382.55,296.68,85.87,0.22446738988367534,False,False,Ninguno
19,ELEC,Electrónica,2020-05-01,2020,5,382.55,296.68,85.87,0.22446738988367534,False,False,Esporádico
19,ELEC,Electrónica,2020-06-01,2020,6,381.02,296.35,84.66999999999996,0.22221930607317192,False,False,Ninguno
19,ELEC,Electrónica,2020-07-01,2020,7,381.28,308.54,72.73999999999995,0.19077843054972712,True,False,Julio
19,ELEC,Electrónica,2020-08-01,2020,8,382.93,307.81,75.12,0.1961716240566161,False,False,Ninguno
19,ELEC,Electrónica,2020-09-01,2020,9,382.92,307.9,75.02000000000004,0.19591559594693417,False,False,Ninguno
19,ELEC,Electrónica,2020-10-01,2020,10,382.48,308.92,73.56,0.19232378163564107,False,False,Ninguno
19,ELEC,Electrónica,2020-11-01,2020,11,382.64,323.58,59.06,0.15434873510349154,True,False,Esporádico
19,ELEC,Electrónica,2020-12-01,2020,12,381.73,323.2,58.53000000000003,0.15332826867157423,False,False,Ninguno
19,ELEC,Electrónica,2021-01-01,2021,1,381.6,323.63,57.97000000000003,0.151912997903564,False,False,Ninguno
19,ELEC,Electrónica,2021-02-01,2021,2,407.73,331.6,76.13,0.18671669977681307,True,True,Febrero
19,ELEC,Electrónica,2021-03-01,2021,3,408.92,331.71,77.21000000000004,0.18881443803188896,False,False,Ninguno
19,ELEC,Electrónica,2021-04-01,2021,4,408.6,331.56,77.04000000000002,0.18854625550660797,False,False,Ninguno
19,ELEC,Electrónica,2021-05-01,2021,5,407.27,331.51,75.75999999999999,0.186019102806492,False,False,Ninguno
19,ELEC,Electrónica,2021-06-01,2021,6,405.1,354.27,50.83000000000004,0.12547519131078755,True,True,Esporádico
19,ELEC,Electrónica,2021-07-01,2021,7,434.29,360.44,73.85000000000002,0.1700476640033158,True,True,Julio
19,ELEC,Electrónica,2021-08-01,2021,8,432.36,360.22,72.13999999999999,0.1668516976593579,False,False,Ninguno
19,ELEC,Electrónica,2021-09-01,2021,9,433.79,361.49,72.30000000000001,0.16667050877152542,False,False,Ninguno
19,ELEC,Electrónica,2021-10-01,2021,10,432.88,361.3,71.57999999999998,0.16535760487895027,False,False,Esporádico
19,ELEC,Electrónica,2021-11-01,2021,11,433.58,361.05,72.52999999999997,0.16728170118547897,False,False,Ninguno
19,ELEC,Electrónica,2021-12-01,2021,12,433.81,360.94,72.87,0.16797676402111525,False,False,Ninguno
19,ELEC,Electrónica,2022-01-01,2022,1,433.15,360.9,72.25,0.16680133902805033,False,False,Ninguno
19,ELEC,Electrónica,2022-02-01,2022,2,431.47,368.29,63.18000000000001,0.146429647484182,True,True,Febrero
19,ELEC,Electrónica,2022-03-01,2022,3,432.8,368.2,64.60000000000002,0.14926062846580412,False,False,Ninguno
19,ELEC,Electrónica,2022-04-01,2022,4,431.02,367.6,63.41999999999996,0.14713934388195435,False,False,Ninguno
19,ELEC,Electrónica,2022-05-01,2022,5,432.44,367.47,64.96999999999997,0.1502404957913236,False,False,Ninguno
19,ELEC,Electrónica,2022-06-01,2022,6,430.98,368.53,62.450000000000045,0.1449023156526986,False,False,Ninguno
19,ELEC,Electrónica,2022-07-01,2022,7,446.75,382.91,63.839999999999975,0.14289871292669273,True,True,Julio
19,ELEC,Electrónica,2022-08-01,2022,8,445.89,382.2,63.69,0.1428379196662854,False,False,Ninguno
19,ELEC,Electrónica,2022-09-01,2022,9,446.55,381.62,64.93,0.14540365020714366,False,False,Ninguno
19,ELEC,Electrónica,2022-10-01,2022,10,457.98,389.98,68.0,0.14847809948032664,True,True,Esporádico
19,ELEC,Electrónica,2022-11-01,2022,11,459.32,389.58,69.74000000000001,0.151833144648611,False,False,Ninguno
19,ELEC,Electrónica,2022-12-01,2022,12,457.64,390.63,67.00999999999999,0.1464251376627917,False,False,Ninguno
19,ELEC,Electrónica,2023-01-01,2023,1,459.09,390.51,68.57999999999998,0.149382474024701,False,False,Ninguno
19,ELEC,Electrónica,2023-02-01,2023,2,464.02,406.12,57.89999999999998,0.12477910434895043,True,True,Febrero
19,ELEC,Electrónica,2023-03-01,2023,3,464.9,406.53,58.370000000000005,0.12555388255538827,False,False,Ninguno
19,ELEC,Electrónica,2023-04-01,2023,4,464.34,413.84,50.5,0.10875651462290563,True,False,Esporádico
19,ELEC,Electrónica,2023-05-01,2023,5,463.81,414.09,49.72000000000003,0.10719906858411855,False,False,Ninguno
19,ELEC,Electrónica,2023-06-01,2023,6,464.86,414.76,50.10000000000002,0.1077743836854107,False,False,Ninguno
19,ELEC,Electrónica,2023-07-01,2023,7,501.96,441.64,60.31999999999999,0.12016893776396524,True,True,Julio
19,ELEC,Electrónica,2023-08-01,2023,8,501.88,439.97,61.90999999999997,0.12335618076034105,False,False,Ninguno
19,ELEC,Electrónica,2023-09-01,2023,9,503.06,440.36,62.69999999999999,0.1246372202123007,False,False,Esporádico
19,ELEC,Electrónica,2023-10-01,2023,10,503.26,455.6,47.65999999999997,0.09470253944283268,True,False,Esporádico
19,ELEC,Electrónica,2023-11-01,2023,11,503.07,456.16,46.90999999999997,0.09324746059196527,False,False,Ninguno
19,ELEC,Electrónica,2023-12-01,2023,12,502.1,456.59,45.51000000000005,0.09063931487751453,False,False,Ninguno
19,ELEC,Electrónica,2024-01-01,2024,1,501.35,455.82,45.53000000000003,0.09081480003989234,False,False,Ninguno
19,ELEC,Electrónica,2024-02-01,2024,2,585.99,513.51,72.48000000000002,0.12368811754466803,True,True,Febrero
19,ELEC,Electrónica,2024-03-01,2024,3,587.32,514.8,72.5200000000001,0.12347612885650086,False,False,Ninguno
19,ELEC,Electrónica,2024-04-01,2024,4,584.57,513.54,71.03000000000009,0.12150811707751011,False,False,Ninguno
19,ELEC,Electrónica,2024-05-01,2024,5,585.83,514.76,71.07000000000005,0.12131505726917373,False,False,Ninguno
19,ELEC,Electrónica,2024-06-01,2024,6,584.62,513.82,70.79999999999995,0.12110430707125988,False,False,Ninguno
19,ELEC,Electrónica,2024-07-01,2024,7,612.1,515.05,97.05000000000007,0.1585525240973698,False,True,Julio
19,ELEC,Electrónica,2024-08-01,2024,8,610.48,514.46,96.01999999999998,0.1572860699777224,False,False,Esporádico
19,ELEC,Electrónica,2024-09-01,2024,9,610.6,513.47,97.13,0.15907304290861446,False,False,Ninguno
19,ELEC,Electrónica,2024-10-01,2024,10,610.82,514.08,96.74000000000001,0.15837726335090535,False,False,Ninguno
19,ELEC,Electrónica,2024-11-01,2024,11,609.47,514.1,95.37,0.15648022051946772,False,False,Ninguno
19,ELEC,Electrónica,2024-12-01,2024,12,609.75,513.49,96.25999999999999,0.15786797867978677,False,False,Ninguno
19,ELEC,Electrónica,2025-01-01,2025,1,609.24,513.5,95.74000000000001,0.1571466088897643,False,False,Ninguno
19,ELEC,Electrónica,2025-02-01,2025,2,691.49,605.29,86.20000000000005,0.12465834646921871,True,True,Febrero
19,ELEC,Electrónica,2025-03-01,2025,3,690.28,606.41,83.87,0.12150141971373936,False,False,Ninguno
19,ELEC,Electrónica,2025-04-01,2025,4,689.23,605.97,83.25999999999999,0.12080147410878805,False,False,Ninguno
19,ELEC,Electrónica,2025-05-01,2025,5,689.54,604.74,84.79999999999995,0.12298053774980416,False,False,Ninguno
19,ELEC,Electrónica,2025-06-01,2025,6,690.7,605.63,85.07000000000005,0.12316490516866953,False,False,Ninguno
19,ELEC,Electrónica,2025-07-01,2025,7,690.49,606.49,84.0,0.12165273935900592,True,False,Julio
19,ELEC,Electrónica,2025-08-01,2025,8,690.27,606.48,83.78999999999996,0.12138728323699417,False,False,Ninguno
19,ELEC,Electrónica,2025-09-01,2025,9,690.77,607.85,82.91999999999996,0.12003995541207632,False,False,Ninguno
19,ELEC,Electrónica,2025-10-01,2025,10,691.48,608.0,83.48000000000002,0.12072655752877888,False,False,Ninguno
19,ELEC,Electrónica,2025-11-01,2025,11,715.74,623.18,92.56000000000006,0.12932070304859314,True,True,Esporádico
20,BELLE,Belleza,2018-07-01,2018,7,31.87,20.65,11.220000000000002,0.35205522434891756,False,False,Ninguno
20,BELLE,Belleza,2018-08-01,2018,8,31.73,20.62,11.11,0.350141821619918,False,False,Esporádico
20,BELLE,Belleza,2018-09-01,2018,9,31.73,20.68,11.05,0.3482508666876773,False,False,Ninguno
20,BELLE,Belleza,2018-10-01,2018,10,31.82,20.64,11.18,0.3513513513513513,False,False,Ninguno
20,BELLE,Belleza,2018-11-01,2018,11,31.72,20.64,11.079999999999998,0.34930643127364436,False,False,Ninguno
20,BELLE,Belleza,2018-12-01,2018,12,31.73,20.6,11.129999999999999,0.350772139930665,False,False,Ninguno
20,BELLE,Belleza,2019-01-01,2019,1,31.81,20.65,11.16,0.35083307136120717,False,False,Ninguno
20,BELLE,Belleza,2019-02-01,2019,2,35.73,21.02,14.709999999999997,0.4116988525048978,True,True,Febrero
20,BELLE,Belleza,2019-03-01,2019,3,35.68,21.07,14.61,0.40947309417040356,False,False,Ninguno
20,BELLE,Belleza,2019-04-01,2019,4,36.2,21.06,15.140000000000004,0.4182320441988951,False,True,Esporádico
20,BELLE,Belleza,2019-05-01,2019,5,36.13,21.08,15.050000000000004,0.4165513423747579,False,False,Ninguno
20,BELLE,Belleza,2019-06-01,2019,6,36.08,21.07,15.009999999999998,0.41601995565410194,False,False,Ninguno
20,BELLE,Belleza,2019-07-01,2019,7,37.17,22.27,14.900000000000002,0.4008609093354856,True,True,Julio
20,BELLE,Belleza,2019-08-01,2019,8,37.1,22.3,14.8,0.39892183288409705,False,False,Ninguno
20,BELLE,Belleza,2019-09-01,2019,9,37.02,22.33,14.690000000000005,0.3968125337655322,False,False,Ninguno
20,BELLE,Belleza,2019-10-01,2019,10,36.73,22.5,14.229999999999997,0.38742172610944725,True,True,Esporádico
20,BELLE,Belleza,2019-11-01,2019,11,36.72,22.46,14.259999999999998,0.38834422657952067,False,False,Ninguno
20,BELLE,Belleza,2019-12-01,2019,12,36.74,22.46,14.280000000000001,0.3886771910724007,False,False,Ninguno
20,BELLE,Belleza,2020-01-01,2020,1,36.66,22.47,14.189999999999998,0.38707037643207853,False,False,Ninguno
20,BELLE,Belleza,2020-02-01,2020,2,35.62,23.74,11.879999999999999,0.3335204941044357,True,True,Febrero
20,BELLE,Belleza,2020-03-01,2020,3,35.43,23.72,11.71,0.3305108664973187,False,False,Ninguno
20,BELLE,Belleza,2020-04-01,2020,4,35.52,23.71,11.810000000000002,0.3324887387387388,False,False,Esporádico
20,BELLE,Belleza,2020-05-01,2020,5,35.56,23.7,11.860000000000003,0.3335208098987627,False,False,Ninguno
20,BELLE,Belleza,2020-06-01,2020,6,35.51,23.77,11.739999999999998,0.3306110954660659,False,False,Ninguno
20,BELLE,Belleza,2020-07-01,2020,7,35.85,23.72,12.130000000000003,0.33835425383542544,False,True,Julio
20,BELLE,Belleza,2020-08-01,2020,8,35.92,23.76,12.16,0.33853006681514475,False,False,Ninguno
20,BELLE,Belleza,2020-09-01,2020,9,35.97,23.72,12.25,0.34056157909368917,False,False,Ninguno
20,BELLE,Belleza,2020-10-01,2020,10,35.97,23.72,12.25,0.34056157909368917,False,False,Ninguno
20,BELLE,Belleza,2020-11-01,2020,11,36.0,23.69,12.309999999999999,0.3419444444444444,False,False,Ninguno
20,BELLE,Belleza,2020-12-01,2020,12,35.97,23.77,12.2,0.33917153183208226,False,False,Ninguno
20,BELLE,Belleza,2021-01-01,2021,1,35.86,23.77,12.09,0.33714445064138315,False,False,Ninguno
20,BELLE,Belleza,2021-02-01,2021,2,38.55,24.54,14.009999999999998,0.36342412451361866,True,True,Febrero
20,BELLE,Belleza,2021-03-01,2021,3,38.56,24.51,14.05,0.36436721991701243,False,False,Ninguno
20,BELLE,Belleza,2021-04-01,2021,4,38.64,24.51,14.129999999999999,0.3656832298136646,False,False,Ninguno
20,BELLE,Belleza,2021-05-01,2021,5,38.48,24.52,13.959999999999997,0.3627858627858627,False,False,Esporádico
20,BELLE,Belleza,2021-06-01,2021,6,38.61,24.55,14.059999999999999,0.36415436415436414,False,False,Ninguno
20,BELLE,Belleza,2021-07-01,2021,7,39.13,26.18,12.950000000000003,0.3309481216457961,True,True,Julio
20,BELLE,Belleza,2021-08-01,2021,8,39.13,26.1,13.030000000000001,0.3329925888065423,False,False,Ninguno
20,BELLE,Belleza,2021-09-01,2021,9,39.09,26.19,12.900000000000002,0.3300076745970837,False,False,Ninguno
20,BELLE,Belleza,2021-10-01,2021,10,39.03,26.12,12.91,0.33077120163976426,False,False,Ninguno
20,BELLE,Belleza,2021-11-01,2021,11,39.1,26.11,12.990000000000002,0.33222506393861895,False,False,Ninguno
20,BELLE,Belleza,2021-12-01,2021,12,39.02,26.16,12.860000000000003,0.32957457713992827,False,False,Ninguno
20,BELLE,Belleza,2022-01-01,2022,1,39.18,26.19,12.989999999999998,0.3315467075038284,False,False,Ninguno
20,BELLE,Belleza,2022-02-01,2022,2,44.22,27.99,16.23,0.36702849389416553,True,True,Febrero
20,BELLE,Belleza,2022-03-01,2022,3,46.94,29.17,17.769999999999996,0.37856838517256064,True,True,Esporádico
20,BELLE,Belleza,2022-04-01,2022,4,46.92,29.15,17.770000000000003,0.37872975277067356,False,False,Ninguno
20,BELLE,Belleza,2022-05-01,2022,5,46.73,29.25,17.479999999999997,0.3740637705970468,False,False,Ninguno
20,BELLE,Belleza,2022-06-01,2022,6,46.69,29.22,17.47,0.37417005782822876,False,False,Ninguno
20,BELLE,Belleza,2022-07-01,2022,7,48.82,29.76,19.06,0.3904137648504711,True,True,Julio
20,BELLE,Belleza,2022-08-01,2022,8,48.69,29.77,18.919999999999998,0.38858081741630723,False,False,Ninguno
20,BELLE,Belleza,2022-09-01,2022,9,48.83,29.79,19.04,0.38992422690968664,False,False,Ninguno
20,BELLE,Belleza,2022-10-01,2022,10,48.06,29.81,18.250000000000004,0.37973366625052024,False,True,Esporádico
20,BELLE,Belleza,2022-11-01,2022,11,48.12,29.79,18.33,0.3809226932668329,False,False,Ninguno
20,BELLE,Belleza,2022-12-01,2022,12,48.16,29.71,18.449999999999996,0.3830980066445182,False,False,Ninguno
20,BELLE,Belleza,2023-01-01,2023,1,48.15,29.77,18.38,0.38172377985462097,False,False,Ninguno
20,BELLE,Belleza,2023-02-01,2023,2,55.14,30.33,24.810000000000002,0.44994559303590864,True,True,Febrero
20,BELLE,Belleza,2023-03-01,2023,3,55.08,30.34,24.74,0.4491648511256354,False,False,Ninguno
20,BELLE,Belleza,2023-04-01,2023,4,55.34,30.38,24.960000000000004,0.4510299963859776,False,False,Ninguno
20,BELLE,Belleza,2023-05-01,2023,5,55.18,30.36,24.82,0.4498006524102936,False,False,Ninguno
20,BELLE,Belleza,2023-06-01,2023,6,55.25,30.38,24.87,0.4501357466063349,False,False,Ninguno
20,BELLE,Belleza,2023-07-01,2023,7,59.46,32.31,27.15,0.4566094853683148,True,True,Julio
20,BELLE,Belleza,2023-08-01,2023,8,59.5,32.36,27.14,0.4561344537815126,False,False,Ninguno
20,BELLE,Belleza,2023-09-01,2023,9,59.39,32.31,27.08,0.4559690183532581,False,False,Ninguno
20,BELLE,Belleza,2023-10-01,2023,10,59.52,32.32,27.200000000000003,0.456989247311828,False,False,Ninguno
20,BELLE,Belleza,2023-11-01,2023,11,59.33,32.26,27.07,0.45626158772964776,False,False,Ninguno
20,BELLE,Belleza,2023-12-01,2023,12,59.58,32.31,27.269999999999996,0.4577039274924471,False,False,Ninguno
20,BELLE,Belleza,2024-01-01,2024,1,61.49,32.27,29.22,0.4751992193852659,False,True,Esporádico
20,BELLE,Belleza,2024-02-01,2024,2,59.01,32.29,26.72,0.4528046093882393,False,True,Febrero
20,BELLE,Belleza,2024-03-01,2024,3,59.02,32.26,26.760000000000005,0.4534056252117927,False,False,Ninguno
20,BELLE,Belleza,2024-04-01,2024,4,58.97,32.29,26.68,0.4524334407325759,False,False,Ninguno
20,BELLE,Belleza,2024-05-01,2024,5,59.13,32.29,26.840000000000003,0.45391510231692883,False,False,Ninguno
20,BELLE,Belleza,2024-06-01,2024,6,59.09,32.3,26.790000000000006,0.45337620578778143,False,False,Ninguno
20,BELLE,Belleza,2024-07-01,2024,7,61.11,33.23,27.880000000000003,0.4562264768450336,True,True,Julio
20,BELLE,Belleza,2024-08-01,2024,8,61.3,33.3,28.0,0.45676998368678634,False,False,Ninguno
20,BELLE,Belleza,2024-09-01,2024,9,61.29,33.34,27.949999999999996,0.4560287159406102,False,False,Ninguno
20,BELLE,Belleza,2024-10-01,2024,10,61.1,34.0,27.1,0.44353518821603927,True,False,Esporádico
20,BELLE,Belleza,2024-11-01,2024,11,61.29,34.02,27.269999999999996,0.4449339207048458,False,False,Ninguno
20,BELLE,Belleza,2024-12-01,2024,12,61.11,34.08,27.03,0.44231713303878256,False,False,Ninguno
20,BELLE,Belleza,2025-01-01,2025,1,61.4,34.12,27.28,0.444299674267101,False,False,Ninguno
20,BELLE,Belleza,2025-02-01,2025,2,58.77,33.92,24.85,0.422834779649481,True,True,Febrero
20,BELLE,Belleza,2025-03-01,2025,3,59.46,34.62,24.840000000000003,0.41775983854692234,True,True,Esporádico
20,BELLE,Belleza,2025-04-01,2025,4,59.45,34.67,24.78,0.41682085786375106,False,False,Ninguno
20,BELLE,Belleza,2025-05-01,2025,5,59.25,34.59,24.659999999999997,0.4162025316455696,False,False,Ninguno
20,BELLE,Belleza,2025-06-01,2025,6,59.14,34.65,24.490000000000002,0.41410213053770717,False,False,Ninguno
20,BELLE,Belleza,2025-07-01,2025,7,57.25,34.66,22.590000000000003,0.394585152838428,False,True,Julio
20,BELLE,Belleza,2025-08-01,2025,8,58.4,35.27,23.129999999999995,0.3960616438356164,True,True,Esporádico
20,BELLE,Belleza,2025-09-01,2025,9,58.32,35.29,23.03,0.3948902606310014,False,False,Ninguno
20,BELLE,Belleza,2025-10-01,2025,10,58.5,35.4,23.1,0.3948717948717949,False,False,Ninguno
20,BELLE,Belleza,2025-11-01,2025,11,61.36,35.31,26.049999999999997,0.4245436766623207,False,True,Esporádico
21,MUEB,Muebles,2018-07-01,2018,7,264.23,172.46,91.77000000000001,0.347311054762896,False,False,Ninguno
21,MUEB,Muebles,2018-08-01,2018,8,263.83,172.8,91.02999999999997,0.34503278626388195,False,False,Ninguno
21,MUEB,Muebles,2018-09-01,2018,9,264.43,172.66,91.77000000000001,0.34704836818817836,False,False,Ninguno
21,MUEB,Muebles,2018-10-01,2018,10,263.41,172.38,91.03000000000003,0.34558293155157366,False,False,Esporádico
21,MUEB,Muebles,2018-11-01,2018,11,264.2,172.57,91.63,0.3468205904617714,False,False,Ninguno
21,MUEB,Muebles,2018-12-01,2018,12,263.35,173.02,90.33000000000001,0.3430036073666224,False,False,Ninguno
21,MUEB,Muebles,2019-01-01,2019,1,264.28,172.94,91.33999999999997,0.3456182836385651,False,False,Ninguno
21,MUEB,Muebles,2019-02-01,2019,2,271.96,176.47,95.48999999999998,0.3511178114428592,True,True,Febrero
21,MUEB,Muebles,2019-03-01,2019,3,272.21,176.34,95.86999999999998,0.3521913228757209,False,False,Ninguno
21,MUEB,Muebles,2019-04-01,2019,4,272.35,176.29,96.06000000000003,0.3527079126124473,False,False,Ninguno
21,MUEB,Muebles,2019-05-01,2019,5,286.82,182.77,104.04999999999998,0.3627710759361271,True,True,Esporádico
21,MUEB,Muebles,2019-06-01,2019,6,286.96,182.64,104.32,0.36353498745469753,False,False,Ninguno
21,MUEB,Muebles,2019-07-01,2019,7,293.49,182.53,110.96000000000001,0.3780708030938022,False,True,Julio
21,MUEB,Muebles,2019-08-01,2019,8,294.53,182.51,112.01999999999998,0.3803347706515465,False,False,Ninguno
21,MUEB,Muebles,2019-09-01,2019,9,293.97,182.23,111.74000000000004,0.3801068136204376,False,False,Ninguno
21,MUEB,Muebles,2019-10-01,2019,10,293.01,182.42,110.59,0.3774273915566022,False,False,Ninguno
21,MUEB,Muebles,2019-11-01,2019,11,294.45,182.25,112.19999999999999,0.38104941416199695,False,False,Ninguno
21,MUEB,Muebles,2019-12-01,2019,12,294.37,182.78,111.59,0.3790807487176003,False,False,Ninguno
21,MUEB,Muebles,2020-01-01,2020,1,293.4,198.51,94.88999999999999,0.3234151329243354,True,False,Esporádico
21,MUEB,Muebles,2020-02-01,2020,2,303.84,209.71,94.12999999999997,0.3098012111637703,True,True,Febrero
21,MUEB,Muebles,2020-03-01,2020,3,303.05,209.89,93.16000000000003,0.30740801847879895,False,False,Ninguno
21,MUEB,Muebles,2020-04-01,2020,4,303.76,209.8,93.95999999999998,0.30932314985514875,False,False,Ninguno
21,MUEB,Muebles,2020-05-01,2020,5,303.14,209.89,93.25,0.3076136438609224,False,False,Ninguno
21,MUEB,Muebles,2020-06-01,2020,6,302.8,210.03,92.77000000000001,0.3063738441215324,False,False,Ninguno
21,MUEB,Muebles,2020-07-01,2020,7,304.18,209.71,94.47,0.3105726872246696,False,False,Julio
21,MUEB,Muebles,2020-08-01,2020,8,303.23,209.88,93.35000000000002,0.30785212544932894,False,False,Ninguno
21,MUEB,Muebles,2020-09-01,2020,9,303.79,209.99,93.80000000000001,0.3087659238289608,False,False,Esporádico
21,MUEB,Muebles,2020-10-01,2020,10,304.09,210.08,94.00999999999996,0.30915189582031627,False,False,Ninguno
21,MUEB,Muebles,2020-11-01,2020,11,314.2,209.82,104.38,0.3322087842138765,False,True,Esporádico
21,MUEB,Muebles,2020-12-01,2020,12,314.74,209.63,105.11000000000001,0.33395818771049124,False,False,Ninguno
21,MUEB,Muebles,2021-01-01,2021,1,314.92,209.91,105.01000000000002,0.3334497650196876,False,False,Ninguno
21,MUEB,Muebles,2021-02-01,2021,2,317.64,209.41,108.22999999999999,0.34073164588842714,False,True,Febrero
21,MUEB,Muebles,2021-03-01,2021,3,318.09,209.65,108.43999999999997,0.3409098054009871,False,False,Ninguno
21,MUEB,Muebles,2021-04-01,2021,4,317.81,209.43,108.38,0.3410213649664894,False,False,Ninguno
21,MUEB,Muebles,2021-05-01,2021,5,317.03,210.2,106.82999999999998,0.33697126454909626,False,False,Ninguno
21,MUEB,Muebles,2021-06-01,2021,6,316.87,209.8,107.07,0.3378988228611102,False,False,Ninguno
21,MUEB,Muebles,2021-07-01,2021,7,325.56,218.24,107.32,0.3296473768276201,True,True,Julio
21,MUEB,Muebles,2021-08-01,2021,8,323.85,217.96,105.89000000000001,0.3269723637486491,False,False,Ninguno
21,MUEB,Muebles,2021-09-01,2021,9,324.93,218.54,106.39000000000001,0.32742436832548555,False,False,Ninguno
21,MUEB,Muebles,2021-10-01,2021,10,324.97,218.57,106.40000000000003,0.3274148382927656,False,False,Ninguno
21,MUEB,Muebles,2021-11-01,2021,11,324.65,218.5,106.14999999999998,0.32696750346527026,False,False,Ninguno
21,MUEB,Muebles,2021-12-01,2021,12,325.59,218.44,107.14999999999998,0.3290948739211892,False,False,Ninguno
21,MUEB,Muebles,2022-01-01,2022,1,324.16,218.29,105.87000000000003,0.32659797630799614,False,False,Ninguno
21,MUEB,Muebles,2022-02-01,2022,2,324.29,215.76,108.53000000000003,0.33466958586450407,True,False,Febrero
21,MUEB,Muebles,2022-03-01,2022,3,324.89,215.85,109.03999999999999,0.3356212872049001,False,False,Ninguno
21,MUEB,Muebles,2022-04-01,2022,4,324.64,216.09,108.54999999999998,0.33437037949728926,False,False,Ninguno
21,MUEB,Muebles,2022-05-01,2022,5,323.97,216.12,107.85000000000002,0.33290119455505146,False,False,Ninguno
21,MUEB,Muebles,2022-06-01,2022,6,324.14,215.66,108.47999999999999,0.3346702042327389,False,False,Ninguno
21,MUEB,Muebles,2022-07-01,2022,7,337.45,215.77,121.67999999999998,0.36058675359312486,False,True,Julio
21,MUEB,Muebles,2022-08-01,2022,8,338.53,215.93,122.59999999999997,0.36215401884618786,False,False,Ninguno
21,MUEB,Muebles,2022-09-01,2022,9,338.2,215.6,122.6,0.3625073920756948,False,False,Ninguno
21,MUEB,Muebles,2022-10-01,2022,10,338.5,216.16,122.34,0.36141802067946827,False,False,Ninguno
21,MUEB,Muebles,2022-11-01,2022,11,337.19,233.27,103.91999999999999,0.30819419318485125,True,False,Esporádico
21,MUEB,Muebles,2022-12-01,2022,12,337.81,234.08,103.72999999999999,0.3070661022468251,False,False,Ninguno
21,MUEB,Muebles,2023-01-01,2023,1,338.22,233.78,104.44000000000003,0.3087930932529124,False,False,Ninguno
21,MUEB,Muebles,2023-02-01,2023,2,393.9,255.29,138.60999999999999,0.3518913429804519,True,True,Febrero
21,MUEB,Muebles,2023-03-01,2023,3,393.34,255.45,137.89,0.3505618548838155,False,False,Ninguno
21,MUEB,Muebles,2023-04-01,2023,4,395.34,254.79,140.54999999999998,0.3555167703748672,False,False,Ninguno
21,MUEB,Muebles,2023-05-01,2023,5,393.74,254.81,138.93,0.35284705643317926,False,False,Ninguno
21,MUEB,Muebles,2023-06-01,2023,6,394.82,260.16,134.65999999999997,0.34106681525758564,True,False,Esporádico
21,MUEB,Muebles,2023-07-01,2023,7,395.01,259.89,135.12,0.3420672894357105,False,False,Julio
21,MUEB,Muebles,2023-08-01,2023,8,393.96,260.43,133.52999999999997,0.3389430399025281,False,False,Ninguno
21,MUEB,Muebles,2023-09-01,2023,9,393.72,260.07,133.65000000000003,0.33945443462359043,False,False,Ninguno
21,MUEB,Muebles,2023-10-01,2023,10,394.75,260.66,134.08999999999997,0.339683343888537,False,False,Ninguno
21,MUEB,Muebles,2023-11-01,2023,11,393.94,260.62,133.32,0.3384271716505051,False,False,Ninguno
21,MUEB,Muebles,2023-12-01,2023,12,417.57,260.44,157.13,0.3762961898603827,False,True,Esporádico
21,MUEB,Muebles,2024-01-01,2024,1,416.83,260.65,156.18,0.37468512343161486,False,False,Ninguno
21,MUEB,Muebles,2024-02-01,2024,2,417.52,259.78,157.74,0.37780226096953445,False,False,Febrero
21,MUEB,Muebles,2024-03-01,2024,3,417.28,260.4,156.88,0.37595858895705525,False,False,Ninguno
21,MUEB,Muebles,2024-04-01,2024,4,417.11,259.86,157.25,0.37699887319891634,False,False,Ninguno
21,MUEB,Muebles,2024-05-01,2024,5,416.91,259.97,156.94,0.3764361612818114,False,False,Ninguno
21,MUEB,Muebles,2024-06-01,2024,6,417.71,260.32,157.39,0.37679251155107607,False,False,Ninguno
21,MUEB,Muebles,2024-07-01,2024,7,425.54,257.19,168.35000000000002,0.395614983315317,True,True,Julio
21,MUEB,Muebles,2024-08-01,2024,8,427.36,257.72,169.64,0.3969487083489329,False,False,Ninguno
21,MUEB,Muebles,2024-09-01,2024,9,426.95,257.29,169.65999999999997,0.39737674200726075,False,False,Ninguno
21,MUEB,Muebles,2024-10-01,2024,10,427.2,257.84,169.36,0.39644194756554313,False,False,Ninguno
21,MUEB,Muebles,2024-11-01,2024,11,427.48,257.1,170.38,0.39856835407504443,False,False,Ninguno
21,MUEB,Muebles,2024-12-01,2024,12,425.9,257.3,168.59999999999997,0.3958675745480159,False,False,Ninguno
21,MUEB,Muebles,2025-01-01,2025,1,426.27,256.98,169.28999999999996,0.39714265606305854,False,False,Ninguno
21,MUEB,Muebles,2025-02-01,2025,2,412.34,257.17,155.16999999999996,0.3763156618324683,False,True,Febrero
21,MUEB,Muebles,2025-03-01,2025,3,413.72,257.74,155.98000000000002,0.37701827322827036,False,False,Ninguno
21,MUEB,Muebles,2025-04-01,2025,4,413.68,257.22,156.45999999999998,0.3782150454457551,False,False,Esporádico
21,MUEB,Muebles,2025-05-01,2025,5,413.45,257.79,155.65999999999997,0.37649050671181516,False,False,Ninguno
21,MUEB,Muebles,2025-06-01,2025,6,413.26,257.06,156.2,0.37797028505057345,False,False,Ninguno
21,MUEB,Muebles,2025-07-01,2025,7,412.79,278.32,134.47000000000003,0.3257588604375106,True,False,Julio
21,MUEB,Muebles,2025-08-01,2025,8,412.82,278.67,134.14999999999998,0.32496003100624965,False,False,Ninguno
21,MUEB,Muebles,2025-09-01,2025,9,412.33,278.08,134.25,0.3255887274755657,False,False,Ninguno
21,MUEB,Muebles,2025-10-01,2025,10,413.69,278.84,134.85000000000002,0.3259687205395345,False,False,Ninguno
21,MUEB,Muebles,2025-11-01,2025,11,413.91,278.1,135.81,0.32811480756686234,False,False,Ninguno
22,BELLE,Belleza,2018-07-01,2018,7,105.78,67.03,38.75,0.3663263376819815,False,False,Ninguno
22,BELLE,Belleza,2018-08-01,2018,8,105.47,67.08,38.39,0.3639897601213615,False,False,Ninguno
22,BELLE,Belleza,2018-09-01,2018,9,112.06,66.86,45.2,0.403355345350705,False,True,Esporádico
22,BELLE,Belleza,2018-10-01,2018,10,112.04,67.03,45.010000000000005,0.4017315244555516,False,False,Ninguno
22,BELLE,Belleza,2018-11-01,2018,11,112.17,66.9,45.269999999999996,0.4035838459481144,False,False,Ninguno
22,BELLE,Belleza,2018-12-01,2018,12,111.62,66.87,44.75,0.40091381472854326,False,False,Ninguno
22,BELLE,Belleza,2019-01-01,2019,1,111.91,67.02,44.89,0.4011259047448843,False,False,Ninguno
22,BELLE,Belleza,2019-02-01,2019,2,126.23,66.93,59.3,0.4697773904776994,False,True,Febrero
22,BELLE,Belleza,2019-03-01,2019,3,126.51,67.05,59.46000000000001,0.4700023713540432,False,False,Ninguno
22,BELLE,Belleza,2019-04-01,2019,4,126.64,66.88,59.760000000000005,0.47188881869867344,False,False,Ninguno
22,BELLE,Belleza,2019-05-01,2019,5,130.11,66.99,63.12000000000002,0.4851279686419185,False,True,Esporádico
22,BELLE,Belleza,2019-06-01,2019,6,130.4,67.05,63.35000000000001,0.4858128834355829,False,False,Ninguno
22,BELLE,Belleza,2019-07-01,2019,7,140.78,68.7,72.08,0.5120045461002983,True,True,Julio
22,BELLE,Belleza,2019-08-01,2019,8,140.29,70.09,70.19999999999999,0.5003920450495402,True,False,Esporádico
22,BELLE,Belleza,2019-09-01,2019,9,141.01,71.3,69.71,0.49436210197858305,True,False,Esporádico
22,BELLE,Belleza,2019-10-01,2019,10,140.73,71.48,69.24999999999999,0.4920770269310026,False,False,Ninguno
22,BELLE,Belleza,2019-11-01,2019,11,140.41,71.37,69.03999999999999,0.49170287016594255,False,False,Ninguno
22,BELLE,Belleza,2019-12-01,2019,12,140.45,71.56,68.88999999999999,0.49049483802064786,False,False,Ninguno
22,BELLE,Belleza,2020-01-01,2020,1,140.53,71.51,69.02,0.491140681704974,False,False,Ninguno
22,BELLE,Belleza,2020-02-01,2020,2,133.15,68.32,64.83000000000001,0.48689447990987617,True,True,Febrero
22,BELLE,Belleza,2020-03-01,2020,3,132.66,68.27,64.39,0.48537614955525404,False,False,Ninguno
22,BELLE,Belleza,2020-04-01,2020,4,132.79,68.26,64.52999999999999,0.4859552677159424,False,False,Ninguno
22,BELLE,Belleza,2020-05-01,2020,5,133.08,68.29,64.79,0.48685001502855424,False,False,Ninguno
22,BELLE,Belleza,2020-06-01,2020,6,132.78,68.3,64.48,0.4856153035095647,False,False,Esporádico
22,BELLE,Belleza,2020-07-01,2020,7,130.1,68.44,61.66,0.47394312067640276,False,True,Julio
22,BELLE,Belleza,2020-08-01,2020,8,130.42,68.19,62.22999999999999,0.4771507437509584,False,False,Ninguno
22,BELLE,Belleza,2020-09-01,2020,9,130.23,68.33,61.89999999999999,0.47531290793212005,False,False,Ninguno
22,BELLE,Belleza,2020-10-01,2020,10,130.52,68.28,62.24000000000001,0.47686178363469206,False,False,Ninguno
22,BELLE,Belleza,2020-11-01,2020,11,130.54,68.22,62.31999999999999,0.4774015627393902,False,False,Ninguno
22,BELLE,Belleza,2020-12-01,2020,12,130.23,68.34,61.889999999999986,0.4752361207095139,False,False,Ninguno
22,BELLE,Belleza,2021-01-01,2021,1,130.1,68.29,61.80999999999999,0.4750960799385088,False,False,Esporádico
22,BELLE,Belleza,2021-02-01,2021,2,130.37,72.96,57.41000000000001,0.4403620464830867,True,False,Febrero
22,BELLE,Belleza,2021-03-01,2021,3,130.24,73.16,57.08000000000001,0.43826781326781333,False,False,Ninguno
22,BELLE,Belleza,2021-04-01,2021,4,130.17,73.14,57.02999999999999,0.43811938234616266,False,False,Ninguno
22,BELLE,Belleza,2021-05-01,2021,5,130.06,72.89,57.17,0.43956635399046595,False,False,Ninguno
22,BELLE,Belleza,2021-06-01,2021,6,130.07,72.99,57.08,0.43884062427923426,False,False,Ninguno
22,BELLE,Belleza,2021-07-01,2021,7,130.56,69.48,61.08,0.4678308823529412,True,False,Julio
22,BELLE,Belleza,2021-08-01,2021,8,130.03,69.44,60.59,0.4659693916788434,False,False,Esporádico
22,BELLE,Belleza,2021-09-01,2021,9,129.96,69.26,60.7,0.4670667897814712,False,False,Ninguno
22,BELLE,Belleza,2021-10-01,2021,10,130.63,69.43,61.19999999999999,0.46849881344254757,False,False,Ninguno
22,BELLE,Belleza,2021-11-01,2021,11,130.0,69.35,60.650000000000006,0.46653846153846157,False,False,Ninguno
22,BELLE,Belleza,2021-12-01,2021,12,130.18,69.37,60.81,0.4671224458442157,False,False,Ninguno
22,BELLE,Belleza,2022-01-01,2022,1,130.39,69.33,61.05999999999999,0.46828744535623895,False,False,Ninguno
22,BELLE,Belleza,2022-02-01,2022,2,124.23,71.56,52.67,0.4239716654592289,True,True,Febrero
22,BELLE,Belleza,2022-03-01,2022,3,124.2,71.29,52.91,0.42600644122383247,False,False,Esporádico
22,BELLE,Belleza,2022-04-01,2022,4,124.35,71.29,53.05999999999999,0.42669883393646957,False,False,Ninguno
22,BELLE,Belleza,2022-05-01,2022,5,124.32,71.51,52.80999999999999,0.4247908622908622,False,False,Ninguno
22,BELLE,Belleza,2022-06-01,2022,6,124.56,71.41,53.150000000000006,0.42670199100834943,False,False,Ninguno
22,BELLE,Belleza,2022-07-01,2022,7,129.58,71.53,58.05000000000001,0.4479858002778207,False,True,Julio
22,BELLE,Belleza,2022-08-01,2022,8,129.51,71.28,58.22999999999999,0.44961779013203607,False,False,Esporádico
22,BELLE,Belleza,2022-09-01,2022,9,129.68,71.41,58.27000000000001,0.4493368291178286,False,False,Ninguno
22,BELLE,Belleza,2022-10-01,2022,10,129.67,71.42,58.249999999999986,0.4492172437726536,False,False,Ninguno
22,BELLE,Belleza,2022-11-01,2022,11,129.1,71.5,57.599999999999994,0.4461657629744384,False,False,Ninguno
22,BELLE,Belleza,2022-12-01,2022,12,129.68,71.43,58.25,0.44918260333127696,False,False,Ninguno
22,BELLE,Belleza,2023-01-01,2023,1,128.98,71.52,57.459999999999994,0.4454954256473872,False,False,Esporádico
22,BELLE,Belleza,2023-02-01,2023,2,122.37,74.89,47.480000000000004,0.38800359565252923,True,True,Febrero
22,BELLE,Belleza,2023-03-01,2023,3,122.45,75.01,47.44,0.3874234381380155,False,False,Ninguno
22,BELLE,Belleza,2023-04-01,2023,4,122.2,75.01,47.19,0.3861702127659574,False,False,Ninguno
22,BELLE,Belleza,2023-05-01,2023,5,122.38,74.86,47.519999999999996,0.38829874162444844,False,False,Ninguno
22,BELLE,Belleza,2023-06-01,2023,6,122.25,74.84,47.41,0.38781186094069525,False,False,Ninguno
22,BELLE,Belleza,2023-07-01,2023,7,122.61,74.82,47.790000000000006,0.3897724492292636,False,False,Julio
22,BELLE,Belleza,2023-08-01,2023,8,122.51,74.85,47.66000000000001,0.38902946698228724,False,False,Ninguno
22,BELLE,Belleza,2023-09-01,2023,9,122.84,74.88,47.96000000000001,0.3904265711494628,False,False,Ninguno
22,BELLE,Belleza,2023-10-01,2023,10,122.56,75.04,47.519999999999996,0.38772845953002605,False,False,Ninguno
22,BELLE,Belleza,2023-11-01,2023,11,122.28,74.86,47.42,0.3877984952567877,False,False,Ninguno
22,BELLE,Belleza,2023-12-01,2023,12,124.11,76.64,47.47,0.3824832809604383,True,True,Esporádico
22,BELLE,Belleza,2024-01-01,2024,1,124.45,76.6,47.85000000000001,0.38449176376054645,False,False,Ninguno
22,BELLE,Belleza,2024-02-01,2024,2,134.5,72.9,61.599999999999994,0.457992565055762,True,True,Febrero
22,BELLE,Belleza,2024-03-01,2024,3,134.6,73.13,61.47,0.4566864784546805,False,False,Ninguno
22,BELLE,Belleza,2024-04-01,2024,4,134.88,73.11,61.769999999999996,0.45796263345195726,False,False,Esporádico
22,BELLE,Belleza,2024-05-01,2024,5,135.21,72.89,62.32000000000001,0.46091265438946827,False,False,Ninguno
22,BELLE,Belleza,2024-06-01,2024,6,135.14,72.94,62.19999999999999,0.46026343051650137,False,False,Ninguno
22,BELLE,Belleza,2024-07-01,2024,7,130.6,74.47,56.129999999999995,0.4297856049004594,True,True,Julio
22,BELLE,Belleza,2024-08-01,2024,8,130.7,74.6,56.099999999999994,0.4292272379495027,False,False,Ninguno
22,BELLE,Belleza,2024-09-01,2024,9,130.69,74.57,56.120000000000005,0.42941311500497364,False,False,Ninguno
22,BELLE,Belleza,2024-10-01,2024,10,130.22,74.38,55.84,0.4288127783750576,False,False,Ninguno
22,BELLE,Belleza,2024-11-01,2024,11,130.3,74.78,55.52000000000001,0.4260936300844206,True,False,Esporádico
22,BELLE,Belleza,2024-12-01,2024,12,130.12,74.83,55.290000000000006,0.4249154626498617,False,False,Esporádico
22,BELLE,Belleza,2025-01-01,2025,1,130.12,74.88,55.24000000000001,0.42453120196741473,False,False,Ninguno
22,BELLE,Belleza,2025-02-01,2025,2,146.18,76.39,69.79,0.47742509235189495,True,True,Febrero
22,BELLE,Belleza,2025-03-01,2025,3,146.1,76.21,69.89,0.4783709787816564,False,False,Ninguno
22,BELLE,Belleza,2025-04-01,2025,4,149.03,77.7,71.33,0.47862846406763737,True,True,Esporádico
22,BELLE,Belleza,2025-05-01,2025,5,149.64,77.98,71.65999999999998,0.478882651697407,False,False,Ninguno
22,BELLE,Belleza,2025-06-01,2025,6,148.83,77.8,71.03000000000002,0.4772559295840893,False,False,Ninguno
22,BELLE,Belleza,2025-07-01,2025,7,148.06,77.81,70.25,0.47446980953667434,False,True,Julio
22,BELLE,Belleza,2025-08-01,2025,8,147.9,77.73,70.17,0.4744421906693712,False,False,Ninguno
22,BELLE,Belleza,2025-09-01,2025,9,148.09,77.72,70.37,0.47518400972381664,False,False,Ninguno
22,BELLE,Belleza,2025-10-01,2025,10,147.91,77.81,70.1,0.47393685349198833,False,False,Ninguno
22,BELLE,Belleza,2025-11-01,2025,11,148.31,79.29,69.02,0.46537657609062094,True,True,Esporádico
23,DEPOR,Deportes,2018-07-01,2018,7,271.52,184.61,86.90999999999997,0.3200869180907483,False,False,Ninguno
23,DEPOR,Deportes,2018-08-01,2018,8,270.75,184.2,86.55000000000001,0.3196675900277009,False,False,Ninguno
23,DEPOR,Deportes,2018-09-01,2018,9,271.24,184.38,86.86000000000001,0.32023300398171367,False,False,Ninguno
23,DEPOR,Deportes,2018-10-01,2018,10,270.45,184.41,86.03999999999999,0.3181364392678868,False,False,Ninguno
23,DEPOR,Deportes,2018-11-01,2018,11,271.53,184.59,86.93999999999997,0.32018561484918784,False,False,Ninguno
23,DEPOR,Deportes,2018-12-01,2018,12,270.43,184.43,86.0,0.31801205487556855,False,False,Ninguno
23,DEPOR,Deportes,2019-01-01,2019,1,270.85,184.32,86.53000000000003,0.3194757245707957,False,True,Esporádico
23,DEPOR,Deportes,2019-02-01,2019,2,297.86,195.54,102.32000000000002,0.3435170885650978,True,True,Febrero
23,DEPOR,Deportes,2019-03-01,2019,3,297.23,195.42,101.81000000000003,0.3425293543720352,False,False,Ninguno
23,DEPOR,Deportes,2019-04-01,2019,4,296.71,195.89,100.82,0.3397930639344815,False,False,Ninguno
23,DEPOR,Deportes,2019-05-01,2019,5,297.97,195.35,102.62000000000003,0.34439708695506266,False,False,Ninguno
23,DEPOR,Deportes,2019-06-01,2019,6,297.61,195.53,102.08000000000001,0.3429992271765062,False,False,Ninguno
23,DEPOR,Deportes,2019-07-01,2019,7,286.95,195.8,91.14999999999998,0.3176511587384561,False,True,Julio
23,DEPOR,Deportes,2019-08-01,2019,8,287.46,195.3,92.15999999999997,0.32060112711333744,False,False,Ninguno
23,DEPOR,Deportes,2019-09-01,2019,9,287.85,195.56,92.29000000000002,0.32061837762723644,False,True,Esporádico
23,DEPOR,Deportes,2019-10-01,2019,10,288.23,195.38,92.85000000000002,0.3221385698921001,False,False,Ninguno
23,DEPOR,Deportes,2019-11-01,2019,11,283.13,199.55,83.57999999999998,0.2952000847667149,True,True,Esporádico
23,DEPOR,Deportes,2019-12-01,2019,12,284.5,199.41,85.09,0.29908611599297014,False,False,Ninguno
23,DEPOR,Deportes,2020-01-01,2020,1,284.57,199.29,85.28,0.29968021927820926,False,False,Ninguno
23,DEPOR,Deportes,2020-02-01,2020,2,301.57,203.87,97.69999999999999,0.32397121729615014,True,True,Febrero
23,DEPOR,Deportes,2020-03-01,2020,3,300.92,203.58,97.34,0.3234746776551907,False,False,Ninguno
23,DEPOR,Deportes,2020-04-01,2020,4,302.23,203.28,98.95000000000002,0.32739966250868546,False,False,Ninguno
23,DEPOR,Deportes,2020-05-01,2020,5,301.24,203.42,97.82000000000002,0.32472447218164924,False,False,Ninguno
23,DEPOR,Deportes,2020-06-01,2020,6,301.18,203.77,97.41,0.3234278504548775,False,False,Ninguno
23,DEPOR,Deportes,2020-07-01,2020,7,321.93,226.41,95.52000000000001,0.296710465007921,True,True,Julio
23,DEPOR,Deportes,2020-08-01,2020,8,320.73,225.92,94.81000000000003,0.29560689676675095,False,False,Ninguno
23,DEPOR,Deportes,2020-09-01,2020,9,320.67,226.29,94.38000000000002,0.2943212648517168,False,False,Ninguno
23,DEPOR,Deportes,2020-10-01,2020,10,322.0,226.54,95.46000000000001,0.29645962732919257,False,False,Ninguno
23,DEPOR,Deportes,2020-11-01,2020,11,320.89,226.25,94.63999999999999,0.2949297266976222,False,False,Ninguno
23,DEPOR,Deportes,2020-12-01,2020,12,321.09,226.74,94.34999999999997,0.2938428477996822,False,False,Ninguno
23,DEPOR,Deportes,2021-01-01,2021,1,320.91,226.31,94.60000000000002,0.2947867003209623,False,False,Ninguno
23,DEPOR,Deportes,2021-02-01,2021,2,357.34,248.73,108.60999999999999,0.3039402249958023,True,True,Febrero
23,DEPOR,Deportes,2021-03-01,2021,3,358.43,248.36,110.07,0.30708925034176826,False,False,Ninguno
23,DEPOR,Deportes,2021-04-01,2021,4,358.31,248.29,110.02000000000001,0.3070525522592169,False,False,Ninguno
23,DEPOR,Deportes,2021-05-01,2021,5,357.94,248.86,109.07999999999998,0.30474381181203547,False,False,Ninguno
23,DEPOR,Deportes,2021-06-01,2021,6,358.33,248.66,109.66999999999999,0.3060586610108001,False,False,Ninguno
23,DEPOR,Deportes,2021-07-01,2021,7,348.15,260.52,87.63,0.25170185264971995,True,True,Julio
23,DEPOR,Deportes,2021-08-01,2021,8,348.31,260.57,87.74000000000001,0.25190204128506216,False,False,Ninguno
23,DEPOR,Deportes,2021-09-01,2021,9,348.07,260.47,87.59999999999997,0.25167351394834364,False,False,Ninguno
23,DEPOR,Deportes,2021-10-01,2021,10,348.31,260.29,88.01999999999998,0.2527059228847865,False,False,Ninguno
23,DEPOR,Deportes,2021-11-01,2021,11,347.17,260.67,86.5,0.2491574732839819,False,False,Ninguno
23,DEPOR,Deportes,2021-12-01,2021,12,348.31,260.4,87.91000000000003,0.25239011225632346,False,False,Esporádico
23,DEPOR,Deportes,2022-01-01,2022,1,347.19,260.6,86.58999999999997,0.249402344537573,False,False,Ninguno
23,DEPOR,Deportes,2022-02-01,2022,2,405.08,260.85,144.22999999999996,0.35605312530858096,False,True,Febrero
23,DEPOR,Deportes,2022-03-01,2022,3,403.91,260.55,143.36,0.35493055383625066,False,False,Ninguno
23,DEPOR,Deportes,2022-04-01,2022,4,404.03,261.04,142.98999999999995,0.35390936316610144,False,False,Ninguno
23,DEPOR,Deportes,2022-05-01,2022,5,403.37,260.84,142.53000000000003,0.35334804273991627,False,False,Ninguno
23,DEPOR,Deportes,2022-06-01,2022,6,403.06,260.57,142.49,0.35352056765742074,False,False,Ninguno
23,DEPOR,Deportes,2022-07-01,2022,7,402.76,260.32,142.44,0.35365974774058995,False,False,Julio
23,DEPOR,Deportes,2022-08-01,2022,8,405.13,260.14,144.99,0.3578851232937576,False,False,Ninguno
23,DEPOR,Deportes,2022-09-01,2022,9,404.37,260.35,144.01999999999998,0.35615896332566704,False,False,Ninguno
23,DEPOR,Deportes,2022-10-01,2022,10,404.09,260.98,143.10999999999996,0.3541537776237966,False,False,Ninguno
23,DEPOR,Deportes,2022-11-01,2022,11,404.52,260.26,144.26,0.35662019183229504,False,False,Ninguno
23,DEPOR,Deportes,2022-12-01,2022,12,404.53,260.73,143.79999999999995,0.3554742540726274,False,False,Ninguno
23,DEPOR,Deportes,2023-01-01,2023,1,405.12,260.9,144.22000000000003,0.3559932859399685,False,False,Ninguno
23,DEPOR,Deportes,2023-02-01,2023,2,411.82,278.8,133.01999999999998,0.32300519644504877,True,True,Febrero
23,DEPOR,Deportes,2023-03-01,2023,3,411.95,279.08,132.87,0.3225391430998908,False,False,Ninguno
23,DEPOR,Deportes,2023-04-01,2023,4,413.68,278.45,135.23000000000002,0.3268951846838136,False,False,Esporádico
23,DEPOR,Deportes,2023-05-01,2023,5,412.63,278.75,133.88,0.3244553231708795,False,False,Ninguno
23,DEPOR,Deportes,2023-06-01,2023,6,413.77,278.61,135.15999999999997,0.3266549048988568,False,False,Ninguno
23,DEPOR,Deportes,2023-07-01,2023,7,417.83,279.05,138.77999999999997,0.3321446521312495,False,True,Julio
23,DEPOR,Deportes,2023-08-01,2023,8,419.74,278.95,140.79000000000002,0.33542192786010394,False,False,Ninguno
23,DEPOR,Deportes,2023-09-01,2023,9,418.7,278.28,140.42000000000002,0.3353713876283736,False,False,Ninguno
23,DEPOR,Deportes,2023-10-01,2023,10,419.39,278.26,141.13,0.3365125539473998,False,False,Ninguno
23,DEPOR,Deportes,2023-11-01,2023,11,419.21,278.68,140.52999999999997,0.3352257818277235,False,False,Ninguno
23,DEPOR,Deportes,2023-12-01,2023,12,418.15,278.3,139.84999999999997,0.33444936027741234,False,False,Ninguno
23,DEPOR,Deportes,2024-01-01,2024,1,418.42,278.13,140.29000000000002,0.3352851202141389,False,False,Ninguno
23,DEPOR,Deportes,2024-02-01,2024,2,458.84,295.02,163.82,0.35703077325429344,True,True,Febrero
23,DEPOR,Deportes,2024-03-01,2024,3,458.77,295.35,163.41999999999996,0.3562133530963227,False,False,Ninguno
23,DEPOR,Deportes,2024-04-01,2024,4,456.93,295.13,161.8,0.35410237892018476,False,False,Ninguno
23,DEPOR,Deportes,2024-05-01,2024,5,458.21,294.57,163.64,0.35712882739355317,False,False,Ninguno
23,DEPOR,Deportes,2024-06-01,2024,6,457.05,294.65,162.40000000000003,0.3553221748167597,False,False,Ninguno
23,DEPOR,Deportes,2024-07-01,2024,7,457.77,295.13,162.64,0.3552875898376914,False,False,Julio
23,DEPOR,Deportes,2024-08-01,2024,8,456.67,295.21,161.46000000000004,0.3535594630696127,False,False,Ninguno
23,DEPOR,Deportes,2024-09-01,2024,9,457.91,294.95,162.96000000000004,0.3558777925793279,False,False,Ninguno
23,DEPOR,Deportes,2024-10-01,2024,10,458.22,295.65,162.57000000000005,0.3547859106979181,False,False,Ninguno
23,DEPOR,Deportes,2024-11-01,2024,11,458.31,295.59,162.72000000000003,0.35504352948877405,False,False,Ninguno
23,DEPOR,Deportes,2024-12-01,2024,12,456.75,295.2,161.55,0.3536945812807882,False,False,Ninguno
23,DEPOR,Deportes,2025-01-01,2025,1,457.93,295.29,162.64,0.355163452929487,False,False,Ninguno
23,DEPOR,Deportes,2025-02-01,2025,2,485.57,308.98,176.58999999999997,0.3636756801285087,True,True,Febrero
23,DEPOR,Deportes,2025-03-01,2025,3,486.41,308.81,177.60000000000002,0.3651240722846981,False,False,Ninguno
23,DEPOR,Deportes,2025-04-01,2025,4,484.31,308.8,175.51,0.362391856455576,False,False,Ninguno
23,DEPOR,Deportes,2025-05-01,2025,5,497.32,315.56,181.76,0.36547896726453794,True,True,Esporádico
23,DEPOR,Deportes,2025-06-01,2025,6,498.44,315.65,182.79000000000002,0.36672417943985236,False,False,Ninguno
23,DEPOR,Deportes,2025-07-01,2025,7,543.34,315.85,227.49,0.4186881142562668,False,True,Julio
23,DEPOR,Deportes,2025-08-01,2025,8,542.39,316.15,226.24,0.41711683474990324,False,False,Ninguno
23,DEPOR,Deportes,2025-09-01,2025,9,543.36,315.81,227.55,0.4187831272084806,False,False,Esporádico
23,DEPOR,Deportes,2025-10-01,2025,10,542.31,316.38,225.92999999999995,0.4166067378436687,False,False,Ninguno
23,DEPOR,Deportes,2025-11-01,2025,11,544.68,315.91,228.76999999999992,0.420008078137622,False,False,Ninguno
24,ROPA,Ropa,2018-07-01,2018,7,211.0,137.0,74.0,0.35071090047393366,False,False,Ninguno
24,ROPA,Ropa,2018-08-01,2018,8,210.64,136.8,73.83999999999997,0.3505507026205848,False,False,Ninguno
24,ROPA,Ropa,2018-09-01,2018,9,210.89,136.73,74.16,0.35165252027123145,False,False,Ninguno
24,ROPA,Ropa,2018-10-01,2018,10,210.48,136.51,73.97,0.35143481565944507,False,False,Ninguno
24,ROPA,Ropa,2018-11-01,2018,11,210.65,136.93,73.72,0.34996439591739853,False,False,Ninguno
24,ROPA,Ropa,2018-12-01,2018,12,210.98,136.57,74.41,0.3526874585268746,False,False,Ninguno
24,ROPA,Ropa,2019-01-01,2019,1,222.09,136.5,85.59,0.3853843036606781,False,True,Esporádico
24,ROPA,Ropa,2019-02-01,2019,2,211.37,139.66,71.71000000000001,0.3392629039125704,True,True,Febrero
24,ROPA,Ropa,2019-03-01,2019,3,211.77,139.22,72.55000000000001,0.3425886575057846,False,False,Ninguno
24,ROPA,Ropa,2019-04-01,2019,4,211.55,139.67,71.88000000000002,0.33977783030016556,False,False,Ninguno
24,ROPA,Ropa,2019-05-01,2019,5,211.27,139.43,71.84,0.3400388128934539,False,False,Ninguno
24,ROPA,Ropa,2019-06-01,2019,6,211.95,139.45,72.5,0.3420618070299599,False,False,Ninguno
24,ROPA,Ropa,2019-07-01,2019,7,220.7,139.38,81.32,0.36846397825101945,False,True,Julio
24,ROPA,Ropa,2019-08-01,2019,8,220.77,139.26,81.51000000000002,0.3692077727952168,False,False,Ninguno
24,ROPA,Ropa,2019-09-01,2019,9,221.3,139.25,82.05000000000001,0.3707636692272933,False,False,Ninguno
24,ROPA,Ropa,2019-10-01,2019,10,221.57,139.74,81.82999999999998,0.36931895112154167,False,False,Ninguno
24,ROPA,Ropa,2019-11-01,2019,11,220.66,146.89,73.77000000000001,0.3343152361098523,True,False,Esporádico
24,ROPA,Ropa,2019-12-01,2019,12,220.88,146.85,74.03,0.33515936254980083,False,False,Ninguno
24,ROPA,Ropa,2020-01-01,2020,1,221.29,146.76,74.53,0.33679786705228437,False,False,Ninguno
24,ROPA,Ropa,2020-02-01,2020,2,222.39,146.67,75.72,0.34048293538378527,False,True,Febrero
24,ROPA,Ropa,2020-03-01,2020,3,221.81,146.51,75.30000000000001,0.33947973490825484,False,False,Ninguno
24,ROPA,Ropa,2020-04-01,2020,4,221.97,147.02,74.94999999999999,0.3376582421047889,False,False,Ninguno
24,ROPA,Ropa,2020-05-01,2020,5,221.5,146.8,74.69999999999999,0.3372460496613995,False,False,Ninguno
24,ROPA,Ropa,2020-06-01,2020,6,222.3,146.68,75.62,0.3401709401709402,False,False,Ninguno
24,ROPA,Ropa,2020-07-01,2020,7,221.3,153.4,67.9,0.306823316764573,True,False,Julio
24,ROPA,Ropa,2020-08-01,2020,8,222.45,153.09,69.35999999999999,0.3118004045853,False,False,Ninguno
24,ROPA,Ropa,2020-09-01,2020,9,221.97,153.31,68.66,0.3093210794251475,False,False,Ninguno
24,ROPA,Ropa,2020-10-01,2020,10,222.07,153.13,68.94,0.31044265321745396,False,False,Ninguno
24,ROPA,Ropa,2020-11-01,2020,11,221.93,153.65,68.28,0.30766457892128146,False,False,Ninguno
24,ROPA,Ropa,2020-12-01,2020,12,221.94,153.16,68.78,0.30990357754348025,False,False,Ninguno
24,ROPA,Ropa,2021-01-01,2021,1,221.7,153.55,68.14999999999998,0.30739738385205223,False,False,Ninguno
24,ROPA,Ropa,2021-02-01,2021,2,253.19,169.35,83.84,0.33113472096054347,True,True,Febrero
24,ROPA,Ropa,2021-03-01,2021,3,271.16,172.83,98.33000000000001,0.36262723115503764,True,True,Esporádico
24,ROPA,Ropa,2021-04-01,2021,4,270.36,172.52,97.84,0.3618878532327267,False,False,Ninguno
24,ROPA,Ropa,2021-05-01,2021,5,270.83,172.83,97.99999999999997,0.3618506073920909,False,False,Ninguno
24,ROPA,Ropa,2021-06-01,2021,6,271.06,172.46,98.6,0.3637571017486903,False,False,Ninguno
24,ROPA,Ropa,2021-07-01,2021,7,280.1,175.86,104.24000000000001,0.37215280257051053,True,True,Julio
24,ROPA,Ropa,2021-08-01,2021,8,278.67,175.9,102.77000000000001,0.368787454695518,False,False,Ninguno
24,ROPA,Ropa,2021-09-01,2021,9,279.74,175.9,103.84,0.37120183027096587,False,False,Ninguno
24,ROPA,Ropa,2021-10-01,2021,10,285.1,176.15,108.95000000000002,0.3821466152227289,False,True,Esporádico
24,ROPA,Ropa,2021-11-01,2021,11,285.82,175.78,110.03999999999999,0.3849975509061647,False,False,Ninguno
24,ROPA,Ropa,2021-12-01,2021,12,286.58,176.33,110.24999999999997,0.3847093307278944,False,False,Ninguno
24,ROPA,Ropa,2022-01-01,2022,1,285.98,175.82,110.16000000000003,0.38520176236100434,False,False,Ninguno
24,ROPA,Ropa,2022-02-01,2022,2,294.74,204.1,90.64000000000001,0.30752527651489453,True,True,Febrero
24,ROPA,Ropa,2022-03-01,2022,3,295.84,204.19,91.64999999999998,0.3097958355868036,False,False,Ninguno
24,ROPA,Ropa,2022-04-01,2022,4,295.7,204.19,91.50999999999999,0.30946905647615824,False,False,Ninguno
24,ROPA,Ropa,2022-05-01,2022,5,296.17,203.72,92.45000000000002,0.3121518047067563,False,False,Ninguno
24,ROPA,Ropa,2022-06-01,2022,6,295.09,203.65,91.43999999999997,0.30987156460740783,False,False,Ninguno
24,ROPA,Ropa,2022-07-01,2022,7,315.74,204.05,111.69,0.35374041933236205,False,True,Julio
24,ROPA,Ropa,2022-08-01,2022,8,315.49,203.59,111.9,0.35468636089891914,False,False,Ninguno
24,ROPA,Ropa,2022-09-01,2022,9,314.11,204.03,110.08000000000001,0.35045047913151445,False,False,Ninguno
24,ROPA,Ropa,2022-10-01,2022,10,314.52,203.74,110.77999999999997,0.35221925473737753,False,False,Ninguno
24,ROPA,Ropa,2022-11-01,2022,11,315.84,203.67,112.16999999999999,0.3551481762917933,False,False,Ninguno
24,ROPA,Ropa,2022-12-01,2022,12,315.34,203.95,111.38999999999999,0.3532377750998922,False,False,Ninguno
24,ROPA,Ropa,2023-01-01,2023,1,314.7,204.22,110.47999999999999,0.35106450587861454,False,False,Ninguno
24,ROPA,Ropa,2023-02-01,2023,2,359.67,217.24,142.43,0.396001890621959,True,True,Febrero
24,ROPA,Ropa,2023-03-01,2023,3,358.34,217.27,141.06999999999996,0.39367639671820054,False,False,Ninguno
24,ROPA,Ropa,2023-04-01,2023,4,374.25,225.31,148.94,0.3979692718770875,True,True,Esporádico
24,ROPA,Ropa,2023-05-01,2023,5,372.71,225.11,147.59999999999997,0.3960183520699739,False,False,Ninguno
24,ROPA,Ropa,2023-06-01,2023,6,373.65,225.18,148.46999999999997,0.39735046166198307,False,False,Ninguno
24,ROPA,Ropa,2023-07-01,2023,7,369.83,225.23,144.6,0.3909904550739529,False,True,Julio
24,ROPA,Ropa,2023-08-01,2023,8,370.24,224.96,145.28,0.3923941227312014,False,False,Ninguno
24,ROPA,Ropa,2023-09-01,2023,9,369.28,225.7,143.57999999999998,0.38881065857885616,False,False,Ninguno
24,ROPA,Ropa,2023-10-01,2023,10,370.42,225.45,144.97000000000003,0.39136655688137795,False,False,Ninguno
24,ROPA,Ropa,2023-11-01,2023,11,370.5,225.29,145.21,0.3919298245614035,False,False,Ninguno
24,ROPA,Ropa,2023-12-01,2023,12,370.48,229.41,141.07000000000002,0.3807762902180955,True,False,Esporádico
24,ROPA,Ropa,2024-01-01,2024,1,369.03,230.01,139.01999999999998,0.37671734005365415,False,False,Ninguno
24,ROPA,Ropa,2024-02-01,2024,2,429.81,233.41,196.4,0.45694609245945883,True,True,Febrero
24,ROPA,Ropa,2024-03-01,2024,3,430.36,233.87,196.49,0.45657124268054655,False,False,Ninguno
24,ROPA,Ropa,2024-04-01,2024,4,430.57,233.56,197.01,0.4575562626286086,False,False,Ninguno
24,ROPA,Ropa,2024-05-01,2024,5,429.69,233.83,195.85999999999999,0.45581698433754564,False,False,Ninguno
24,ROPA,Ropa,2024-06-01,2024,6,429.51,233.46,196.04999999999998,0.4564503736816372,False,False,Ninguno
24,ROPA,Ropa,2024-07-01,2024,7,430.74,253.09,177.65,0.4124297720202442,True,False,Julio
24,ROPA,Ropa,2024-08-01,2024,8,445.81,258.63,187.18,0.419864964895359,True,True,Esporádico
24,ROPA,Ropa,2024-09-01,2024,9,445.67,258.41,187.26,0.4201763636771602,False,False,Ninguno
24,ROPA,Ropa,2024-10-01,2024,10,443.61,258.77,184.84000000000003,0.4166723022474697,False,False,Ninguno
24,ROPA,Ropa,2024-11-01,2024,11,450.87,272.69,178.18,0.39519151861955776,True,True,Esporádico
24,ROPA,Ropa,2024-12-01,2024,12,449.07,272.51,176.56,0.39316810296835686,False,False,Ninguno
24,ROPA,Ropa,2025-01-01,2025,1,449.36,272.32,177.04000000000002,0.3939825529642158,False,False,Ninguno
24,ROPA,Ropa,2025-02-01,2025,2,446.97,291.01,155.96000000000004,0.34892722106629087,True,True,Febrero
24,ROPA,Ropa,2025-03-01,2025,3,447.0,291.92,155.07999999999998,0.34693512304250557,False,False,Ninguno
24,ROPA,Ropa,2025-04-01,2025,4,447.38,291.97,155.40999999999997,0.34737806786177294,False,False,Ninguno
24,ROPA,Ropa,2025-05-01,2025,5,448.47,291.03,157.44000000000005,0.351060271590073,False,False,Ninguno
24,ROPA,Ropa,2025-06-01,2025,6,447.98,291.36,156.62,0.349613822045627,False,False,Ninguno
24,ROPA,Ropa,2025-07-01,2025,7,448.01,298.17,149.83999999999997,0.33445682016026423,True,False,Julio
24,ROPA,Ropa,2025-08-01,2025,8,446.57,298.39,148.18,0.33181808003224583,False,False,Ninguno
24,ROPA,Ropa,2025-09-01,2025,9,446.13,298.1,148.02999999999997,0.3318091139353999,False,False,Ninguno
24,ROPA,Ropa,2025-10-01,2025,10,446.44,298.98,147.45999999999998,0.33030194427022663,False,False,Ninguno
24,ROPA,Ropa,2025-11-01,2025,11,447.7,298.61,149.08999999999997,0.3330131784677239,False,False,Ninguno
25,LIBRO,Libros,2018-07-01,2018,7,30.41,22.73,7.68,0.2525485037816508,False,False,Ninguno
25,LIBRO,Libros,2018-08-01,2018,8,30.57,22.73,7.84,0.2564605822701995,False,False,Ninguno
25,LIBRO,Libros,2018-09-01,2018,9,30.51,22.7,7.810000000000002,0.2559816453621764,False,False,Ninguno
25,LIBRO,Libros,2018-10-01,2018,10,30.48,22.7,7.780000000000001,0.255249343832021,False,False,Ninguno
25,LIBRO,Libros,2018-11-01,2018,11,30.97,24.32,6.649999999999999,0.21472392638036805,True,True,Esporádico
25,LIBRO,Libros,2018-12-01,2018,12,33.03,24.31,8.720000000000002,0.26400242204056923,False,True,Esporádico
25,LIBRO,Libros,2019-01-01,2019,1,33.13,24.28,8.850000000000001,0.26712948988831875,False,False,Ninguno
25,LIBRO,Libros,2019-02-01,2019,2,35.32,23.24,12.080000000000002,0.34201585503963766,True,True,Febrero
25,LIBRO,Libros,2019-03-01,2019,3,35.47,23.26,12.209999999999997,0.3442345644206371,False,False,Ninguno
25,LIBRO,Libros,2019-04-01,2019,4,36.53,22.68,13.850000000000001,0.3791404325212155,True,True,Esporádico
25,LIBRO,Libros,2019-05-01,2019,5,36.61,22.71,13.899999999999999,0.37967768369298005,False,False,Ninguno
25,LIBRO,Libros,2019-06-01,2019,6,36.57,22.7,13.870000000000001,0.3792726278370249,False,False,Ninguno
25,LIBRO,Libros,2019-07-01,2019,7,36.56,22.68,13.880000000000003,0.37964989059080967,False,False,Julio
25,LIBRO,Libros,2019-08-01,2019,8,36.71,22.76,13.95,0.3800054481067829,False,False,Ninguno
25,LIBRO,Libros,2019-09-01,2019,9,36.62,22.7,13.919999999999998,0.3801201529219006,False,False,Ninguno
25,LIBRO,Libros,2019-10-01,2019,10,36.5,22.76,13.739999999999998,0.37643835616438354,False,False,Ninguno
25,LIBRO,Libros,2019-11-01,2019,11,39.03,24.21,14.82,0.3797079169869331,True,True,Esporádico
25,LIBRO,Libros,2019-12-01,2019,12,39.12,24.29,14.829999999999998,0.3790899795501022,False,False,Ninguno
25,LIBRO,Libros,2020-01-01,2020,1,40.05,24.75,15.299999999999997,0.3820224719101123,True,True,Esporádico
25,LIBRO,Libros,2020-02-01,2020,2,40.21,29.16,11.05,0.2748072618751555,True,True,Febrero
25,LIBRO,Libros,2020-03-01,2020,3,40.12,29.15,10.969999999999999,0.2734297108673978,False,False,Ninguno
25,LIBRO,Libros,2020-04-01,2020,4,40.29,29.21,11.079999999999998,0.275006205013651,False,False,Ninguno
25,LIBRO,Libros,2020-05-01,2020,5,40.23,29.16,11.069999999999997,0.27516778523489926,False,False,Ninguno
25,LIBRO,Libros,2020-06-01,2020,6,40.21,29.12,11.09,0.275802039293708,False,False,Ninguno
25,LIBRO,Libros,2020-07-01,2020,7,40.23,30.52,9.709999999999997,0.24136216753666415,True,False,Julio
25,LIBRO,Libros,2020-08-01,2020,8,40.17,31.03,9.14,0.2275329848145382,True,False,Esporádico
25,LIBRO,Libros,2020-09-01,2020,9,40.19,31.05,9.139999999999997,0.22741975615824825,False,False,Ninguno
25,LIBRO,Libros,2020-10-01,2020,10,40.2,31.11,9.090000000000003,0.22611940298507469,False,False,Esporádico
25,LIBRO,Libros,2020-11-01,2020,11,40.22,31.11,9.11,0.22650422675285928,False,False,Ninguno
25,LIBRO,Libros,2020-12-01,2020,12,40.28,31.05,9.23,0.2291459781529295,False,False,Ninguno
25,LIBRO,Libros,2021-01-01,2021,1,40.14,31.04,9.100000000000001,0.22670652715495768,False,False,Ninguno
25,LIBRO,Libros,2021-02-01,2021,2,38.08,31.96,6.119999999999997,0.16071428571428564,True,True,Febrero
25,LIBRO,Libros,2021-03-01,2021,3,38.18,31.94,6.239999999999998,0.16343635411210053,False,False,Ninguno
25,LIBRO,Libros,2021-04-01,2021,4,38.16,31.95,6.209999999999997,0.1627358490566037,False,False,Ninguno
25,LIBRO,Libros,2021-05-01,2021,5,38.09,31.9,6.190000000000005,0.16250984510370187,False,False,Ninguno
25,LIBRO,Libros,2021-06-01,2021,6,38.09,31.99,6.100000000000005,0.1601470202152797,False,False,Ninguno
25,LIBRO,Libros,2021-07-01,2021,7,40.49,31.93,8.560000000000002,0.21141022474685112,False,True,Julio
25,LIBRO,Libros,2021-08-01,2021,8,41.77,31.93,9.840000000000003,0.2355757720852287,False,True,Esporádico
25,LIBRO,Libros,2021-09-01,2021,9,41.79,31.91,9.879999999999999,0.23642019621919116,False,False,Ninguno
25,LIBRO,Libros,2021-10-01,2021,10,41.61,32.0,9.61,0.23095409757269886,False,False,Ninguno
25,LIBRO,Libros,2021-11-01,2021,11,41.77,31.93,9.840000000000003,0.2355757720852287,False,False,Ninguno
25,LIBRO,Libros,2021-12-01,2021,12,41.66,32.01,9.649999999999999,0.23163706192990877,False,False,Ninguno
25,LIBRO,Libros,2022-01-01,2022,1,41.68,31.92,9.759999999999998,0.23416506717850283,False,False,Ninguno
25,LIBRO,Libros,2022-02-01,2022,2,41.56,33.3,8.260000000000005,0.1987487969201156,True,False,Febrero
25,LIBRO,Libros,2022-03-01,2022,3,41.65,33.21,8.439999999999998,0.202641056422569,False,False,Ninguno
25,LIBRO,Libros,2022-04-01,2022,4,41.63,33.25,8.380000000000003,0.20129714148450642,False,False,Ninguno
25,LIBRO,Libros,2022-05-01,2022,5,41.63,33.27,8.36,0.20081671871246695,False,False,Ninguno
25,LIBRO,Libros,2022-06-01,2022,6,41.63,33.23,8.400000000000006,0.2017775642565459,False,False,Ninguno
25,LIBRO,Libros,2022-07-01,2022,7,43.05,35.26,7.789999999999999,0.18095238095238095,True,True,Julio
25,LIBRO,Libros,2022-08-01,2022,8,42.97,35.21,7.759999999999998,0.18059111007679773,False,False,Ninguno
25,LIBRO,Libros,2022-09-01,2022,9,42.95,35.28,7.670000000000002,0.17857974388824216,False,False,Esporádico
25,LIBRO,Libros,2022-10-01,2022,10,42.97,35.19,7.780000000000001,0.18105655108215038,False,False,Ninguno
25,LIBRO,Libros,2022-11-01,2022,11,42.95,35.19,7.760000000000005,0.18067520372526205,False,False,Esporádico
25,LIBRO,Libros,2022-12-01,2022,12,42.85,35.28,7.57,0.17666277712952158,False,False,Ninguno
25,LIBRO,Libros,2023-01-01,2023,1,42.81,35.3,7.510000000000005,0.17542630226582584,False,False,Ninguno
25,LIBRO,Libros,2023-02-01,2023,2,46.89,40.12,6.770000000000003,0.144380464917893,True,True,Febrero
25,LIBRO,Libros,2023-03-01,2023,3,46.87,40.23,6.640000000000001,0.14166844463409434,False,False,Ninguno
25,LIBRO,Libros,2023-04-01,2023,4,46.95,40.11,6.840000000000003,0.1456869009584665,False,False,Ninguno
25,LIBRO,Libros,2023-05-01,2023,5,47.0,40.18,6.82,0.1451063829787234,False,False,Ninguno
25,LIBRO,Libros,2023-06-01,2023,6,46.93,40.1,6.829999999999998,0.1455359045386746,False,False,Ninguno
25,LIBRO,Libros,2023-07-01,2023,7,46.89,39.77,7.119999999999997,0.1518447430155683,True,True,Julio
25,LIBRO,Libros,2023-08-01,2023,8,46.79,39.74,7.049999999999997,0.15067322077366954,False,False,Ninguno
25,LIBRO,Libros,2023-09-01,2023,9,46.97,39.77,7.199999999999996,0.15328933361720237,False,False,Ninguno
25,LIBRO,Libros,2023-10-01,2023,10,46.92,39.86,7.060000000000002,0.15046888320545615,False,False,Ninguno
25,LIBRO,Libros,2023-11-01,2023,11,47.18,39.71,7.469999999999999,0.15832980076303516,False,True,Esporádico
25,LIBRO,Libros,2023-12-01,2023,12,47.24,39.75,7.490000000000002,0.1585520745131245,False,False,Ninguno
25,LIBRO,Libros,2024-01-01,2024,1,47.34,39.83,7.510000000000005,0.15863962822137737,False,False,Ninguno
25,LIBRO,Libros,2024-02-01,2024,2,51.68,42.26,9.420000000000002,0.18227554179566566,True,True,Febrero
25,LIBRO,Libros,2024-03-01,2024,3,51.66,42.33,9.329999999999998,0.1806039488966318,False,False,Ninguno
25,LIBRO,Libros,2024-04-01,2024,4,51.89,43.17,8.719999999999999,0.16804779340913467,True,False,Esporádico
25,LIBRO,Libros,2024-05-01,2024,5,51.91,43.1,8.809999999999995,0.1697168175688691,False,False,Ninguno
25,LIBRO,Libros,2024-06-01,2024,6,53.2,43.4,9.800000000000004,0.18421052631578955,True,True,Esporádico
25,LIBRO,Libros,2024-07-01,2024,7,56.75,48.51,8.240000000000002,0.1451982378854626,True,True,Julio
25,LIBRO,Libros,2024-08-01,2024,8,56.6,48.56,8.04,0.1420494699646643,False,False,Ninguno
25,LIBRO,Libros,2024-09-01,2024,9,59.65,48.49,11.159999999999997,0.18709136630343667,False,True,Esporádico
25,LIBRO,Libros,2024-10-01,2024,10,59.67,48.47,11.200000000000003,0.18769901122842303,False,False,Ninguno
25,LIBRO,Libros,2024-11-01,2024,11,59.87,48.49,11.379999999999995,0.19007850342408544,False,False,Ninguno
25,LIBRO,Libros,2024-12-01,2024,12,59.78,48.49,11.29,0.18885915021746402,False,False,Ninguno
25,LIBRO,Libros,2025-01-01,2025,1,59.57,48.48,11.090000000000003,0.18616753399362101,False,False,Ninguno
25,LIBRO,Libros,2025-02-01,2025,2,59.66,47.53,12.129999999999995,0.20331880657056647,True,False,Febrero
25,LIBRO,Libros,2025-03-01,2025,3,59.73,47.47,12.259999999999998,0.2052569897873765,False,False,Ninguno
25,LIBRO,Libros,2025-04-01,2025,4,59.65,47.5,12.149999999999999,0.20368818105616093,False,False,Ninguno
25,LIBRO,Libros,2025-05-01,2025,5,59.6,47.53,12.07,0.20251677852348993,False,False,Ninguno
25,LIBRO,Libros,2025-06-01,2025,6,59.86,47.61,12.25,0.20464416972936852,False,False,Ninguno
25,LIBRO,Libros,2025-07-01,2025,7,59.84,48.79,11.050000000000004,0.18465909090909097,True,False,Julio
25,LIBRO,Libros,2025-08-01,2025,8,59.59,48.79,10.800000000000004,0.18123846282933384,False,False,Ninguno
25,LIBRO,Libros,2025-09-01,2025,9,59.85,48.76,11.090000000000003,0.18529657477025904,False,False,Ninguno
25,LIBRO,Libros,2025-10-01,2025,10,59.78,48.75,11.030000000000001,0.18450986952157913,False,False,Ninguno
25,LIBRO,Libros,2025-11-01,2025,11,59.74,48.73,11.010000000000005,0.18429862738533653,False,False,Ninguno
26,ALIM,Alimentos,2018-07-01,2018,7,2.98,2.3,0.6800000000000002,0.2281879194630873,False,False,Ninguno
26,ALIM,Alimentos,2018-08-01,2018,8,2.98,2.31,0.6699999999999999,0.22483221476510065,False,False,Ninguno
26,ALIM,Alimentos,2018-09-01,2018,9,2.98,2.3,0.6800000000000002,0.2281879194630873,False,False,Ninguno
26,ALIM,Alimentos,2018-10-01,2018,10,2.97,2.31,0.6600000000000001,0.22222222222222227,False,False,Ninguno
26,ALIM,Alimentos,2018-11-01,2018,11,2.97,2.3,0.6700000000000004,0.2255892255892257,False,False,Esporádico
26,ALIM,Alimentos,2018-12-01,2018,12,2.98,2.31,0.6699999999999999,0.22483221476510065,False,False,Ninguno
26,ALIM,Alimentos,2019-01-01,2019,1,2.97,2.31,0.6600000000000001,0.22222222222222227,False,False,Ninguno
26,ALIM,Alimentos,2019-02-01,2019,2,3.35,2.49,0.8599999999999999,0.2567164179104477,True,True,Febrero
26,ALIM,Alimentos,2019-03-01,2019,3,3.35,2.49,0.8599999999999999,0.2567164179104477,False,False,Ninguno
26,ALIM,Alimentos,2019-04-01,2019,4,3.35,2.49,0.8599999999999999,0.2567164179104477,False,False,Ninguno
26,ALIM,Alimentos,2019-05-01,2019,5,3.35,2.49,0.8599999999999999,0.2567164179104477,False,False,Ninguno
26,ALIM,Alimentos,2019-06-01,2019,6,3.36,2.5,0.8599999999999999,0.25595238095238093,False,False,Ninguno
26,ALIM,Alimentos,2019-07-01,2019,7,3.36,2.5,0.8599999999999999,0.25595238095238093,False,False,Julio
26,ALIM,Alimentos,2019-08-01,2019,8,3.36,2.49,0.8699999999999997,0.25892857142857134,False,False,Ninguno
26,ALIM,Alimentos,2019-09-01,2019,9,3.36,2.49,0.8699999999999997,0.25892857142857134,False,False,Ninguno
26,ALIM,Alimentos,2019-10-01,2019,10,3.36,2.49,0.8699999999999997,0.25892857142857134,False,False,Ninguno
26,ALIM,Alimentos,2019-11-01,2019,11,3.35,2.49,0.8599999999999999,0.2567164179104477,False,False,Ninguno
26,ALIM,Alimentos,2019-12-01,2019,12,3.35,2.5,0.8500000000000001,0.2537313432835821,False,False,Ninguno
26,ALIM,Alimentos,2020-01-01,2020,1,3.36,2.49,0.8699999999999997,0.25892857142857134,False,False,Ninguno
26,ALIM,Alimentos,2020-02-01,2020,2,3.87,2.84,1.0300000000000002,0.26614987080103364,True,True,Febrero
26,ALIM,Alimentos,2020-03-01,2020,3,3.88,2.84,1.04,0.26804123711340205,False,False,Ninguno
26,ALIM,Alimentos,2020-04-01,2020,4,3.87,2.84,1.0300000000000002,0.26614987080103364,False,False,Ninguno
26,ALIM,Alimentos,2020-05-01,2020,5,3.89,2.84,1.0500000000000003,0.26992287917737795,False,False,Ninguno
26,ALIM,Alimentos,2020-06-01,2020,6,3.88,2.84,1.04,0.26804123711340205,False,False,Ninguno
26,ALIM,Alimentos,2020-07-01,2020,7,3.89,2.71,1.1800000000000002,0.30334190231362473,True,False,Julio
26,ALIM,Alimentos,2020-08-01,2020,8,3.88,2.71,1.17,0.3015463917525773,False,False,Ninguno
26,ALIM,Alimentos,2020-09-01,2020,9,3.88,2.71,1.17,0.3015463917525773,False,False,Ninguno
26,ALIM,Alimentos,2020-10-01,2020,10,3.89,2.71,1.1800000000000002,0.30334190231362473,False,False,Ninguno
26,ALIM,Alimentos,2020-11-01,2020,11,3.88,2.71,1.17,0.3015463917525773,False,False,Ninguno
26,ALIM,Alimentos,2020-12-01,2020,12,3.87,2.71,1.1600000000000001,0.2997416020671835,False,False,Ninguno
26,ALIM,Alimentos,2021-01-01,2021,1,3.88,2.72,1.1599999999999997,0.2989690721649484,False,False,Ninguno
26,ALIM,Alimentos,2021-02-01,2021,2,4.26,2.79,1.4699999999999998,0.34507042253521125,True,True,Febrero
26,ALIM,Alimentos,2021-03-01,2021,3,4.25,2.79,1.46,0.34352941176470586,False,False,Ninguno
26,ALIM,Alimentos,2021-04-01,2021,4,4.26,2.79,1.4699999999999998,0.34507042253521125,False,False,Ninguno
26,ALIM,Alimentos,2021-05-01,2021,5,4.26,2.78,1.48,0.3474178403755869,False,False,Ninguno
26,ALIM,Alimentos,2021-06-01,2021,6,4.26,2.79,1.4699999999999998,0.34507042253521125,False,False,Ninguno
26,ALIM,Alimentos,2021-07-01,2021,7,4.38,2.86,1.52,0.34703196347031967,True,True,Julio
26,ALIM,Alimentos,2021-08-01,2021,8,4.37,2.87,1.5,0.34324942791762014,False,False,Ninguno
26,ALIM,Alimentos,2021-09-01,2021,9,4.39,2.86,1.5299999999999998,0.34851936218678814,False,False,Ninguno
26,ALIM,Alimentos,2021-10-01,2021,10,4.37,2.87,1.5,0.34324942791762014,False,False,Ninguno
26,ALIM,Alimentos,2021-11-01,2021,11,4.37,2.86,1.5100000000000002,0.345537757437071,False,False,Ninguno
26,ALIM,Alimentos,2021-12-01,2021,12,4.39,2.86,1.5299999999999998,0.34851936218678814,False,False,Ninguno
26,ALIM,Alimentos,2022-01-01,2022,1,4.39,2.87,1.5199999999999996,0.34624145785876986,False,False,Ninguno
26,ALIM,Alimentos,2022-02-01,2022,2,4.19,2.87,1.3200000000000003,0.3150357995226731,False,True,Febrero
26,ALIM,Alimentos,2022-03-01,2022,3,4.2,2.86,1.3400000000000003,0.3190476190476191,False,False,Ninguno
26,ALIM,Alimentos,2022-04-01,2022,4,4.2,2.86,1.3400000000000003,0.3190476190476191,False,False,Ninguno
26,ALIM,Alimentos,2022-05-01,2022,5,4.19,2.86,1.3300000000000005,0.31742243436754186,False,False,Ninguno
26,ALIM,Alimentos,2022-06-01,2022,6,4.19,2.86,1.3300000000000005,0.31742243436754186,False,False,Ninguno
26,ALIM,Alimentos,2022-07-01,2022,7,4.2,2.86,1.3400000000000003,0.3190476190476191,False,False,Julio
26,ALIM,Alimentos,2022-08-01,2022,8,4.18,2.87,1.3099999999999996,0.3133971291866028,False,False,Ninguno
26,ALIM,Alimentos,2022-09-01,2022,9,4.2,2.86,1.3400000000000003,0.3190476190476191,False,False,Ninguno
26,ALIM,Alimentos,2022-10-01,2022,10,4.19,2.87,1.3200000000000003,0.3150357995226731,False,False,Ninguno
26,ALIM,Alimentos,2022-11-01,2022,11,4.2,2.86,1.3400000000000003,0.3190476190476191,False,False,Ninguno
26,ALIM,Alimentos,2022-12-01,2022,12,4.18,2.86,1.3199999999999998,0.3157894736842105,False,False,Ninguno
26,ALIM,Alimentos,2023-01-01,2023,1,4.2,2.87,1.33,0.31666666666666665,False,False,Ninguno
26,ALIM,Alimentos,2023-02-01,2023,2,4.59,3.03,1.56,0.33986928104575165,True,True,Febrero
26,ALIM,Alimentos,2023-03-01,2023,3,4.59,3.02,1.5699999999999998,0.3420479302832244,False,False,Esporádico
26,ALIM,Alimentos,2023-04-01,2023,4,4.61,3.03,1.5800000000000005,0.3427331887201736,False,False,Ninguno
26,ALIM,Alimentos,2023-05-01,2023,5,4.6,3.03,1.5699999999999998,0.34130434782608693,False,False,Ninguno
26,ALIM,Alimentos,2023-06-01,2023,6,4.59,3.02,1.5699999999999998,0.3420479302832244,False,False,Ninguno
26,ALIM,Alimentos,2023-07-01,2023,7,4.97,3.03,1.94,0.3903420523138833,False,True,Julio
26,ALIM,Alimentos,2023-08-01,2023,8,4.98,3.03,1.9500000000000006,0.39156626506024106,False,False,Ninguno
26,ALIM,Alimentos,2023-09-01,2023,9,4.96,3.03,1.9300000000000002,0.3891129032258065,False,False,Ninguno
26,ALIM,Alimentos,2023-10-01,2023,10,4.98,3.03,1.9500000000000006,0.39156626506024106,False,False,Ninguno
26,ALIM,Alimentos,2023-11-01,2023,11,4.98,3.03,1.9500000000000006,0.39156626506024106,False,False,Ninguno
26,ALIM,Alimentos,2023-12-01,2023,12,4.98,3.03,1.9500000000000006,0.39156626506024106,False,False,Ninguno
26,ALIM,Alimentos,2024-01-01,2024,1,4.97,3.02,1.9499999999999997,0.3923541247484909,False,False,Ninguno
26,ALIM,Alimentos,2024-02-01,2024,2,4.89,3.09,1.7999999999999998,0.36809815950920244,True,True,Febrero
26,ALIM,Alimentos,2024-03-01,2024,3,4.88,3.09,1.79,0.3668032786885246,False,False,Ninguno
26,ALIM,Alimentos,2024-04-01,2024,4,4.9,3.08,1.8200000000000003,0.37142857142857144,False,False,Ninguno
26,ALIM,Alimentos,2024-05-01,2024,5,4.88,3.18,1.6999999999999997,0.34836065573770486,True,True,Esporádico
26,ALIM,Alimentos,2024-06-01,2024,6,4.89,3.18,1.7099999999999995,0.34969325153374226,False,False,Ninguno
26,ALIM,Alimentos,2024-07-01,2024,7,4.92,3.32,1.6,0.3252032520325204,True,True,Julio
26,ALIM,Alimentos,2024-08-01,2024,8,4.92,3.32,1.6,0.3252032520325204,False,False,Ninguno
26,ALIM,Alimentos,2024-09-01,2024,9,4.92,3.31,1.6099999999999999,0.32723577235772355,False,False,Ninguno
26,ALIM,Alimentos,2024-10-01,2024,10,4.92,3.32,1.6,0.3252032520325204,False,False,Ninguno
26,ALIM,Alimentos,2024-11-01,2024,11,4.91,3.44,1.4700000000000002,0.2993890020366599,True,False,Esporádico
26,ALIM,Alimentos,2024-12-01,2024,12,4.94,3.44,1.5000000000000004,0.30364372469635637,False,False,Ninguno
26,ALIM,Alimentos,2025-01-01,2025,1,4.94,3.43,1.5100000000000002,0.305668016194332,False,False,Ninguno
26,ALIM,Alimentos,2025-02-01,2025,2,5.38,3.56,1.8199999999999998,0.3382899628252788,True,True,Febrero
26,ALIM,Alimentos,2025-03-01,2025,3,5.37,3.56,1.81,0.3370577281191806,False,False,Ninguno
26,ALIM,Alimentos,2025-04-01,2025,4,5.37,3.56,1.81,0.3370577281191806,False,False,Ninguno
26,ALIM,Alimentos,2025-05-01,2025,5,5.4,3.56,1.8400000000000003,0.3407407407407408,False,False,Ninguno
26,ALIM,Alimentos,2025-06-01,2025,6,5.37,3.56,1.81,0.3370577281191806,False,False,Ninguno
26,ALIM,Alimentos,2025-07-01,2025,7,5.67,3.56,2.11,0.37213403880070545,False,True,Julio
26,ALIM,Alimentos,2025-08-01,2025,8,5.7,3.56,2.14,0.37543859649122807,False,False,Esporádico
26,ALIM,Alimentos,2025-09-01,2025,9,5.68,3.57,2.11,0.3714788732394366,False,False,Ninguno
26,ALIM,Alimentos,2025-10-01,2025,10,5.94,3.56,2.3800000000000003,0.4006734006734007,False,True,Esporádico
26,ALIM,Alimentos,2025-11-01,2025,11,5.93,3.57,2.36,0.3979763912310287,False,False,Ninguno
27,ROPA,Ropa,2018-07-01,2018,7,58.14,37.8,20.340000000000003,0.34984520123839014,False,False,Ninguno
27,ROPA,Ropa,2018-08-01,2018,8,58.12,37.81,20.309999999999995,0.34944941500344107,False,False,Ninguno
27,ROPA,Ropa,2018-09-01,2018,9,57.88,37.88,20.0,0.3455425017277125,False,False,Ninguno
27,ROPA,Ropa,2018-10-01,2018,10,58.06,37.83,20.230000000000004,0.34843265587323463,False,False,Esporádico
27,ROPA,Ropa,2018-11-01,2018,11,58.17,37.88,20.29,0.34880522606154374,False,False,Ninguno
27,ROPA,Ropa,2018-12-01,2018,12,57.91,37.83,20.08,0.3467449490588845,False,False,Ninguno
27,ROPA,Ropa,2019-01-01,2019,1,57.86,37.85,20.009999999999998,0.34583477359142756,False,False,Ninguno
27,ROPA,Ropa,2019-02-01,2019,2,59.55,42.12,17.43,0.29269521410579347,True,True,Febrero
27,ROPA,Ropa,2019-03-01,2019,3,60.38,43.1,17.28,0.2861874792977807,True,True,Esporádico
27,ROPA,Ropa,2019-04-01,2019,4,60.1,43.13,16.97,0.28236272878535773,False,False,Ninguno
27,ROPA,Ropa,2019-05-01,2019,5,60.31,43.12,17.190000000000005,0.28502735864699064,False,False,Ninguno
27,ROPA,Ropa,2019-06-01,2019,6,60.06,43.01,17.050000000000004,0.28388278388278393,False,False,Ninguno
27,ROPA,Ropa,2019-07-01,2019,7,65.78,42.88,22.9,0.34813013073882637,True,True,Julio
27,ROPA,Ropa,2019-08-01,2019,8,65.78,42.82,22.96,0.34904226208574035,False,False,Ninguno
27,ROPA,Ropa,2019-09-01,2019,9,65.64,42.78,22.86,0.3482632541133455,False,False,Ninguno
27,ROPA,Ropa,2019-10-01,2019,10,65.55,42.88,22.669999999999995,0.3458428680396643,False,False,Ninguno
27,ROPA,Ropa,2019-11-01,2019,11,65.59,42.92,22.67,0.3456319560908675,False,False,Ninguno
27,ROPA,Ropa,2019-12-01,2019,12,65.65,42.89,22.760000000000005,0.3466869763899467,False,False,Ninguno
27,ROPA,Ropa,2020-01-01,2020,1,65.54,42.88,22.660000000000004,0.3457430576747025,False,False,Ninguno
27,ROPA,Ropa,2020-02-01,2020,2,65.97,43.77,22.199999999999996,0.3365165984538426,True,True,Febrero
27,ROPA,Ropa,2020-03-01,2020,3,65.68,43.67,22.010000000000005,0.3351096224116931,False,False,Ninguno
27,ROPA,Ropa,2020-04-01,2020,4,65.96,43.75,22.209999999999994,0.33671922377198293,False,False,Esporádico
27,ROPA,Ropa,2020-05-01,2020,5,65.78,43.79,21.990000000000002,0.33429613864396474,False,False,Ninguno
27,ROPA,Ropa,2020-06-01,2020,6,65.63,43.77,21.859999999999992,0.333079384427853,False,False,Ninguno
27,ROPA,Ropa,2020-07-01,2020,7,72.08,48.73,23.35,0.323945615982242,True,True,Julio
27,ROPA,Ropa,2020-08-01,2020,8,72.07,48.72,23.349999999999994,0.3239905647287359,False,False,Ninguno
27,ROPA,Ropa,2020-09-01,2020,9,72.11,48.86,23.25,0.3224240743308834,False,False,Ninguno
27,ROPA,Ropa,2020-10-01,2020,10,72.1,48.72,23.379999999999995,0.32427184466019415,False,False,Ninguno
27,ROPA,Ropa,2020-11-01,2020,11,72.22,48.89,23.33,0.3230407089448906,False,False,Ninguno
27,ROPA,Ropa,2020-12-01,2020,12,72.02,48.78,23.239999999999995,0.32268814218272696,False,False,Ninguno
27,ROPA,Ropa,2021-01-01,2021,1,72.31,48.89,23.42,0.32388328032084085,False,False,Ninguno
27,ROPA,Ropa,2021-02-01,2021,2,72.0,49.68,22.32,0.31,True,False,Febrero
27,ROPA,Ropa,2021-03-01,2021,3,72.35,49.79,22.559999999999995,0.31181755355908775,False,False,Ninguno
27,ROPA,Ropa,2021-04-01,2021,4,72.32,49.77,22.54999999999999,0.31180862831858397,False,False,Ninguno
27,ROPA,Ropa,2021-05-01,2021,5,72.26,49.76,22.500000000000007,0.3113755881538888,False,False,Ninguno
27,ROPA,Ropa,2021-06-01,2021,6,72.03,49.82,22.21,0.30834374566152994,False,False,Ninguno
27,ROPA,Ropa,2021-07-01,2021,7,72.23,49.74,22.490000000000002,0.3113664682264987,False,False,Julio
27,ROPA,Ropa,2021-08-01,2021,8,72.11,49.69,22.42,0.3109138815698239,False,False,Ninguno
27,ROPA,Ropa,2021-09-01,2021,9,72.38,49.78,22.599999999999994,0.31224095053882284,False,False,Ninguno
27,ROPA,Ropa,2021-10-01,2021,10,72.3,49.77,22.529999999999994,0.31161825726141074,False,False,Ninguno
27,ROPA,Ropa,2021-11-01,2021,11,72.3,49.76,22.54,0.31175656984785616,False,False,Ninguno
27,ROPA,Ropa,2021-12-01,2021,12,72.33,49.79,22.54,0.3116272639292133,False,False,Ninguno
27,ROPA,Ropa,2022-01-01,2022,1,72.21,49.75,22.459999999999994,0.31103725245810826,False,False,Ninguno
27,ROPA,Ropa,2022-02-01,2022,2,70.46,52.01,18.449999999999996,0.2618506954300312,True,True,Febrero
27,ROPA,Ropa,2022-03-01,2022,3,70.55,52.17,18.379999999999995,0.26052445074415304,False,False,Esporádico
27,ROPA,Ropa,2022-04-01,2022,4,70.76,52.03,18.730000000000004,0.26469756924816285,False,False,Ninguno
27,ROPA,Ropa,2022-05-01,2022,5,70.66,52.06,18.599999999999994,0.2632323804132465,False,False,Ninguno
27,ROPA,Ropa,2022-06-01,2022,6,70.86,52.02,18.839999999999996,0.2658763759525825,False,False,Ninguno
27,ROPA,Ropa,2022-07-01,2022,7,72.25,56.56,15.689999999999998,0.21716262975778544,True,True,Julio
27,ROPA,Ropa,2022-08-01,2022,8,72.2,56.39,15.810000000000002,0.21897506925207758,False,False,Ninguno
27,ROPA,Ropa,2022-09-01,2022,9,72.38,56.52,15.859999999999992,0.2191213042276871,False,False,Ninguno
27,ROPA,Ropa,2022-10-01,2022,10,72.19,56.5,15.689999999999998,0.21734312231611025,False,False,Ninguno
27,ROPA,Ropa,2022-11-01,2022,11,72.5,56.48,16.020000000000003,0.22096551724137936,False,False,Ninguno
27,ROPA,Ropa,2022-12-01,2022,12,72.5,56.49,16.009999999999998,0.22082758620689652,False,False,Esporádico
27,ROPA,Ropa,2023-01-01,2023,1,73.01,56.57,16.440000000000005,0.22517463361183404,False,True,Esporádico
27,ROPA,Ropa,2023-02-01,2023,2,73.11,57.66,15.450000000000003,0.21132540008206815,True,False,Febrero
27,ROPA,Ropa,2023-03-01,2023,3,72.86,57.61,15.25,0.20930551743068898,False,False,Ninguno
27,ROPA,Ropa,2023-04-01,2023,4,73.04,57.71,15.330000000000005,0.2098849945235488,False,False,Ninguno
27,ROPA,Ropa,2023-05-01,2023,5,72.96,57.62,15.339999999999996,0.21025219298245612,False,False,Ninguno
27,ROPA,Ropa,2023-06-01,2023,6,73.02,57.56,15.459999999999994,0.21172281566694048,False,False,Ninguno
27,ROPA,Ropa,2023-07-01,2023,7,75.5,58.78,16.72,0.2214569536423841,True,True,Julio
27,ROPA,Ropa,2023-08-01,2023,8,75.57,62.77,12.79999999999999,0.16937938335318237,True,False,Esporádico
27,ROPA,Ropa,2023-09-01,2023,9,75.46,62.8,12.659999999999997,0.16777100450569835,False,False,Ninguno
27,ROPA,Ropa,2023-10-01,2023,10,75.45,62.7,12.75,0.16898608349900596,False,False,Ninguno
27,ROPA,Ropa,2023-11-01,2023,11,75.65,62.72,12.930000000000007,0.17091870456047595,False,False,Ninguno
27,ROPA,Ropa,2023-12-01,2023,12,75.67,62.74,12.93,0.17087352980044931,False,False,Ninguno
27,ROPA,Ropa,2024-01-01,2024,1,75.53,62.79,12.740000000000002,0.16867469879518074,False,False,Ninguno
27,ROPA,Ropa,2024-02-01,2024,2,77.76,66.59,11.170000000000002,0.1436471193415638,True,True,Febrero
27,ROPA,Ropa,2024-03-01,2024,3,77.92,66.65,11.269999999999996,0.14463552361396298,False,False,Ninguno
27,ROPA,Ropa,2024-04-01,2024,4,77.82,66.7,11.11999999999999,0.14289385762014895,False,False,Ninguno
27,ROPA,Ropa,2024-05-01,2024,5,77.9,66.53,11.370000000000005,0.14595635430038514,False,False,Ninguno
27,ROPA,Ropa,2024-06-01,2024,6,78.05,66.74,11.310000000000002,0.14490711082639338,False,False,Ninguno
27,ROPA,Ropa,2024-07-01,2024,7,77.96,66.6,11.36,0.14571575166752182,False,False,Julio
27,ROPA,Ropa,2024-08-01,2024,8,78.17,66.51,11.659999999999997,0.1491620826403991,False,False,Ninguno
27,ROPA,Ropa,2024-09-01,2024,9,77.85,66.67,11.179999999999993,0.14360950545921636,False,False,Esporádico
27,ROPA,Ropa,2024-10-01,2024,10,81.15,66.52,14.63000000000001,0.1802834257547752,False,True,Esporádico
27,ROPA,Ropa,2024-11-01,2024,11,80.99,66.54,14.449999999999989,0.17841708852944796,False,False,Ninguno
27,ROPA,Ropa,2024-12-01,2024,12,81.03,66.55,14.480000000000004,0.17869924719239794,False,False,Ninguno
27,ROPA,Ropa,2025-01-01,2025,1,81.01,66.7,14.310000000000002,0.17664485865942478,False,False,Ninguno
27,ROPA,Ropa,2025-02-01,2025,2,83.54,71.46,12.080000000000013,0.14460138855638033,True,True,Febrero
27,ROPA,Ropa,2025-03-01,2025,3,83.61,71.65,11.959999999999994,0.14304509030020326,False,False,Ninguno
27,ROPA,Ropa,2025-04-01,2025,4,83.76,71.58,12.180000000000007,0.1454154727793697,False,False,Ninguno
27,ROPA,Ropa,2025-05-01,2025,5,83.53,71.43,12.099999999999994,0.14485813480186752,False,False,Ninguno
27,ROPA,Ropa,2025-06-01,2025,6,83.62,71.45,12.170000000000002,0.14553934465438892,False,False,Ninguno
27,ROPA,Ropa,2025-07-01,2025,7,90.94,73.07,17.870000000000005,0.1965031889157687,True,True,Julio
27,ROPA,Ropa,2025-08-01,2025,8,90.75,72.89,17.86,0.1968044077134986,False,False,Ninguno
27,ROPA,Ropa,2025-09-01,2025,9,95.0,73.03,21.97,0.23126315789473684,False,True,Esporádico
27,ROPA,Ropa,2025-10-01,2025,10,95.37,72.84,22.53,0.2362378106322743,False,False,Ninguno
27,ROPA,Ropa,2025-11-01,2025,11,94.94,72.97,21.97,0.23140931114388033,False,False,Ninguno
28,ROPA,Ropa,2018-07-01,2018,7,123.35,77.68,45.66999999999999,0.37024726388325896,False,False,Ninguno
28,ROPA,Ropa,2018-08-01,2018,8,123.08,77.82,45.260000000000005,0.36772830679233026,False,False,Ninguno
28,ROPA,Ropa,2018-09-01,2018,9,123.08,77.86,45.22,0.3674033149171271,False,False,Ninguno
28,ROPA,Ropa,2018-10-01,2018,10,123.14,77.81,45.33,0.36811758973526065,False,False,Ninguno
28,ROPA,Ropa,2018-11-01,2018,11,123.45,77.85,45.60000000000001,0.3693803159173755,False,False,Ninguno
28,ROPA,Ropa,2018-12-01,2018,12,123.48,77.6,45.88000000000001,0.3715581470683512,False,False,Ninguno
28,ROPA,Ropa,2019-01-01,2019,1,123.37,77.83,45.540000000000006,0.36913350085109836,False,False,Ninguno
28,ROPA,Ropa,2019-02-01,2019,2,139.57,79.21,60.36,0.43247116142437486,True,True,Febrero
28,ROPA,Ropa,2019-03-01,2019,3,138.9,79.14,59.760000000000005,0.43023758099352055,False,False,Ninguno
28,ROPA,Ropa,2019-04-01,2019,4,139.26,79.29,59.969999999999985,0.430633347694959,False,False,Ninguno
28,ROPA,Ropa,2019-05-01,2019,5,138.79,79.33,59.459999999999994,0.4284170329274443,False,False,Ninguno
28,ROPA,Ropa,2019-06-01,2019,6,138.66,80.94,57.72,0.4162700129813933,True,True,Esporádico
28,ROPA,Ropa,2019-07-01,2019,7,138.87,89.95,48.92,0.35227190897962124,True,False,Julio
28,ROPA,Ropa,2019-08-01,2019,8,138.63,89.72,48.91,0.3528096371636731,False,False,Ninguno
28,ROPA,Ropa,2019-09-01,2019,9,138.6,89.88,48.72,0.3515151515151515,False,False,Ninguno
28,ROPA,Ropa,2019-10-01,2019,10,138.75,89.74,49.010000000000005,0.35322522522522526,False,False,Ninguno
28,ROPA,Ropa,2019-11-01,2019,11,138.82,89.89,48.92999999999999,0.3524708255294626,False,False,Ninguno
28,ROPA,Ropa,2019-12-01,2019,12,138.31,89.89,48.42,0.3500831465548406,False,False,Ninguno
28,ROPA,Ropa,2020-01-01,2020,1,138.33,89.95,48.38000000000001,0.3497433673100557,False,False,Ninguno
28,ROPA,Ropa,2020-02-01,2020,2,135.36,98.86,36.500000000000014,0.2696513002364067,True,True,Febrero
28,ROPA,Ropa,2020-03-01,2020,3,135.45,98.51,36.93999999999998,0.272720561092654,False,False,Ninguno
28,ROPA,Ropa,2020-04-01,2020,4,135.59,98.58,37.010000000000005,0.27295523268677635,False,False,Ninguno
28,ROPA,Ropa,2020-05-01,2020,5,135.73,98.81,36.91999999999999,0.2720106092978707,False,False,Ninguno
28,ROPA,Ropa,2020-06-01,2020,6,135.31,98.68,36.629999999999995,0.2707116990614145,False,False,Ninguno
28,ROPA,Ropa,2020-07-01,2020,7,144.53,98.54,45.989999999999995,0.3182038331142323,False,True,Julio
28,ROPA,Ropa,2020-08-01,2020,8,144.14,98.7,45.43999999999998,0.31524906341057296,False,False,Ninguno
28,ROPA,Ropa,2020-09-01,2020,9,144.8,98.65,46.150000000000006,0.3187154696132597,False,False,Ninguno
28,ROPA,Ropa,2020-10-01,2020,10,144.15,98.82,45.33000000000001,0.3144640998959418,False,False,Ninguno
28,ROPA,Ropa,2020-11-01,2020,11,144.29,98.52,45.769999999999996,0.31720839975050247,False,False,Ninguno
28,ROPA,Ropa,2020-12-01,2020,12,144.17,98.83,45.33999999999999,0.3144898383852396,False,False,Ninguno
28,ROPA,Ropa,2021-01-01,2021,1,144.15,98.77,45.38000000000001,0.3148109608047174,False,False,Ninguno
28,ROPA,Ropa,2021-02-01,2021,2,161.9,102.72,59.18000000000001,0.3655342804200124,True,True,Febrero
28,ROPA,Ropa,2021-03-01,2021,3,161.97,102.73,59.239999999999995,0.3657467432240538,False,False,Ninguno
28,ROPA,Ropa,2021-04-01,2021,4,161.4,102.99,58.41000000000001,0.3618959107806692,False,False,Ninguno
28,ROPA,Ropa,2021-05-01,2021,5,161.85,102.98,58.86999999999999,0.3637318504788384,False,False,Ninguno
28,ROPA,Ropa,2021-06-01,2021,6,161.69,102.68,59.00999999999999,0.3649576349805182,False,False,Ninguno
28,ROPA,Ropa,2021-07-01,2021,7,161.38,105.0,56.379999999999995,0.34936175486429544,True,False,Julio
28,ROPA,Ropa,2021-08-01,2021,8,173.54,107.91,65.63,0.37818370404517687,True,True,Esporádico
28,ROPA,Ropa,2021-09-01,2021,9,172.96,107.92,65.04,0.37604070305272896,False,False,Esporádico
28,ROPA,Ropa,2021-10-01,2021,10,178.28,112.81,65.47,0.3672313215167153,True,True,Esporádico
28,ROPA,Ropa,2021-11-01,2021,11,177.81,112.97,64.84,0.36465890557336483,False,False,Ninguno
28,ROPA,Ropa,2021-12-01,2021,12,184.83,114.95,69.88000000000001,0.37807715197749286,True,True,Esporádico
28,ROPA,Ropa,2022-01-01,2022,1,184.32,115.07,69.25,0.3757052951388889,False,False,Ninguno
28,ROPA,Ropa,2022-02-01,2022,2,184.3,109.26,75.04,0.4071622354856213,True,True,Febrero
28,ROPA,Ropa,2022-03-01,2022,3,184.47,108.92,75.55,0.4095516886214561,False,False,Ninguno
28,ROPA,Ropa,2022-04-01,2022,4,184.0,108.98,75.02,0.4077173913043478,False,False,Ninguno
28,ROPA,Ropa,2022-05-01,2022,5,184.57,108.99,75.58,0.40949233353199327,False,False,Ninguno
28,ROPA,Ropa,2022-06-01,2022,6,184.36,109.09,75.27000000000001,0.40827728357561294,False,False,Ninguno
28,ROPA,Ropa,2022-07-01,2022,7,189.98,109.27,80.71,0.42483419307295506,False,True,Julio
28,ROPA,Ropa,2022-08-01,2022,8,189.83,108.96,80.87000000000002,0.4260127482484329,False,False,Ninguno
28,ROPA,Ropa,2022-09-01,2022,9,190.42,109.05,81.36999999999999,0.42731855897489757,False,False,Ninguno
28,ROPA,Ropa,2022-10-01,2022,10,190.36,108.94,81.42000000000002,0.42771590670308895,False,False,Ninguno
28,ROPA,Ropa,2022-11-01,2022,11,190.03,108.86,81.17,0.4271430826711572,False,False,Ninguno
28,ROPA,Ropa,2022-12-01,2022,12,189.94,109.19,80.75,0.4251342529219754,False,False,Ninguno
28,ROPA,Ropa,2023-01-01,2023,1,189.79,109.09,80.69999999999999,0.42520680752410556,False,False,Ninguno
28,ROPA,Ropa,2023-02-01,2023,2,216.32,111.64,104.67999999999999,0.4839127218934911,True,True,Febrero
28,ROPA,Ropa,2023-03-01,2023,3,216.13,111.71,104.42,0.4831351501411188,False,False,Ninguno
28,ROPA,Ropa,2023-04-01,2023,4,216.36,111.7,104.66000000000001,0.48373081900536147,False,False,Ninguno
28,ROPA,Ropa,2023-05-01,2023,5,215.42,111.61,103.80999999999999,0.4818958313991273,False,False,Ninguno
28,ROPA,Ropa,2023-06-01,2023,6,215.3,111.77,103.53000000000002,0.4808639108221087,False,False,Ninguno
28,ROPA,Ropa,2023-07-01,2023,7,215.19,111.97,103.22,0.47966912960639435,False,True,Julio
28,ROPA,Ropa,2023-08-01,2023,8,215.13,111.72,103.41,0.48068609677869195,False,False,Ninguno
28,ROPA,Ropa,2023-09-01,2023,9,214.28,111.8,102.48,0.47825275340675755,False,False,Ninguno
28,ROPA,Ropa,2023-10-01,2023,10,214.78,111.87,102.91,0.47914144706211004,False,False,Ninguno
28,ROPA,Ropa,2023-11-01,2023,11,214.28,112.0,102.28,0.47731939518387156,False,False,Ninguno
28,ROPA,Ropa,2023-12-01,2023,12,214.0,111.85,102.15,0.47733644859813085,False,False,Ninguno
28,ROPA,Ropa,2024-01-01,2024,1,213.94,111.6,102.34,0.478358418248107,False,False,Ninguno
28,ROPA,Ropa,2024-02-01,2024,2,239.81,128.35,111.46000000000001,0.4647846211584171,True,True,Febrero
28,ROPA,Ropa,2024-03-01,2024,3,239.79,128.17,111.62,0.46549063764126947,False,False,Ninguno
28,ROPA,Ropa,2024-04-01,2024,4,244.76,128.48,116.28,0.47507762706324563,False,True,Esporádico
28,ROPA,Ropa,2024-05-01,2024,5,244.0,128.13,115.87,0.4748770491803279,False,False,Ninguno
28,ROPA,Ropa,2024-06-01,2024,6,244.57,128.14,116.43,0.4760600237150918,False,False,Ninguno
28,ROPA,Ropa,2024-07-01,2024,7,263.55,138.15,125.4,0.47581104154809334,True,True,Julio
28,ROPA,Ropa,2024-08-01,2024,8,264.36,137.95,126.41000000000003,0.47817370252685737,False,False,Ninguno
28,ROPA,Ropa,2024-09-01,2024,9,263.24,138.32,124.92000000000002,0.47454794104239484,False,False,Ninguno
28,ROPA,Ropa,2024-10-01,2024,10,263.75,138.17,125.58000000000001,0.476132701421801,False,False,Ninguno
28,ROPA,Ropa,2024-11-01,2024,11,264.47,138.24,126.23000000000002,0.47729421106363673,False,False,Ninguno
28,ROPA,Ropa,2024-12-01,2024,12,263.83,138.21,125.61999999999998,0.47613993859682363,False,False,Ninguno
28,ROPA,Ropa,2025-01-01,2025,1,263.07,137.92,125.15,0.47572889345041247,False,False,Ninguno
28,ROPA,Ropa,2025-02-01,2025,2,264.12,141.07,123.05000000000001,0.46588671815841287,True,False,Febrero
28,ROPA,Ropa,2025-03-01,2025,3,264.3,140.72,123.58000000000001,0.46757472569050323,False,False,Ninguno
28,ROPA,Ropa,2025-04-01,2025,4,263.45,140.73,122.72,0.4658189409755172,False,False,Ninguno
28,ROPA,Ropa,2025-05-01,2025,5,263.56,140.79,122.77000000000001,0.4658142358476249,False,False,Ninguno
28,ROPA,Ropa,2025-06-01,2025,6,265.57,140.92,124.65,0.469367774974583,False,True,Esporádico
28,ROPA,Ropa,2025-07-01,2025,7,292.47,140.68,151.79000000000002,0.5189934010325845,False,True,Julio
28,ROPA,Ropa,2025-08-01,2025,8,293.32,140.68,152.64,0.5203872903313786,False,False,Ninguno
28,ROPA,Ropa,2025-09-01,2025,9,310.73,137.63,173.10000000000002,0.5570752743539408,True,True,Esporádico
28,ROPA,Ropa,2025-10-01,2025,10,310.07,137.66,172.41,0.5560357338665463,False,False,Ninguno
28,ROPA,Ropa,2025-11-01,2025,11,310.34,137.46,172.87999999999997,0.5570664432557839,False,False,Ninguno
29,ALIM,Alimentos,2018-07-01,2018,7,38.26,30.34,7.919999999999998,0.2070047046523784,False,False,Ninguno
29,ALIM,Alimentos,2018-08-01,2018,8,38.22,30.33,7.890000000000001,0.20643642072213503,False,False,Ninguno
29,ALIM,Alimentos,2018-09-01,2018,9,38.11,30.42,7.689999999999998,0.20178430858042504,False,False,Ninguno
29,ALIM,Alimentos,2018-10-01,2018,10,38.07,30.34,7.73,0.20304701864985553,False,False,Ninguno
29,ALIM,Alimentos,2018-11-01,2018,11,38.19,30.41,7.779999999999998,0.20371825085100806,False,False,Ninguno
29,ALIM,Alimentos,2018-12-01,2018,12,38.25,30.42,7.829999999999998,0.20470588235294113,False,False,Ninguno
29,ALIM,Alimentos,2019-01-01,2019,1,38.08,30.41,7.669999999999998,0.2014180672268907,False,False,Ninguno
29,ALIM,Alimentos,2019-02-01,2019,2,37.78,30.94,6.84,0.1810481736368449,True,True,Febrero
29,ALIM,Alimentos,2019-03-01,2019,3,37.83,30.98,6.849999999999998,0.18107322231033565,False,False,Ninguno
29,ALIM,Alimentos,2019-04-01,2019,4,37.64,31.01,6.629999999999999,0.17614240170031878,False,False,Ninguno
29,ALIM,Alimentos,2019-05-01,2019,5,37.68,31.05,6.629999999999999,0.17595541401273884,False,False,Ninguno
29,ALIM,Alimentos,2019-06-01,2019,6,37.71,30.97,6.740000000000002,0.1787324317157253,False,False,Ninguno
29,ALIM,Alimentos,2019-07-01,2019,7,36.96,31.6,5.359999999999999,0.145021645021645,True,True,Julio
29,ALIM,Alimentos,2019-08-01,2019,8,37.06,31.65,5.410000000000004,0.1459794927145171,False,False,Ninguno
29,ALIM,Alimentos,2019-09-01,2019,9,36.96,31.57,5.390000000000001,0.14583333333333334,False,False,Ninguno
29,ALIM,Alimentos,2019-10-01,2019,10,36.91,31.6,5.309999999999995,0.14386345163912206,False,False,Ninguno
29,ALIM,Alimentos,2019-11-01,2019,11,37.03,31.65,5.380000000000003,0.14528760464488258,False,False,Esporádico
29,ALIM,Alimentos,2019-12-01,2019,12,36.96,31.57,5.390000000000001,0.14583333333333334,False,False,Ninguno
29,ALIM,Alimentos,2020-01-01,2020,1,37.02,31.56,5.460000000000004,0.147487844408428,False,False,Ninguno
29,ALIM,Alimentos,2020-02-01,2020,2,37.05,31.68,5.369999999999997,0.14493927125506068,False,True,Febrero
29,ALIM,Alimentos,2020-03-01,2020,3,37.01,31.6,5.409999999999997,0.14617670899756813,False,False,Ninguno
29,ALIM,Alimentos,2020-04-01,2020,4,37.0,31.67,5.329999999999998,0.144054054054054,False,False,Ninguno
29,ALIM,Alimentos,2020-05-01,2020,5,36.96,31.57,5.390000000000001,0.14583333333333334,False,False,Ninguno
29,ALIM,Alimentos,2020-06-01,2020,6,39.17,31.63,7.540000000000003,0.1924942558080164,False,True,Esporádico
29,ALIM,Alimentos,2020-07-01,2020,7,42.51,31.66,10.849999999999998,0.25523406257351205,False,True,Julio
29,ALIM,Alimentos,2020-08-01,2020,8,42.41,31.56,10.849999999999998,0.2558358877623202,False,False,Ninguno
29,ALIM,Alimentos,2020-09-01,2020,9,42.47,31.64,10.829999999999998,0.255003531904874,False,False,Ninguno
29,ALIM,Alimentos,2020-10-01,2020,10,44.57,32.39,12.18,0.2732779896791564,True,True,Esporádico
29,ALIM,Alimentos,2020-11-01,2020,11,44.6,32.36,12.240000000000002,0.2744394618834081,False,False,Ninguno
29,ALIM,Alimentos,2020-12-01,2020,12,44.55,32.35,12.199999999999996,0.27384960718294044,False,False,Ninguno
29,ALIM,Alimentos,2021-01-01,2021,1,44.7,32.35,12.350000000000001,0.27628635346756153,False,False,Esporádico
29,ALIM,Alimentos,2021-02-01,2021,2,44.61,34.37,10.240000000000002,0.22954494507957862,True,False,Febrero
29,ALIM,Alimentos,2021-03-01,2021,3,44.78,34.27,10.509999999999998,0.23470299240732465,False,False,Ninguno
29,ALIM,Alimentos,2021-04-01,2021,4,44.68,35.06,9.619999999999997,0.21530886302596233,True,False,Esporádico
29,ALIM,Alimentos,2021-05-01,2021,5,44.57,35.08,9.490000000000002,0.2129234911375365,False,False,Ninguno
29,ALIM,Alimentos,2021-06-01,2021,6,44.72,34.98,9.740000000000002,0.2177996422182469,False,False,Ninguno
29,ALIM,Alimentos,2021-07-01,2021,7,43.56,35.72,7.840000000000003,0.17998163452708915,True,True,Julio
29,ALIM,Alimentos,2021-08-01,2021,8,43.47,35.73,7.740000000000002,0.17805383022774332,False,False,Ninguno
29,ALIM,Alimentos,2021-09-01,2021,9,43.63,35.69,7.940000000000005,0.1819848727939492,False,False,Ninguno
29,ALIM,Alimentos,2021-10-01,2021,10,43.62,35.67,7.949999999999996,0.18225584594222824,False,False,Ninguno
29,ALIM,Alimentos,2021-11-01,2021,11,43.61,35.72,7.890000000000001,0.18092180692501722,False,False,Ninguno
29,ALIM,Alimentos,2021-12-01,2021,12,43.46,35.74,7.719999999999999,0.17763460653474455,False,False,Ninguno
29,ALIM,Alimentos,2022-01-01,2022,1,43.66,36.98,6.68,0.15300045808520385,True,False,Esporádico
29,ALIM,Alimentos,2022-02-01,2022,2,44.95,37.89,7.060000000000002,0.15706340378198003,True,True,Febrero
29,ALIM,Alimentos,2022-03-01,2022,3,45.1,37.88,7.219999999999999,0.16008869179600885,False,False,Ninguno
29,ALIM,Alimentos,2022-04-01,2022,4,44.88,37.8,7.080000000000005,0.15775401069518727,False,False,Ninguno
29,ALIM,Alimentos,2022-05-01,2022,5,44.94,37.86,7.079999999999998,0.15754339118825098,False,False,Ninguno
29,ALIM,Alimentos,2022-06-01,2022,6,44.98,37.87,7.109999999999999,0.158070253445976,False,False,Ninguno
29,ALIM,Alimentos,2022-07-01,2022,7,45.07,37.82,7.25,0.16086088307077878,False,False,Julio
29,ALIM,Alimentos,2022-08-01,2022,8,44.98,37.81,7.169999999999995,0.1594041796353934,False,False,Ninguno
29,ALIM,Alimentos,2022-09-01,2022,9,44.96,37.81,7.149999999999999,0.15903024911032024,False,False,Ninguno
29,ALIM,Alimentos,2022-10-01,2022,10,45.08,37.83,7.25,0.16082519964507544,False,False,Ninguno
29,ALIM,Alimentos,2022-11-01,2022,11,45.0,37.8,7.200000000000003,0.16000000000000006,False,False,Ninguno
29,ALIM,Alimentos,2022-12-01,2022,12,44.93,37.85,7.079999999999998,0.1575784553750278,False,False,Ninguno
29,ALIM,Alimentos,2023-01-01,2023,1,45.59,37.89,7.700000000000003,0.168896687870147,False,True,Esporádico
29,ALIM,Alimentos,2023-02-01,2023,2,49.65,40.4,9.25,0.1863041289023162,True,True,Febrero
29,ALIM,Alimentos,2023-03-01,2023,3,49.63,40.48,9.150000000000006,0.1843642957888375,False,False,Ninguno
29,ALIM,Alimentos,2023-04-01,2023,4,49.49,40.45,9.04,0.18266316427561122,False,False,Ninguno
29,ALIM,Alimentos,2023-05-01,2023,5,49.75,40.43,9.32,0.18733668341708543,False,False,Ninguno
29,ALIM,Alimentos,2023-06-01,2023,6,49.61,40.46,9.149999999999999,0.18443862124571656,False,False,Ninguno
29,ALIM,Alimentos,2023-07-01,2023,7,52.98,41.29,11.689999999999998,0.22064930162325402,True,True,Julio
29,ALIM,Alimentos,2023-08-01,2023,8,53.05,41.24,11.809999999999995,0.2226201696512723,False,False,Ninguno
29,ALIM,Alimentos,2023-09-01,2023,9,52.88,41.23,11.650000000000006,0.22031013615733747,False,False,Ninguno
29,ALIM,Alimentos,2023-10-01,2023,10,52.91,41.28,11.629999999999995,0.21980721980721973,False,False,Ninguno
29,ALIM,Alimentos,2023-11-01,2023,11,53.51,41.31,12.199999999999996,0.22799476733320867,False,True,Esporádico
29,ALIM,Alimentos,2023-12-01,2023,12,53.43,41.34,12.089999999999996,0.22627737226277367,False,False,Ninguno
29,ALIM,Alimentos,2024-01-01,2024,1,53.38,41.21,12.170000000000002,0.22798801049082054,False,False,Ninguno
29,ALIM,Alimentos,2024-02-01,2024,2,58.91,45.83,13.079999999999998,0.22203361059242913,True,True,Febrero
29,ALIM,Alimentos,2024-03-01,2024,3,58.93,45.84,13.089999999999996,0.22212794841337175,False,False,Ninguno
29,ALIM,Alimentos,2024-04-01,2024,4,58.92,49.71,9.21,0.15631364562118127,True,False,Esporádico
29,ALIM,Alimentos,2024-05-01,2024,5,61.61,50.76,10.850000000000001,0.17610777471189745,True,True,Esporádico
29,ALIM,Alimentos,2024-06-01,2024,6,61.61,50.79,10.82,0.17562084077260184,False,False,Ninguno
29,ALIM,Alimentos,2024-07-01,2024,7,63.36,50.86,12.5,0.19728535353535354,False,True,Julio
29,ALIM,Alimentos,2024-08-01,2024,8,63.42,50.78,12.64,0.19930621255124567,False,False,Ninguno
29,ALIM,Alimentos,2024-09-01,2024,9,63.48,50.91,12.57,0.19801512287334594,False,False,Ninguno
29,ALIM,Alimentos,2024-10-01,2024,10,63.58,50.81,12.769999999999996,0.20084932368669386,False,False,Ninguno
29,ALIM,Alimentos,2024-11-01,2024,11,63.24,54.82,8.420000000000002,0.13314358001265025,True,False,Esporádico
29,ALIM,Alimentos,2024-12-01,2024,12,63.54,54.94,8.600000000000001,0.1353478124016368,False,False,Ninguno
29,ALIM,Alimentos,2025-01-01,2025,1,63.57,54.99,8.579999999999998,0.1349693251533742,False,False,Ninguno
29,ALIM,Alimentos,2025-02-01,2025,2,63.32,57.51,5.810000000000002,0.09175615919140875,True,False,Febrero
29,ALIM,Alimentos,2025-03-01,2025,3,63.47,57.61,5.859999999999999,0.09232708366157238,False,False,Ninguno
29,ALIM,Alimentos,2025-04-01,2025,4,63.51,57.63,5.8799999999999955,0.09258384506376942,False,False,Ninguno
29,ALIM,Alimentos,2025-05-01,2025,5,63.44,57.56,5.8799999999999955,0.09268600252206803,False,False,Ninguno
29,ALIM,Alimentos,2025-06-01,2025,6,63.38,57.52,5.859999999999999,0.09245818870306088,False,False,Ninguno
29,ALIM,Alimentos,2025-07-01,2025,7,68.04,57.66,10.38000000000001,0.15255731922398602,False,True,Julio
29,ALIM,Alimentos,2025-08-01,2025,8,67.84,57.56,10.280000000000001,0.15153301886792453,False,False,Ninguno
29,ALIM,Alimentos,2025-09-01,2025,9,67.82,57.58,10.239999999999995,0.15098790917133584,False,False,Ninguno
29,ALIM,Alimentos,2025-10-01,2025,10,67.92,57.7,10.219999999999999,0.15047114252061247,False,False,Ninguno
29,ALIM,Alimentos,2025-11-01,2025,11,67.72,57.7,10.019999999999996,0.14796219728292964,False,False,Ninguno
30,JUGUE,Juguetes,2018-07-01,2018,7,173.93,120.15,53.78,0.3092048525268786,False,False,Ninguno
30,JUGUE,Juguetes,2018-08-01,2018,8,174.12,119.88,54.24000000000001,0.3115093039283253,False,False,Ninguno
30,JUGUE,Juguetes,2018-09-01,2018,9,173.64,120.18,53.45999999999998,0.30787836903939175,False,False,Ninguno
30,JUGUE,Juguetes,2018-10-01,2018,10,177.22,122.22,55.0,0.3103487191061957,True,True,Esporádico
30,JUGUE,Juguetes,2018-11-01,2018,11,180.66,122.57,58.09,0.3215432303775047,False,True,Esporádico
30,JUGUE,Juguetes,2018-12-01,2018,12,180.9,122.37,58.53,0.32354892205638475,False,False,Ninguno
30,JUGUE,Juguetes,2019-01-01,2019,1,179.9,122.35,57.55000000000001,0.3198999444135631,False,False,Ninguno
30,JUGUE,Juguetes,2019-02-01,2019,2,187.9,120.75,67.15,0.35737094199042047,True,True,Febrero
30,JUGUE,Juguetes,2019-03-01,2019,3,187.13,121.05,66.08,0.35312349703414736,False,False,Ninguno
30,JUGUE,Juguetes,2019-04-01,2019,4,187.64,120.96,66.67999999999999,0.3553613302067789,False,False,Ninguno
30,JUGUE,Juguetes,2019-05-01,2019,5,187.82,121.13,66.69,0.3550740070280055,False,False,Ninguno
30,JUGUE,Juguetes,2019-06-01,2019,6,187.7,120.93,66.76999999999998,0.3557272242940862,False,False,Ninguno
30,JUGUE,Juguetes,2019-07-01,2019,7,194.75,120.94,73.81,0.3789987163029525,False,True,Julio
30,JUGUE,Juguetes,2019-08-01,2019,8,195.24,120.74,74.50000000000001,0.38158164310592096,False,False,Ninguno
30,JUGUE,Juguetes,2019-09-01,2019,9,194.64,120.81,73.82999999999998,0.37931565967940806,False,False,Ninguno
30,JUGUE,Juguetes,2019-10-01,2019,10,194.66,121.03,73.63,0.3782492551114764,False,False,Ninguno
30,JUGUE,Juguetes,2019-11-01,2019,11,195.25,120.97,74.28,0.38043533930857876,False,False,Ninguno
30,JUGUE,Juguetes,2019-12-01,2019,12,195.19,121.15,74.03999999999999,0.3793227112044674,False,False,Ninguno
30,JUGUE,Juguetes,2020-01-01,2020,1,195.27,120.71,74.56000000000002,0.3818302862702925,False,False,Ninguno
30,JUGUE,Juguetes,2020-02-01,2020,2,202.87,137.54,65.33000000000001,0.32202888549317304,True,True,Febrero
30,JUGUE,Juguetes,2020-03-01,2020,3,202.51,137.47,65.03999999999999,0.32116932497160633,False,False,Ninguno
30,JUGUE,Juguetes,2020-04-01,2020,4,201.82,137.59,64.22999999999999,0.3182538896045981,False,False,Ninguno
30,JUGUE,Juguetes,2020-05-01,2020,5,202.09,137.56,64.53,0.3193131772972438,False,False,Ninguno
30,JUGUE,Juguetes,2020-06-01,2020,6,202.92,137.75,65.16999999999999,0.32116104868913853,False,False,Ninguno
30,JUGUE,Juguetes,2020-07-01,2020,7,195.73,140.42,55.31,0.2825831502580085,True,True,Julio
30,JUGUE,Juguetes,2020-08-01,2020,8,204.51,150.08,54.42999999999998,0.26614835460368674,True,True,Esporádico
30,JUGUE,Juguetes,2020-09-01,2020,9,219.05,150.01,69.04000000000002,0.31517918283496926,False,True,Esporádico
30,JUGUE,Juguetes,2020-10-01,2020,10,224.78,149.65,75.13,0.33423792152326715,False,True,Esporádico
30,JUGUE,Juguetes,2020-11-01,2020,11,224.86,149.66,75.20000000000002,0.33443031219425423,False,False,Ninguno
30,JUGUE,Juguetes,2020-12-01,2020,12,224.91,149.87,75.03999999999999,0.33364456893868655,False,False,Ninguno
30,JUGUE,Juguetes,2021-01-01,2021,1,224.33,149.59,74.74000000000001,0.33316988365354616,False,False,Ninguno
30,JUGUE,Juguetes,2021-02-01,2021,2,259.51,156.97,102.53999999999999,0.3951292821085893,True,True,Febrero
30,JUGUE,Juguetes,2021-03-01,2021,3,259.79,157.18,102.61000000000001,0.3949728626967936,False,False,Ninguno
30,JUGUE,Juguetes,2021-04-01,2021,4,259.49,156.91,102.58000000000001,0.3953138849281283,False,False,Ninguno
30,JUGUE,Juguetes,2021-05-01,2021,5,260.36,156.86,103.5,0.39752650176678445,False,False,Ninguno
30,JUGUE,Juguetes,2021-06-01,2021,6,259.43,156.81,102.62,0.3955594958177543,False,False,Ninguno
30,JUGUE,Juguetes,2021-07-01,2021,7,278.39,159.99,118.39999999999998,0.4253026329968748,True,True,Julio
30,JUGUE,Juguetes,2021-08-01,2021,8,286.24,159.87,126.37,0.4414826718837339,False,True,Esporádico
30,JUGUE,Juguetes,2021-09-01,2021,9,287.42,160.38,127.04000000000002,0.4420012525224411,False,False,Ninguno
30,JUGUE,Juguetes,2021-10-01,2021,10,287.57,160.45,127.12,0.442048892443579,False,False,Ninguno
30,JUGUE,Juguetes,2021-11-01,2021,11,303.59,163.88,139.70999999999998,0.460193023485622,True,True,Esporádico
30,JUGUE,Juguetes,2021-12-01,2021,12,302.56,163.66,138.9,0.45908249603384454,False,False,Ninguno
30,JUGUE,Juguetes,2022-01-01,2022,1,303.46,163.88,139.57999999999998,0.45996177420417844,False,False,Ninguno
30,JUGUE,Juguetes,2022-02-01,2022,2,296.97,192.08,104.89000000000001,0.35320065999932654,True,True,Febrero
30,JUGUE,Juguetes,2022-03-01,2022,3,294.7,198.15,96.54999999999998,0.32762130980658294,True,True,Esporádico
30,JUGUE,Juguetes,2022-04-01,2022,4,295.31,198.02,97.28999999999999,0.32945040804578235,False,False,Ninguno
30,JUGUE,Juguetes,2022-05-01,2022,5,295.64,198.03,97.60999999999999,0.33016506562034903,False,False,Ninguno
30,JUGUE,Juguetes,2022-06-01,2022,6,296.3,198.08,98.22,0.331488356395545,False,False,Ninguno
30,JUGUE,Juguetes,2022-07-01,2022,7,294.79,197.37,97.42000000000002,0.3304725397740765,False,False,Julio
30,JUGUE,Juguetes,2022-08-01,2022,8,295.85,197.56,98.29000000000002,0.3322291701875951,False,False,Ninguno
30,JUGUE,Juguetes,2022-09-01,2022,9,295.47,198.07,97.40000000000003,0.329644295529157,False,False,Ninguno
30,JUGUE,Juguetes,2022-10-01,2022,10,294.99,197.84,97.15,0.32933319773551645,False,False,Ninguno
30,JUGUE,Juguetes,2022-11-01,2022,11,296.37,198.0,98.37,0.33191618584877014,False,False,Ninguno
30,JUGUE,Juguetes,2022-12-01,2022,12,295.54,197.58,97.96000000000001,0.33146105434120593,False,False,Ninguno
30,JUGUE,Juguetes,2023-01-01,2023,1,295.65,197.43,98.21999999999997,0.3322171486555047,False,False,Ninguno
30,JUGUE,Juguetes,2023-02-01,2023,2,288.88,207.74,81.13999999999999,0.28087787316532814,True,True,Febrero
30,JUGUE,Juguetes,2023-03-01,2023,3,289.31,207.81,81.5,0.28170474577442883,False,False,Ninguno
30,JUGUE,Juguetes,2023-04-01,2023,4,289.62,207.38,82.24000000000001,0.2839582901733306,False,False,Ninguno
30,JUGUE,Juguetes,2023-05-01,2023,5,288.93,207.97,80.96000000000001,0.28020627833731354,False,False,Ninguno
30,JUGUE,Juguetes,2023-06-01,2023,6,289.61,207.42,82.19000000000003,0.2837954490521737,False,False,Ninguno
30,JUGUE,Juguetes,2023-07-01,2023,7,292.81,216.28,76.53,0.2613640244527168,True,True,Julio
30,JUGUE,Juguetes,2023-08-01,2023,8,292.42,216.26,76.16000000000003,0.26044730182614056,False,False,Ninguno
30,JUGUE,Juguetes,2023-09-01,2023,9,292.78,216.73,76.04999999999998,0.2597513491358699,False,False,Ninguno
30,JUGUE,Juguetes,2023-10-01,2023,10,292.54,216.46,76.08000000000001,0.26006699938469957,False,False,Ninguno
30,JUGUE,Juguetes,2023-11-01,2023,11,289.6,224.29,65.31000000000003,0.22551795580110506,True,True,Esporádico
30,JUGUE,Juguetes,2023-12-01,2023,12,289.29,224.29,65.00000000000003,0.22468802931314605,False,False,Esporádico
30,JUGUE,Juguetes,2024-01-01,2024,1,288.54,225.04,63.50000000000003,0.2200734733485826,False,False,Ninguno
30,JUGUE,Juguetes,2024-02-01,2024,2,329.84,229.57,100.26999999999998,0.303995876788746,True,True,Febrero
30,JUGUE,Juguetes,2024-03-01,2024,3,329.7,228.78,100.91999999999999,0.30609645131938124,False,False,Ninguno
30,JUGUE,Juguetes,2024-04-01,2024,4,329.31,229.08,100.22999999999999,0.3043636694907534,False,False,Ninguno
30,JUGUE,Juguetes,2024-05-01,2024,5,328.76,228.75,100.00999999999999,0.3042036744129456,False,False,Ninguno
30,JUGUE,Juguetes,2024-06-01,2024,6,329.28,229.43,99.84999999999997,0.3032373663751214,False,False,Ninguno
30,JUGUE,Juguetes,2024-07-01,2024,7,329.86,234.07,95.79000000000002,0.2903959255441703,True,False,Julio
30,JUGUE,Juguetes,2024-08-01,2024,8,328.61,233.53,95.08000000000001,0.2893399470496942,False,False,Ninguno
30,JUGUE,Juguetes,2024-09-01,2024,9,329.53,234.19,95.33999999999997,0.28932115437137734,True,False,Esporádico
30,JUGUE,Juguetes,2024-10-01,2024,10,329.56,233.83,95.72999999999999,0.2904782133754096,False,False,Ninguno
30,JUGUE,Juguetes,2024-11-01,2024,11,329.98,233.67,96.31000000000003,0.2918661737074975,False,False,Ninguno
30,JUGUE,Juguetes,2024-12-01,2024,12,328.61,233.82,94.79000000000002,0.2884574419524665,False,False,Ninguno
30,JUGUE,Juguetes,2025-01-01,2025,1,329.44,233.45,95.99000000000001,0.29137323943661975,False,False,Ninguno
30,JUGUE,Juguetes,2025-02-01,2025,2,373.72,249.08,124.64000000000001,0.3335117200042813,True,True,Febrero
30,JUGUE,Juguetes,2025-03-01,2025,3,373.39,248.36,125.02999999999997,0.3348509601221243,False,False,Ninguno
30,JUGUE,Juguetes,2025-04-01,2025,4,373.61,249.05,124.56,0.3333957870506678,False,False,Ninguno
30,JUGUE,Juguetes,2025-05-01,2025,5,374.29,248.69,125.60000000000002,0.3355686766945417,False,False,Ninguno
30,JUGUE,Juguetes,2025-06-01,2025,6,373.41,249.05,124.36000000000001,0.3330387509707828,False,False,Ninguno
30,JUGUE,Juguetes,2025-07-01,2025,7,375.0,253.84,121.16,0.32309333333333334,True,False,Julio
30,JUGUE,Juguetes,2025-08-01,2025,8,374.97,253.46,121.51000000000002,0.3240525908739366,False,False,Ninguno
30,JUGUE,Juguetes,2025-09-01,2025,9,374.41,253.99,120.42000000000002,0.3216260249459149,False,False,Ninguno
30,JUGUE,Juguetes,2025-10-01,2025,10,374.08,254.0,120.07999999999998,0.32100085543199314,False,False,Ninguno
30,JUGUE,Juguetes,2025-11-01,2025,11,374.65,253.43,121.21999999999997,0.32355531829707723,False,False,Ninguno
31,ALIM,Alimentos,2018-07-01,2018,7,17.91,13.82,4.09,0.22836404243439418,False,False,Ninguno
31,ALIM,Alimentos,2018-08-01,2018,8,17.82,13.83,3.99,0.2239057239057239,False,False,Ninguno
31,ALIM,Alimentos,2018-09-01,2018,9,17.89,13.83,4.0600000000000005,0.22694242593627728,False,False,Ninguno
31,ALIM,Alimentos,2018-10-01,2018,10,17.86,13.85,4.01,0.22452407614781633,False,False,Ninguno
31,ALIM,Alimentos,2018-11-01,2018,11,17.84,13.85,3.99,0.22365470852017938,False,False,Ninguno
31,ALIM,Alimentos,2018-12-01,2018,12,17.91,13.82,4.09,0.22836404243439418,False,False,Ninguno
31,ALIM,Alimentos,2019-01-01,2019,1,17.88,13.85,4.029999999999999,0.22539149888143176,False,False,Ninguno
31,ALIM,Alimentos,2019-02-01,2019,2,20.21,14.25,5.960000000000001,0.29490351311232066,True,True,Febrero
31,ALIM,Alimentos,2019-03-01,2019,3,20.24,14.24,5.999999999999998,0.2964426877470355,False,False,Ninguno
31,ALIM,Alimentos,2019-04-01,2019,4,20.23,14.24,5.99,0.29609490855165593,False,False,Ninguno
31,ALIM,Alimentos,2019-05-01,2019,5,20.22,14.24,5.979999999999999,0.2957467853610286,False,False,Ninguno
31,ALIM,Alimentos,2019-06-01,2019,6,20.24,14.26,5.979999999999999,0.2954545454545454,False,False,Ninguno
31,ALIM,Alimentos,2019-07-01,2019,7,21.65,14.41,7.239999999999998,0.33441108545034637,True,True,Julio
31,ALIM,Alimentos,2019-08-01,2019,8,21.65,14.38,7.269999999999998,0.3357967667436489,False,False,Ninguno
31,ALIM,Alimentos,2019-09-01,2019,9,21.57,14.37,7.200000000000001,0.33379694019471495,False,False,Ninguno
31,ALIM,Alimentos,2019-10-01,2019,10,21.89,14.4,7.49,0.3421653723161261,False,True,Esporádico
31,ALIM,Alimentos,2019-11-01,2019,11,21.72,14.36,7.359999999999999,0.33885819521178634,False,True,Esporádico
31,ALIM,Alimentos,2019-12-01,2019,12,21.64,14.39,7.25,0.3350277264325323,False,False,Ninguno
31,ALIM,Alimentos,2020-01-01,2020,1,21.67,14.39,7.280000000000001,0.33594831564374716,False,False,Ninguno
31,ALIM,Alimentos,2020-02-01,2020,2,21.63,14.39,7.239999999999998,0.33472029588534435,False,False,Febrero
31,ALIM,Alimentos,2020-03-01,2020,3,21.64,14.41,7.23,0.33410351201478744,False,False,Ninguno
31,ALIM,Alimentos,2020-04-01,2020,4,21.61,14.4,7.209999999999999,0.33364183248496065,False,False,Ninguno
31,ALIM,Alimentos,2020-05-01,2020,5,21.65,14.38,7.269999999999998,0.3357967667436489,False,False,Ninguno
31,ALIM,Alimentos,2020-06-01,2020,6,21.61,14.39,7.219999999999999,0.3341045812124016,False,False,Ninguno
31,ALIM,Alimentos,2020-07-01,2020,7,22.91,14.89,8.02,0.35006547359231777,True,True,Julio
31,ALIM,Alimentos,2020-08-01,2020,8,22.92,14.89,8.030000000000001,0.3503490401396161,False,False,Ninguno
31,ALIM,Alimentos,2020-09-01,2020,9,22.94,14.87,8.070000000000002,0.35178727114210995,False,False,Ninguno
31,ALIM,Alimentos,2020-10-01,2020,10,22.91,14.86,8.05,0.3513749454386731,False,False,Ninguno
31,ALIM,Alimentos,2020-11-01,2020,11,22.88,14.89,7.989999999999998,0.34921328671328666,False,False,Ninguno
31,ALIM,Alimentos,2020-12-01,2020,12,22.9,14.86,8.04,0.35109170305676857,False,False,Ninguno
31,ALIM,Alimentos,2021-01-01,2021,1,22.96,14.89,8.07,0.3514808362369338,False,False,Ninguno
31,ALIM,Alimentos,2021-02-01,2021,2,26.18,15.56,10.62,0.4056531703590527,True,True,Febrero
31,ALIM,Alimentos,2021-03-01,2021,3,26.27,15.6,10.67,0.40616673011039206,False,False,Ninguno
31,ALIM,Alimentos,2021-04-01,2021,4,26.0,16.23,9.77,0.37576923076923074,True,True,Esporádico
31,ALIM,Alimentos,2021-05-01,2021,5,26.08,16.22,9.86,0.37806748466257667,False,False,Ninguno
31,ALIM,Alimentos,2021-06-01,2021,6,26.09,16.21,9.879999999999999,0.3786891529321579,False,False,Ninguno
31,ALIM,Alimentos,2021-07-01,2021,7,26.02,16.56,9.46,0.3635664873174482,True,False,Julio
31,ALIM,Alimentos,2021-08-01,2021,8,26.11,16.56,9.55,0.36576024511681354,False,False,Ninguno
31,ALIM,Alimentos,2021-09-01,2021,9,26.04,16.61,9.43,0.3621351766513057,False,False,Ninguno
31,ALIM,Alimentos,2021-10-01,2021,10,26.48,16.9,9.580000000000002,0.3617824773413898,True,True,Esporádico
31,ALIM,Alimentos,2021-11-01,2021,11,26.39,16.95,9.440000000000001,0.35771125426297845,False,False,Esporádico
31,ALIM,Alimentos,2021-12-01,2021,12,26.54,16.9,9.64,0.3632253202712887,False,False,Esporádico
31,ALIM,Alimentos,2022-01-01,2022,1,26.53,17.26,9.27,0.34941575574820954,True,False,Esporádico
31,ALIM,Alimentos,2022-02-01,2022,2,27.9,17.29,10.61,0.3802867383512545,False,True,Febrero
31,ALIM,Alimentos,2022-03-01,2022,3,27.95,17.23,10.719999999999999,0.3835420393559928,False,False,Ninguno
31,ALIM,Alimentos,2022-04-01,2022,4,27.83,17.25,10.579999999999998,0.3801652892561983,False,False,Ninguno
31,ALIM,Alimentos,2022-05-01,2022,5,27.73,17.66,10.07,0.3631446087270105,True,True,Esporádico
31,ALIM,Alimentos,2022-06-01,2022,6,27.75,17.71,10.04,0.36180180180180177,False,False,Ninguno
31,ALIM,Alimentos,2022-07-01,2022,7,30.7,17.68,13.02,0.4241042345276873,False,True,Julio
31,ALIM,Alimentos,2022-08-01,2022,8,30.68,17.67,13.009999999999998,0.42405475880052146,False,False,Ninguno
31,ALIM,Alimentos,2022-09-01,2022,9,32.83,18.08,14.75,0.4492841912884557,True,True,Esporádico
31,ALIM,Alimentos,2022-10-01,2022,10,32.85,18.07,14.780000000000001,0.449923896499239,False,False,Ninguno
31,ALIM,Alimentos,2022-11-01,2022,11,32.81,18.42,14.39,0.43858579701310574,True,False,Esporádico
31,ALIM,Alimentos,2022-12-01,2022,12,32.84,18.4,14.440000000000005,0.4397076735688186,False,False,Ninguno
31,ALIM,Alimentos,2023-01-01,2023,1,32.87,18.42,14.449999999999996,0.4396105871615454,False,False,Ninguno
31,ALIM,Alimentos,2023-02-01,2023,2,33.7,18.93,14.770000000000003,0.4382789317507419,True,True,Febrero
31,ALIM,Alimentos,2023-03-01,2023,3,33.75,18.92,14.829999999999998,0.43940740740740736,False,False,Ninguno
31,ALIM,Alimentos,2023-04-01,2023,4,33.79,18.96,14.829999999999998,0.4388872447469665,False,False,Ninguno
31,ALIM,Alimentos,2023-05-01,2023,5,33.77,18.96,14.810000000000002,0.438554930411608,False,False,Ninguno
31,ALIM,Alimentos,2023-06-01,2023,6,33.77,18.94,14.830000000000002,0.43914717204619486,False,False,Ninguno
31,ALIM,Alimentos,2023-07-01,2023,7,34.46,18.95,15.510000000000002,0.45008705745792227,True,True,Julio
31,ALIM,Alimentos,2023-08-01,2023,8,34.56,18.95,15.610000000000003,0.4516782407407408,False,False,Ninguno
31,ALIM,Alimentos,2023-09-01,2023,9,34.39,18.95,15.440000000000001,0.4489677231753417,False,False,Ninguno
31,ALIM,Alimentos,2023-10-01,2023,10,34.38,18.96,15.420000000000002,0.44851657940663175,False,False,Esporádico
31,ALIM,Alimentos,2023-11-01,2023,11,34.41,18.93,15.479999999999997,0.4498692240627724,False,False,Ninguno
31,ALIM,Alimentos,2023-12-01,2023,12,34.45,18.96,15.490000000000002,0.4496371552975327,False,False,Ninguno
31,ALIM,Alimentos,2024-01-01,2024,1,34.52,18.99,15.530000000000005,0.44988412514484366,False,False,Ninguno
31,ALIM,Alimentos,2024-02-01,2024,2,35.17,19.53,15.64,0.4446971851009383,True,True,Febrero
31,ALIM,Alimentos,2024-03-01,2024,3,35.01,19.51,15.499999999999996,0.4427306483861753,False,False,Ninguno
31,ALIM,Alimentos,2024-04-01,2024,4,35.11,19.57,15.54,0.44260894332099116,False,False,Ninguno
31,ALIM,Alimentos,2024-05-01,2024,5,35.06,19.52,15.540000000000003,0.44324015972618375,False,False,Ninguno
31,ALIM,Alimentos,2024-06-01,2024,6,35.19,19.58,15.61,0.44359192952543336,False,False,Ninguno
31,ALIM,Alimentos,2024-07-01,2024,7,37.4,19.55,17.849999999999998,0.47727272727272724,False,True,Julio
31,ALIM,Alimentos,2024-08-01,2024,8,37.5,19.58,17.92,0.4778666666666667,False,False,Ninguno
31,ALIM,Alimentos,2024-09-01,2024,9,37.47,19.53,17.939999999999998,0.47878302642113685,False,False,Ninguno
31,ALIM,Alimentos,2024-10-01,2024,10,37.33,19.52,17.81,0.47709616930083043,False,False,Ninguno
31,ALIM,Alimentos,2024-11-01,2024,11,39.23,19.54,19.689999999999998,0.5019118021921998,False,True,Esporádico
31,ALIM,Alimentos,2024-12-01,2024,12,39.13,19.52,19.610000000000003,0.5011500127779198,False,False,Ninguno
31,ALIM,Alimentos,2025-01-01,2025,1,39.22,19.58,19.64,0.5007649158592555,False,False,Ninguno
31,ALIM,Alimentos,2025-02-01,2025,2,40.03,18.79,21.240000000000002,0.5306020484636523,True,True,Febrero
31,ALIM,Alimentos,2025-03-01,2025,3,40.21,18.81,21.400000000000002,0.5322059189256404,False,False,Ninguno
31,ALIM,Alimentos,2025-04-01,2025,4,40.02,18.75,21.270000000000003,0.5314842578710645,False,False,Ninguno
31,ALIM,Alimentos,2025-05-01,2025,5,40.21,18.75,21.46,0.5336980850534693,False,False,Ninguno
31,ALIM,Alimentos,2025-06-01,2025,6,40.09,18.76,21.330000000000002,0.5320528810177102,False,False,Ninguno
31,ALIM,Alimentos,2025-07-01,2025,7,40.14,18.78,21.36,0.5321375186846039,False,False,Julio
31,ALIM,Alimentos,2025-08-01,2025,8,40.05,18.75,21.299999999999997,0.5318352059925093,False,False,Ninguno
31,ALIM,Alimentos,2025-09-01,2025,9,40.21,18.81,21.400000000000002,0.5322059189256404,False,False,Ninguno
31,ALIM,Alimentos,2025-10-01,2025,10,40.0,18.8,21.2,0.53,False,False,Ninguno
31,ALIM,Alimentos,2025-11-01,2025,11,40.15,18.77,21.38,0.5325031133250311,False,False,Ninguno
32,HERR,Herramientas,2018-07-01,2018,7,69.05,48.55,20.5,0.2968863142650254,False,False,Ninguno
32,HERR,Herramientas,2018-08-01,2018,8,69.42,48.61,20.810000000000002,0.2997695188706425,False,False,Ninguno
32,HERR,Herramientas,2018-09-01,2018,9,69.25,48.44,20.810000000000002,0.3005054151624549,False,False,Ninguno
32,HERR,Herramientas,2018-10-01,2018,10,69.19,48.49,20.699999999999996,0.2991761815291227,False,False,Ninguno
32,HERR,Herramientas,2018-11-01,2018,11,69.27,48.46,20.809999999999995,0.3004186516529522,False,False,Ninguno
32,HERR,Herramientas,2018-12-01,2018,12,68.48,51.11,17.370000000000005,0.2536507009345795,True,True,Esporádico
32,HERR,Herramientas,2019-01-01,2019,1,68.52,51.16,17.36,0.2533566841798015,False,False,Ninguno
32,HERR,Herramientas,2019-02-01,2019,2,76.36,52.06,24.299999999999997,0.31822943949711885,True,True,Febrero
32,HERR,Herramientas,2019-03-01,2019,3,76.16,52.04,24.119999999999997,0.3167016806722689,False,False,Ninguno
32,HERR,Herramientas,2019-04-01,2019,4,76.45,52.1,24.35,0.3185088293001962,False,False,Ninguno
32,HERR,Herramientas,2019-05-01,2019,5,76.11,52.19,23.92,0.31428196032058864,False,False,Ninguno
32,HERR,Herramientas,2019-06-01,2019,6,76.08,52.08,24.0,0.31545741324921134,False,False,Ninguno
32,HERR,Herramientas,2019-07-01,2019,7,76.22,52.11,24.11,0.31632117554447653,False,False,Julio
32,HERR,Herramientas,2019-08-01,2019,8,76.44,52.19,24.25,0.31724228152799583,False,False,Ninguno
32,HERR,Herramientas,2019-09-01,2019,9,76.24,52.08,24.159999999999997,0.31689401888772295,False,False,Ninguno
32,HERR,Herramientas,2019-10-01,2019,10,76.38,52.19,24.189999999999998,0.31670594396438856,False,False,Ninguno
32,HERR,Herramientas,2019-11-01,2019,11,76.16,52.0,24.159999999999997,0.3172268907563025,False,False,Ninguno
32,HERR,Herramientas,2019-12-01,2019,12,76.03,53.09,22.939999999999998,0.3017230040773379,True,False,Esporádico
32,HERR,Herramientas,2020-01-01,2020,1,76.13,53.18,22.949999999999996,0.30145803231314855,False,False,Ninguno
32,HERR,Herramientas,2020-02-01,2020,2,85.28,54.29,30.990000000000002,0.363391181988743,True,True,Febrero
32,HERR,Herramientas,2020-03-01,2020,3,85.53,54.2,31.33,0.36630422074126034,False,False,Ninguno
32,HERR,Herramientas,2020-04-01,2020,4,85.14,54.15,30.990000000000002,0.36398872445384073,False,False,Ninguno
32,HERR,Herramientas,2020-05-01,2020,5,85.12,54.17,30.950000000000003,0.3636043233082707,False,False,Ninguno
32,HERR,Herramientas,2020-06-01,2020,6,85.5,54.19,31.310000000000002,0.36619883040935675,False,False,Ninguno
32,HERR,Herramientas,2020-07-01,2020,7,93.05,55.97,37.08,0.3984954325631381,True,True,Julio
32,HERR,Herramientas,2020-08-01,2020,8,93.28,56.09,37.19,0.3986921097770154,False,False,Ninguno
32,HERR,Herramientas,2020-09-01,2020,9,93.16,55.97,37.19,0.3992056676685273,False,False,Ninguno
32,HERR,Herramientas,2020-10-01,2020,10,93.33,56.11,37.22,0.3987999571413265,False,False,Ninguno
32,HERR,Herramientas,2020-11-01,2020,11,96.66,56.03,40.629999999999995,0.42033933374715493,False,True,Esporádico
32,HERR,Herramientas,2020-12-01,2020,12,96.68,56.06,40.620000000000005,0.4201489449731072,False,False,Ninguno
32,HERR,Herramientas,2021-01-01,2021,1,96.88,56.17,40.709999999999994,0.42021056977704374,False,False,Ninguno
32,HERR,Herramientas,2021-02-01,2021,2,107.87,56.21,51.660000000000004,0.47890979883192736,True,True,Febrero
32,HERR,Herramientas,2021-03-01,2021,3,108.23,56.28,51.95,0.47999630416705164,False,False,Ninguno
32,HERR,Herramientas,2021-04-01,2021,4,107.7,56.25,51.45,0.4777158774373259,False,False,Ninguno
32,HERR,Herramientas,2021-05-01,2021,5,107.98,58.05,49.93000000000001,0.46240044452676426,True,True,Esporádico
32,HERR,Herramientas,2021-06-01,2021,6,107.9,58.0,49.900000000000006,0.46246524559777574,False,False,Ninguno
32,HERR,Herramientas,2021-07-01,2021,7,110.96,59.77,51.18999999999999,0.46133741888968993,True,True,Julio
32,HERR,Herramientas,2021-08-01,2021,8,110.78,59.85,50.93,0.45974002527532043,False,False,Esporádico
32,HERR,Herramientas,2021-09-01,2021,9,116.22,59.93,56.29,0.4843400447427293,False,True,Esporádico
32,HERR,Herramientas,2021-10-01,2021,10,115.83,59.89,55.94,0.48294914961581625,False,False,Ninguno
32,HERR,Herramientas,2021-11-01,2021,11,116.0,59.99,56.01,0.4828448275862069,False,False,Ninguno
32,HERR,Herramientas,2021-12-01,2021,12,115.64,59.84,55.8,0.4825319958491871,False,False,Ninguno
32,HERR,Herramientas,2022-01-01,2022,1,115.81,59.97,55.84,0.48216907002849496,False,False,Ninguno
32,HERR,Herramientas,2022-02-01,2022,2,114.58,63.13,51.449999999999996,0.44903124454529586,True,True,Febrero
32,HERR,Herramientas,2022-03-01,2022,3,117.7,63.12,54.580000000000005,0.4637213254035684,False,True,Esporádico
32,HERR,Herramientas,2022-04-01,2022,4,117.98,63.17,54.81,0.4645702661468045,False,False,Esporádico
32,HERR,Herramientas,2022-05-01,2022,5,118.65,64.48,54.17,0.4565528866413822,True,True,Esporádico
32,HERR,Herramientas,2022-06-01,2022,6,118.59,64.56,54.03,0.45560333923602325,False,False,Ninguno
32,HERR,Herramientas,2022-07-01,2022,7,119.51,64.45,55.06,0.4607145845535938,False,True,Julio
32,HERR,Herramientas,2022-08-01,2022,8,119.2,64.38,54.82000000000001,0.45989932885906043,False,False,Ninguno
32,HERR,Herramientas,2022-09-01,2022,9,119.35,64.58,54.769999999999996,0.458902387934646,False,False,Ninguno
32,HERR,Herramientas,2022-10-01,2022,10,119.23,64.4,54.83,0.45986748301601943,False,False,Ninguno
32,HERR,Herramientas,2022-11-01,2022,11,119.83,68.1,51.730000000000004,0.4316949011099057,True,False,Esporádico
32,HERR,Herramientas,2022-12-01,2022,12,119.62,68.01,51.61,0.4314495903695034,False,False,Ninguno
32,HERR,Herramientas,2023-01-01,2023,1,119.31,67.93,51.379999999999995,0.43064286312966216,False,False,Ninguno
32,HERR,Herramientas,2023-02-01,2023,2,122.44,75.44,47.0,0.3838614831754329,True,True,Febrero
32,HERR,Herramientas,2023-03-01,2023,3,122.22,75.32,46.900000000000006,0.3837342497136312,False,False,Ninguno
32,HERR,Herramientas,2023-04-01,2023,4,122.23,75.39,46.84,0.38321197741961877,False,False,Esporádico
32,HERR,Herramientas,2023-05-01,2023,5,122.25,75.57,46.68000000000001,0.38184049079754606,False,False,Ninguno
32,HERR,Herramientas,2023-06-01,2023,6,122.41,75.38,47.03,0.3842006372028429,False,False,Ninguno
32,HERR,Herramientas,2023-07-01,2023,7,122.31,78.26,44.05,0.3601504374131305,True,False,Julio
32,HERR,Herramientas,2023-08-01,2023,8,122.45,78.47,43.980000000000004,0.35916700694160886,False,False,Ninguno
32,HERR,Herramientas,2023-09-01,2023,9,122.75,78.49,44.260000000000005,0.36057026476578413,False,False,Ninguno
32,HERR,Herramientas,2023-10-01,2023,10,122.49,78.48,44.00999999999999,0.3592946362968405,False,False,Ninguno
32,HERR,Herramientas,2023-11-01,2023,11,122.07,78.39,43.67999999999999,0.35782747603833864,False,False,Ninguno
32,HERR,Herramientas,2023-12-01,2023,12,122.33,78.54,43.78999999999999,0.35796615711599766,False,False,Ninguno
32,HERR,Herramientas,2024-01-01,2024,1,122.53,78.28,44.25,0.3611360483146984,False,False,Ninguno
32,HERR,Herramientas,2024-02-01,2024,2,131.82,79.94,51.879999999999995,0.3935669852829616,True,True,Febrero
32,HERR,Herramientas,2024-03-01,2024,3,131.52,79.88,51.640000000000015,0.3926399026763991,False,False,Ninguno
32,HERR,Herramientas,2024-04-01,2024,4,136.24,80.01,56.230000000000004,0.41272753963593656,False,True,Esporádico
32,HERR,Herramientas,2024-05-01,2024,5,136.12,79.92,56.2,0.4128709961798413,False,False,Ninguno
32,HERR,Herramientas,2024-06-01,2024,6,136.36,79.85,56.51000000000002,0.41441771780580827,False,False,Ninguno
32,HERR,Herramientas,2024-07-01,2024,7,138.18,80.03,58.150000000000006,0.4208279056303373,False,True,Julio
32,HERR,Herramientas,2024-08-01,2024,8,138.57,79.86,58.709999999999994,0.4236847802554665,False,False,Ninguno
32,HERR,Herramientas,2024-09-01,2024,9,138.61,80.08,58.530000000000015,0.42226390592309365,False,False,Ninguno
32,HERR,Herramientas,2024-10-01,2024,10,138.57,80.1,58.47,0.42195280363715093,False,False,Ninguno
32,HERR,Herramientas,2024-11-01,2024,11,146.94,81.56,65.38,0.44494351435960255,True,True,Esporádico
32,HERR,Herramientas,2024-12-01,2024,12,146.98,81.78,65.19999999999999,0.44359776840386445,False,False,Ninguno
32,HERR,Herramientas,2025-01-01,2025,1,146.75,81.65,65.1,0.44361158432708686,False,False,Ninguno
32,HERR,Herramientas,2025-02-01,2025,2,157.88,84.21,73.67,0.4666202178870028,True,True,Febrero
32,HERR,Herramientas,2025-03-01,2025,3,157.58,84.25,73.33000000000001,0.46535093285949997,False,False,Ninguno
32,HERR,Herramientas,2025-04-01,2025,4,157.81,84.32,73.49000000000001,0.465686585134022,False,False,Ninguno
32,HERR,Herramientas,2025-05-01,2025,5,157.47,84.41,73.06,0.46396138947101034,False,False,Ninguno
32,HERR,Herramientas,2025-06-01,2025,6,157.58,84.37,73.21000000000001,0.4645894149003681,False,False,Ninguno
32,HERR,Herramientas,2025-07-01,2025,7,164.44,87.62,76.82,0.467161274629044,True,True,Julio
32,HERR,Herramientas,2025-08-01,2025,8,164.53,87.63,76.9,0.46739196499118707,False,False,Ninguno
32,HERR,Herramientas,2025-09-01,2025,9,162.42,89.81,72.60999999999999,0.4470508558059352,True,True,Esporádico
32,HERR,Herramientas,2025-10-01,2025,10,161.9,89.68,72.22,0.4460778258184064,False,False,Ninguno
32,HERR,Herramientas,2025-11-01,2025,11,162.71,89.6,73.11000000000001,0.44932702353881143,False,False,Ninguno
33,HERR,Herramientas,2018-07-01,2018,7,142.52,106.44,36.08000000000001,0.25315745158574243,False,False,Ninguno
33,HERR,Herramientas,2018-08-01,2018,8,142.05,106.64,35.41000000000001,0.24927842309046117,False,False,Ninguno
33,HERR,Herramientas,2018-09-01,2018,9,142.77,106.39,36.38000000000001,0.25481543741682433,False,False,Ninguno
33,HERR,Herramientas,2018-10-01,2018,10,142.19,106.29,35.89999999999999,0.25247907729094865,False,False,Ninguno
33,HERR,Herramientas,2018-11-01,2018,11,142.54,106.69,35.849999999999994,0.2515083485337449,False,False,Ninguno
33,HERR,Herramientas,2018-12-01,2018,12,142.07,106.4,35.66999999999999,0.2510734145139719,False,False,Ninguno
33,HERR,Herramientas,2019-01-01,2019,1,142.22,106.3,35.92,0.2525664463507242,False,False,Ninguno
33,HERR,Herramientas,2019-02-01,2019,2,156.83,114.54,42.290000000000006,0.26965504048970224,True,True,Febrero
33,HERR,Herramientas,2019-03-01,2019,3,156.93,114.21,42.72000000000001,0.27222328426687065,False,False,Ninguno
33,HERR,Herramientas,2019-04-01,2019,4,157.2,114.54,42.65999999999998,0.27137404580152663,False,False,Ninguno
33,HERR,Herramientas,2019-05-01,2019,5,157.1,114.15,42.94999999999999,0.27339274347549325,False,False,Ninguno
33,HERR,Herramientas,2019-06-01,2019,6,157.3,114.38,42.920000000000016,0.27285441830896384,False,False,Ninguno
33,HERR,Herramientas,2019-07-01,2019,7,170.43,116.6,53.83000000000001,0.31584814880009393,True,True,Julio
33,HERR,Herramientas,2019-08-01,2019,8,170.22,116.44,53.78,0.315944072376924,False,False,Ninguno
33,HERR,Herramientas,2019-09-01,2019,9,170.9,116.56,54.34,0.31796372147454655,False,False,Ninguno
33,HERR,Herramientas,2019-10-01,2019,10,170.41,116.54,53.86999999999999,0.3161199460125579,False,False,Ninguno
33,HERR,Herramientas,2019-11-01,2019,11,170.1,116.72,53.379999999999995,0.3138154027042916,False,False,Ninguno
33,HERR,Herramientas,2019-12-01,2019,12,170.69,116.63,54.06,0.3167145116878552,False,False,Ninguno
33,HERR,Herramientas,2020-01-01,2020,1,170.58,116.81,53.77000000000001,0.3152186657286904,False,False,Ninguno
33,HERR,Herramientas,2020-02-01,2020,2,196.4,119.88,76.52000000000001,0.38961303462321795,True,True,Febrero
33,HERR,Herramientas,2020-03-01,2020,3,196.58,119.95,76.63000000000001,0.3898158510530064,False,False,Ninguno
33,HERR,Herramientas,2020-04-01,2020,4,196.37,120.17,76.2,0.38804298008860827,False,False,Ninguno
33,HERR,Herramientas,2020-05-01,2020,5,196.01,119.93,76.07999999999998,0.3881434620682618,False,False,Ninguno
33,HERR,Herramientas,2020-06-01,2020,6,196.39,120.12,76.26999999999998,0.3883598961250572,False,False,Ninguno
33,HERR,Herramientas,2020-07-01,2020,7,213.5,122.35,91.15,0.42693208430913354,True,True,Julio
33,HERR,Herramientas,2020-08-01,2020,8,213.04,122.47,90.57,0.4251314307172362,False,False,Ninguno
33,HERR,Herramientas,2020-09-01,2020,9,213.19,122.37,90.82,0.4260049720906234,False,False,Ninguno
33,HERR,Herramientas,2020-10-01,2020,10,212.98,122.57,90.41,0.4244999530472345,False,False,Ninguno
33,HERR,Herramientas,2020-11-01,2020,11,222.08,128.14,93.94000000000003,0.4230007204610952,True,True,Esporádico
33,HERR,Herramientas,2020-12-01,2020,12,222.62,128.22,94.4,0.42404096666966135,False,False,Ninguno
33,HERR,Herramientas,2021-01-01,2021,1,222.33,127.91,94.42000000000002,0.4246840282463006,False,False,Ninguno
33,HERR,Herramientas,2021-02-01,2021,2,228.52,133.63,94.89000000000001,0.4152371783651322,True,True,Febrero
33,HERR,Herramientas,2021-03-01,2021,3,229.75,133.49,96.25999999999999,0.41897714907508155,False,False,Ninguno
33,HERR,Herramientas,2021-04-01,2021,4,228.67,133.64,95.03,0.41557703240477545,False,False,Ninguno
33,HERR,Herramientas,2021-05-01,2021,5,228.7,133.5,95.19999999999999,0.41626585045911674,False,False,Ninguno
33,HERR,Herramientas,2021-06-01,2021,6,229.45,133.45,96.0,0.41839180649378954,False,False,Ninguno
33,HERR,Herramientas,2021-07-01,2021,7,250.63,138.08,112.54999999999998,0.4490683477636356,True,True,Julio
33,HERR,Herramientas,2021-08-01,2021,8,250.97,138.03,112.94,0.450013945889947,False,False,Ninguno
33,HERR,Herramientas,2021-09-01,2021,9,250.79,138.06,112.72999999999999,0.44949958132301926,False,False,Esporádico
33,HERR,Herramientas,2021-10-01,2021,10,250.33,138.03,112.30000000000001,0.44860783765429635,False,False,Ninguno
33,HERR,Herramientas,2021-11-01,2021,11,251.22,144.13,107.09,0.42627975479659264,True,False,Esporádico
33,HERR,Herramientas,2021-12-01,2021,12,251.49,144.6,106.89000000000001,0.42502684003340097,False,False,Ninguno
33,HERR,Herramientas,2022-01-01,2022,1,250.27,144.27,106.0,0.4235425740200583,False,False,Ninguno
33,HERR,Herramientas,2022-02-01,2022,2,267.07,144.12,122.94999999999999,0.46036619612835583,False,True,Febrero
33,HERR,Herramientas,2022-03-01,2022,3,265.98,144.16,121.82000000000002,0.45800436123016774,False,False,Ninguno
33,HERR,Herramientas,2022-04-01,2022,4,266.19,144.29,121.9,0.45794357413877307,False,False,Ninguno
33,HERR,Herramientas,2022-05-01,2022,5,281.67,144.32,137.35000000000002,0.48762736535662304,False,True,Esporádico
33,HERR,Herramientas,2022-06-01,2022,6,282.24,144.21,138.03,0.4890518707482993,False,False,Ninguno
33,HERR,Herramientas,2022-07-01,2022,7,296.3,147.36,148.94,0.5026662166722916,True,True,Julio
33,HERR,Herramientas,2022-08-01,2022,8,296.31,147.48,148.83,0.5022780196415916,False,False,Ninguno
33,HERR,Herramientas,2022-09-01,2022,9,294.87,147.08,147.79,0.5012039203716891,False,False,Ninguno
33,HERR,Herramientas,2022-10-01,2022,10,296.22,147.12,149.10000000000002,0.5033421105934779,False,False,Ninguno
33,HERR,Herramientas,2022-11-01,2022,11,296.16,147.51,148.65000000000003,0.501924635332253,False,False,Ninguno
33,HERR,Herramientas,2022-12-01,2022,12,296.31,147.0,149.31,0.5038979447200567,False,False,Ninguno
33,HERR,Herramientas,2023-01-01,2023,1,294.65,147.19,147.45999999999998,0.5004581707110131,False,False,Ninguno
33,HERR,Herramientas,2023-02-01,2023,2,282.42,152.42,130.00000000000003,0.4603073436725445,True,True,Febrero
33,HERR,Herramientas,2023-03-01,2023,3,282.89,152.37,130.51999999999998,0.46138074870090845,False,False,Ninguno
33,HERR,Herramientas,2023-04-01,2023,4,282.97,152.61,130.36,0.46068487825564547,False,False,Ninguno
33,HERR,Herramientas,2023-05-01,2023,5,283.24,152.35,130.89000000000001,0.4621169326366333,False,False,Ninguno
33,HERR,Herramientas,2023-06-01,2023,6,282.05,152.64,129.41000000000003,0.4588193582698104,False,False,Ninguno
33,HERR,Herramientas,2023-07-01,2023,7,282.33,152.41,129.92,0.46017072220451244,False,False,Julio
33,HERR,Herramientas,2023-08-01,2023,8,282.98,152.11,130.87,0.4624708459961835,False,False,Ninguno
33,HERR,Herramientas,2023-09-01,2023,9,282.13,152.61,129.51999999999998,0.45907914791053767,False,False,Ninguno
33,HERR,Herramientas,2023-10-01,2023,10,283.3,152.58,130.72,0.461418990469467,False,False,Ninguno
33,HERR,Herramientas,2023-11-01,2023,11,303.09,152.25,150.83999999999997,0.4976739582302286,False,True,Esporádico
33,HERR,Herramientas,2023-12-01,2023,12,300.11,155.15,144.96,0.483022891606411,True,True,Esporádico
33,HERR,Herramientas,2024-01-01,2024,1,299.28,155.4,143.87999999999997,0.4807538091419406,False,False,Ninguno
33,HERR,Herramientas,2024-02-01,2024,2,282.53,158.74,123.78999999999996,0.4381481612572115,True,True,Febrero
33,HERR,Herramientas,2024-03-01,2024,3,283.05,158.35,124.70000000000002,0.4405582052640877,False,False,Ninguno
33,HERR,Herramientas,2024-04-01,2024,4,282.99,158.54,124.45000000000002,0.43976818968868164,False,False,Ninguno
33,HERR,Herramientas,2024-05-01,2024,5,284.03,158.43,125.59999999999997,0.44220680913987953,False,False,Ninguno
33,HERR,Herramientas,2024-06-01,2024,6,282.43,158.64,123.79000000000002,0.4383032963920264,False,False,Ninguno
33,HERR,Herramientas,2024-07-01,2024,7,282.9,162.46,120.43999999999997,0.42573347472605155,True,False,Julio
33,HERR,Herramientas,2024-08-01,2024,8,283.68,161.95,121.73000000000002,0.4291102650874225,False,False,Ninguno
33,HERR,Herramientas,2024-09-01,2024,9,283.36,162.28,121.08000000000001,0.4273009599096556,False,False,Ninguno
33,HERR,Herramientas,2024-10-01,2024,10,282.63,161.92,120.71000000000001,0.42709549587800305,False,False,Ninguno
33,HERR,Herramientas,2024-11-01,2024,11,282.74,162.29,120.45000000000002,0.4260097616184481,False,False,Ninguno
33,HERR,Herramientas,2024-12-01,2024,12,283.32,162.22,121.1,0.427431879147254,False,False,Esporádico
33,HERR,Herramientas,2025-01-01,2025,1,284.0,162.07,121.93,0.42933098591549296,False,False,Ninguno
33,HERR,Herramientas,2025-02-01,2025,2,272.31,179.12,93.19,0.3422202636700819,True,True,Febrero
33,HERR,Herramientas,2025-03-01,2025,3,273.1,179.16,93.94000000000003,0.34397656536067384,False,False,Ninguno
33,HERR,Herramientas,2025-04-01,2025,4,272.3,179.16,93.14000000000001,0.3420492104296732,False,False,Ninguno
33,HERR,Herramientas,2025-05-01,2025,5,276.41,179.51,96.90000000000003,0.3505661879092653,False,True,Esporádico
33,HERR,Herramientas,2025-06-01,2025,6,276.65,179.36,97.28999999999996,0.3516717874570756,False,False,Ninguno
33,HERR,Herramientas,2025-07-01,2025,7,302.37,183.83,118.53999999999999,0.39203624698217415,True,True,Julio
33,HERR,Herramientas,2025-08-01,2025,8,301.88,183.8,118.07999999999998,0.391148800848019,False,False,Ninguno
33,HERR,Herramientas,2025-09-01,2025,9,302.78,183.93,118.84999999999997,0.39252922914327226,False,False,Ninguno
33,HERR,Herramientas,2025-10-01,2025,10,302.48,183.44,119.04000000000002,0.3935466807722825,False,False,Ninguno
33,HERR,Herramientas,2025-11-01,2025,11,298.99,183.94,115.05000000000001,0.3847954781096358,False,True,Esporádico
34,ROPA,Ropa,2018-07-01,2018,7,130.72,81.5,49.22,0.37652998776009794,False,False,Ninguno
34,ROPA,Ropa,2018-08-01,2018,8,130.91,81.36,49.55,0.37850431594225037,False,False,Ninguno
34,ROPA,Ropa,2018-09-01,2018,9,130.58,81.42,49.16000000000001,0.3764741920661664,False,False,Ninguno
34,ROPA,Ropa,2018-10-01,2018,10,131.12,81.26,49.86,0.38026235509456985,False,True,Esporádico
34,ROPA,Ropa,2018-11-01,2018,11,130.99,81.25,49.74000000000001,0.3797236430261853,False,False,Ninguno
34,ROPA,Ropa,2018-12-01,2018,12,131.21,81.26,49.95,0.38068744760307904,False,False,Ninguno
34,ROPA,Ropa,2019-01-01,2019,1,130.94,81.49,49.45,0.37765388727661525,False,False,Esporádico
34,ROPA,Ropa,2019-02-01,2019,2,130.57,82.21,48.36,0.37037604350157005,True,False,Febrero
34,ROPA,Ropa,2019-03-01,2019,3,131.05,82.22,48.83000000000001,0.3726058756199924,False,False,Ninguno
34,ROPA,Ropa,2019-04-01,2019,4,131.28,82.3,48.980000000000004,0.3730956733698964,False,False,Ninguno
34,ROPA,Ropa,2019-05-01,2019,5,131.08,82.26,48.82000000000001,0.37244430881904184,False,False,Ninguno
34,ROPA,Ropa,2019-06-01,2019,6,130.94,82.29,48.64999999999999,0.371544218726134,False,False,Ninguno
34,ROPA,Ropa,2019-07-01,2019,7,134.58,81.92,52.66000000000001,0.39129142517461735,True,True,Julio
34,ROPA,Ropa,2019-08-01,2019,8,134.41,85.1,49.31,0.36686258462911986,True,False,Esporádico
34,ROPA,Ropa,2019-09-01,2019,9,134.15,85.27,48.88000000000001,0.3643682445024227,False,False,Ninguno
34,ROPA,Ropa,2019-10-01,2019,10,134.81,85.35,49.46000000000001,0.36688672947110756,False,False,Esporádico
34,ROPA,Ropa,2019-11-01,2019,11,134.17,85.41,48.75999999999999,0.36341954237161805,False,False,Ninguno
34,ROPA,Ropa,2019-12-01,2019,12,134.58,85.39,49.19000000000001,0.36550750482984107,False,False,Ninguno
34,ROPA,Ropa,2020-01-01,2020,1,134.45,85.24,49.209999999999994,0.3660096690219412,False,False,Ninguno
34,ROPA,Ropa,2020-02-01,2020,2,137.72,91.91,45.81,0.3326314260819053,True,True,Febrero
34,ROPA,Ropa,2020-03-01,2020,3,137.99,91.8,46.19000000000001,0.33473440104355395,False,False,Ninguno
34,ROPA,Ropa,2020-04-01,2020,4,137.77,91.98,45.790000000000006,0.3323655367641722,False,False,Ninguno
34,ROPA,Ropa,2020-05-01,2020,5,137.74,91.77,45.97000000000001,0.3337447364599972,False,False,Esporádico
34,ROPA,Ropa,2020-06-01,2020,6,137.31,91.77,45.540000000000006,0.3316582914572865,False,False,Ninguno
34,ROPA,Ropa,2020-07-01,2020,7,142.67,91.88,50.78999999999999,0.3559963552253452,False,True,Julio
34,ROPA,Ropa,2020-08-01,2020,8,142.54,91.76,50.77999999999999,0.3562508769468219,False,False,Ninguno
34,ROPA,Ropa,2020-09-01,2020,9,143.01,91.79,51.219999999999985,0.35815677225368847,False,False,Ninguno
34,ROPA,Ropa,2020-10-01,2020,10,142.76,91.94,50.81999999999999,0.35598206780610814,False,False,Ninguno
34,ROPA,Ropa,2020-11-01,2020,11,142.25,91.85,50.400000000000006,0.35430579964850617,False,False,Ninguno
34,ROPA,Ropa,2020-12-01,2020,12,152.5,91.84,60.66,0.39777049180327867,False,True,Esporádico
34,ROPA,Ropa,2021-01-01,2021,1,152.13,91.97,60.16,0.39545125879182275,False,False,Ninguno
34,ROPA,Ropa,2021-02-01,2021,2,153.26,99.04,54.219999999999985,0.35377789377528374,True,True,Febrero
34,ROPA,Ropa,2021-03-01,2021,3,153.74,99.37,54.370000000000005,0.3536490178222974,False,False,Ninguno
34,ROPA,Ropa,2021-04-01,2021,4,153.17,99.11,54.05999999999999,0.3529411764705882,False,False,Ninguno
34,ROPA,Ropa,2021-05-01,2021,5,153.64,99.29,54.34999999999998,0.3537490236917468,False,False,Ninguno
34,ROPA,Ropa,2021-06-01,2021,6,153.44,99.17,54.269999999999996,0.35368873826903025,False,False,Ninguno
34,ROPA,Ropa,2021-07-01,2021,7,169.29,101.06,68.22999999999999,0.4030362100537539,True,True,Julio
34,ROPA,Ropa,2021-08-01,2021,8,169.14,101.16,67.97999999999999,0.4019155728981908,False,False,Ninguno
34,ROPA,Ropa,2021-09-01,2021,9,169.52,101.09,68.43,0.40366918357715903,False,False,Ninguno
34,ROPA,Ropa,2021-10-01,2021,10,170.94,103.54,67.39999999999999,0.39429039429039425,True,True,Esporádico
34,ROPA,Ropa,2021-11-01,2021,11,171.05,103.76,67.29,0.39339374451914644,False,False,Ninguno
34,ROPA,Ropa,2021-12-01,2021,12,171.25,103.75,67.5,0.39416058394160586,False,False,Ninguno
34,ROPA,Ropa,2022-01-01,2022,1,171.33,103.64,67.69000000000001,0.395085507500146,False,False,Ninguno
34,ROPA,Ropa,2022-02-01,2022,2,174.24,105.81,68.43,0.39273415977961434,True,True,Febrero
34,ROPA,Ropa,2022-03-01,2022,3,174.02,105.65,68.37,0.39288587518676016,False,False,Ninguno
34,ROPA,Ropa,2022-04-01,2022,4,174.43,105.62,68.81,0.3944848936536146,False,True,Esporádico
34,ROPA,Ropa,2022-05-01,2022,5,174.63,105.91,68.72,0.393517723186165,False,False,Ninguno
34,ROPA,Ropa,2022-06-01,2022,6,174.7,105.63,69.07,0.3953634802518603,False,False,Ninguno
34,ROPA,Ropa,2022-07-01,2022,7,171.91,105.8,66.11,0.38456168925600603,False,True,Julio
34,ROPA,Ropa,2022-08-01,2022,8,172.5,105.59,66.91,0.3878840579710145,False,False,Ninguno
34,ROPA,Ropa,2022-09-01,2022,9,172.57,105.68,66.88999999999999,0.38761082459291873,False,False,Ninguno
34,ROPA,Ropa,2022-10-01,2022,10,172.1,105.77,66.33,0.3854154561301569,False,False,Ninguno
34,ROPA,Ropa,2022-11-01,2022,11,171.96,105.81,66.15,0.38468248429867413,False,False,Ninguno
34,ROPA,Ropa,2022-12-01,2022,12,172.29,105.76,66.52999999999999,0.38615125660224037,False,False,Ninguno
34,ROPA,Ropa,2023-01-01,2023,1,172.46,105.65,66.81,0.38739417836019946,False,False,Ninguno
34,ROPA,Ropa,2023-02-01,2023,2,186.01,121.18,64.82999999999998,0.3485296489436051,True,True,Febrero
34,ROPA,Ropa,2023-03-01,2023,3,186.3,121.11,65.19000000000001,0.34991948470209344,False,False,Ninguno
34,ROPA,Ropa,2023-04-01,2023,4,186.78,121.16,65.62,0.3513224113930828,False,False,Ninguno
34,ROPA,Ropa,2023-05-01,2023,5,186.18,121.16,65.02000000000001,0.3492319260930283,False,False,Ninguno
34,ROPA,Ropa,2023-06-01,2023,6,190.49,121.39,69.10000000000001,0.3627487007191979,False,True,Esporádico
34,ROPA,Ropa,2023-07-01,2023,7,206.35,124.81,81.53999999999999,0.3951538647928277,True,True,Julio
34,ROPA,Ropa,2023-08-01,2023,8,205.76,125.05,80.71,0.3922531104199067,False,False,Ninguno
34,ROPA,Ropa,2023-09-01,2023,9,206.09,125.04,81.05,0.39327478286185646,False,False,Ninguno
34,ROPA,Ropa,2023-10-01,2023,10,206.35,124.8,81.55,0.3952023261448994,False,False,Ninguno
34,ROPA,Ropa,2023-11-01,2023,11,205.69,125.02,80.67,0.3921921337935729,False,False,Ninguno
34,ROPA,Ropa,2023-12-01,2023,12,205.81,124.86,80.95,0.39332393955590106,False,False,Ninguno
34,ROPA,Ropa,2024-01-01,2024,1,205.77,125.04,80.73,0.39233124362151917,False,False,Esporádico
34,ROPA,Ropa,2024-02-01,2024,2,206.46,137.06,69.4,0.33614259420711035,True,False,Febrero
34,ROPA,Ropa,2024-03-01,2024,3,206.27,137.16,69.11000000000001,0.33504629854074763,False,False,Ninguno
34,ROPA,Ropa,2024-04-01,2024,4,205.76,136.89,68.87,0.3347103421461898,False,False,Ninguno
34,ROPA,Ropa,2024-05-01,2024,5,205.97,137.02,68.94999999999999,0.3347574889547021,False,False,Ninguno
34,ROPA,Ropa,2024-06-01,2024,6,205.37,137.3,68.07,0.3314505526610507,False,False,Ninguno
34,ROPA,Ropa,2024-07-01,2024,7,200.45,137.3,63.14999999999998,0.3150411573958592,False,True,Julio
34,ROPA,Ropa,2024-08-01,2024,8,200.85,137.2,63.650000000000006,0.3169031615633558,False,False,Ninguno
34,ROPA,Ropa,2024-09-01,2024,9,200.34,137.29,63.05000000000001,0.3147149845263053,False,False,Ninguno
34,ROPA,Ropa,2024-10-01,2024,10,200.86,136.9,63.96000000000001,0.31843074778452657,False,False,Ninguno
34,ROPA,Ropa,2024-11-01,2024,11,200.69,137.35,63.34,0.31561114156161246,False,False,Ninguno
34,ROPA,Ropa,2024-12-01,2024,12,200.92,137.01,63.91,0.31808680071670314,False,False,Ninguno
34,ROPA,Ropa,2025-01-01,2025,1,201.2,137.34,63.859999999999985,0.3173956262425447,False,False,Ninguno
34,ROPA,Ropa,2025-02-01,2025,2,194.97,140.4,54.56999999999999,0.27988921372518843,True,True,Febrero
34,ROPA,Ropa,2025-03-01,2025,3,194.29,140.22,54.06999999999999,0.27829533172062376,False,False,Ninguno
34,ROPA,Ropa,2025-04-01,2025,4,194.08,140.5,53.58000000000001,0.27607172300082444,False,False,Ninguno
34,ROPA,Ropa,2025-05-01,2025,5,194.61,140.27,54.34,0.2792251169004676,False,False,Ninguno
34,ROPA,Ropa,2025-06-01,2025,6,194.87,140.37,54.5,0.27967362857289474,False,False,Ninguno
34,ROPA,Ropa,2025-07-01,2025,7,203.84,143.17,60.670000000000016,0.29763540031397184,True,True,Julio
34,ROPA,Ropa,2025-08-01,2025,8,203.16,143.01,60.150000000000006,0.2960720614294153,False,False,Ninguno
34,ROPA,Ropa,2025-09-01,2025,9,203.33,142.93,60.400000000000006,0.2970540500663945,False,False,Ninguno
34,ROPA,Ropa,2025-10-01,2025,10,204.09,143.15,60.94,0.2985937576559361,False,False,Ninguno
34,ROPA,Ropa,2025-11-01,2025,11,204.02,143.26,60.76000000000002,0.2978139398098226,False,False,Ninguno
35,ELEC,Electrónica,2018-07-01,2018,7,164.47,132.52,31.94999999999999,0.194260351431872,False,False,Ninguno
35,ELEC,Electrónica,2018-08-01,2018,8,164.86,132.34,32.52000000000001,0.19725827975251733,False,False,Ninguno
35,ELEC,Electrónica,2018-09-01,2018,9,164.44,132.84,31.599999999999994,0.19216735587448305,False,False,Ninguno
35,ELEC,Electrónica,2018-10-01,2018,10,165.05,132.34,32.71000000000001,0.19818236897909727,False,False,Ninguno
35,ELEC,Electrónica,2018-11-01,2018,11,165.1,132.45,32.650000000000006,0.19775893397940647,False,False,Ninguno
35,ELEC,Electrónica,2018-12-01,2018,12,165.21,132.68,32.53,0.19690091398825738,False,False,Ninguno
35,ELEC,Electrónica,2019-01-01,2019,1,164.93,132.53,32.400000000000006,0.19644697750560847,False,False,Ninguno
35,ELEC,Electrónica,2019-02-01,2019,2,171.68,136.8,34.879999999999995,0.20316868592730658,True,True,Febrero
35,ELEC,Electrónica,2019-03-01,2019,3,172.0,136.99,35.00999999999999,0.20354651162790693,False,False,Ninguno
35,ELEC,Electrónica,2019-04-01,2019,4,171.84,137.1,34.74000000000001,0.2021648044692738,False,False,Ninguno
35,ELEC,Electrónica,2019-05-01,2019,5,171.9,136.76,35.140000000000015,0.20442117510180347,False,False,Ninguno
35,ELEC,Electrónica,2019-06-01,2019,6,172.08,136.97,35.110000000000014,0.20403300790330087,False,False,Esporádico
35,ELEC,Electrónica,2019-07-01,2019,7,172.28,151.74,20.539999999999992,0.11922451822614344,True,True,Julio
35,ELEC,Electrónica,2019-08-01,2019,8,172.8,151.46,21.340000000000003,0.12349537037037038,False,False,Ninguno
35,ELEC,Electrónica,2019-09-01,2019,9,173.01,151.33,21.67999999999998,0.1253106756834864,False,False,Ninguno
35,ELEC,Electrónica,2019-10-01,2019,10,172.42,151.25,21.169999999999987,0.12278157986312487,False,False,Ninguno
35,ELEC,Electrónica,2019-11-01,2019,11,172.98,151.59,21.389999999999986,0.12365591397849456,False,False,Ninguno
35,ELEC,Electrónica,2019-12-01,2019,12,172.97,151.8,21.169999999999987,0.12239116609816723,False,False,Ninguno
35,ELEC,Electrónica,2020-01-01,2020,1,172.65,151.65,21.0,0.12163336229365769,False,False,Ninguno
35,ELEC,Electrónica,2020-02-01,2020,2,182.98,154.68,28.299999999999983,0.1546617116624767,True,True,Febrero
35,ELEC,Electrónica,2020-03-01,2020,3,183.1,154.72,28.379999999999995,0.15499726925177496,False,False,Ninguno
35,ELEC,Electrónica,2020-04-01,2020,4,181.36,154.38,26.980000000000018,0.14876488751654177,False,True,Esporádico
35,ELEC,Electrónica,2020-05-01,2020,5,181.42,154.71,26.70999999999998,0.14722742806746766,False,False,Ninguno
35,ELEC,Electrónica,2020-06-01,2020,6,181.52,154.34,27.180000000000007,0.14973556632877924,False,False,Ninguno
35,ELEC,Electrónica,2020-07-01,2020,7,179.95,154.27,25.67999999999998,0.14270630730758532,False,True,Julio
35,ELEC,Electrónica,2020-08-01,2020,8,179.59,154.44,25.150000000000006,0.140041204966869,False,False,Ninguno
35,ELEC,Electrónica,2020-09-01,2020,9,179.5,154.37,25.129999999999995,0.13999999999999999,False,False,Ninguno
35,ELEC,Electrónica,2020-10-01,2020,10,179.22,154.82,24.400000000000006,0.1361455194732731,False,False,Ninguno
35,ELEC,Electrónica,2020-11-01,2020,11,179.07,154.68,24.389999999999986,0.136203719215949,False,False,Ninguno
35,ELEC,Electrónica,2020-12-01,2020,12,179.23,154.65,24.579999999999984,0.1371422194945042,False,False,Ninguno
35,ELEC,Electrónica,2021-01-01,2021,1,179.21,154.4,24.810000000000002,0.13844093521566878,False,False,Esporádico
35,ELEC,Electrónica,2021-02-01,2021,2,185.25,157.51,27.74000000000001,0.14974358974358978,True,True,Febrero
35,ELEC,Electrónica,2021-03-01,2021,3,185.58,157.55,28.03,0.1510399827567626,False,False,Ninguno
35,ELEC,Electrónica,2021-04-01,2021,4,195.37,171.56,23.810000000000002,0.12187132108307315,True,True,Esporádico
35,ELEC,Electrónica,2021-05-01,2021,5,195.52,171.08,24.439999999999998,0.12499999999999999,False,False,Ninguno
35,ELEC,Electrónica,2021-06-01,2021,6,195.47,171.32,24.150000000000006,0.12354837059395307,False,False,Ninguno
35,ELEC,Electrónica,2021-07-01,2021,7,195.22,171.58,23.639999999999986,0.1210941501895297,False,False,Julio
35,ELEC,Electrónica,2021-08-01,2021,8,195.59,171.59,24.0,0.1227056597985582,False,False,Ninguno
35,ELEC,Electrónica,2021-09-01,2021,9,200.42,175.97,24.44999999999999,0.12199381299271525,True,True,Esporádico
35,ELEC,Electrónica,2021-10-01,2021,10,200.01,175.31,24.69999999999999,0.12349382530873451,False,False,Ninguno
35,ELEC,Electrónica,2021-11-01,2021,11,199.68,175.72,23.960000000000008,0.11999198717948721,False,False,Ninguno
35,ELEC,Electrónica,2021-12-01,2021,12,200.16,175.29,24.870000000000005,0.12425059952038371,False,False,Ninguno
35,ELEC,Electrónica,2022-01-01,2022,1,200.14,175.51,24.629999999999995,0.12306385530128908,False,False,Ninguno
35,ELEC,Electrónica,2022-02-01,2022,2,219.82,179.15,40.66999999999999,0.18501501228277675,True,True,Febrero
35,ELEC,Electrónica,2022-03-01,2022,3,220.34,179.01,41.33000000000001,0.187573749659617,False,False,Ninguno
35,ELEC,Electrónica,2022-04-01,2022,4,219.75,178.84,40.91,0.18616609783845278,False,False,Ninguno
35,ELEC,Electrónica,2022-05-01,2022,5,220.63,178.84,41.78999999999999,0.18941213796854459,False,False,Ninguno
35,ELEC,Electrónica,2022-06-01,2022,6,220.55,179.32,41.23000000000002,0.1869417365676718,False,False,Ninguno
35,ELEC,Electrónica,2022-07-01,2022,7,235.24,179.26,55.98000000000002,0.23796973303859895,False,True,Julio
35,ELEC,Electrónica,2022-08-01,2022,8,234.62,179.24,55.379999999999995,0.2360412582047566,False,False,Ninguno
35,ELEC,Electrónica,2022-09-01,2022,9,235.66,179.23,56.43000000000001,0.23945514724603245,False,False,Ninguno
35,ELEC,Electrónica,2022-10-01,2022,10,235.07,179.14,55.93000000000001,0.23792912749393802,False,False,Ninguno
35,ELEC,Electrónica,2022-11-01,2022,11,235.47,178.98,56.49000000000001,0.239903172378647,False,False,Ninguno
35,ELEC,Electrónica,2022-12-01,2022,12,235.79,179.28,56.50999999999999,0.23966241146783152,False,False,Ninguno
35,ELEC,Electrónica,2023-01-01,2023,1,235.65,179.03,56.620000000000005,0.2402715892213028,False,False,Ninguno
35,ELEC,Electrónica,2023-02-01,2023,2,250.28,190.01,60.27000000000001,0.2408102924724309,True,True,Febrero
35,ELEC,Electrónica,2023-03-01,2023,3,250.86,190.18,60.68000000000001,0.2418879056047198,False,False,Ninguno
35,ELEC,Electrónica,2023-04-01,2023,4,249.5,189.67,59.83000000000001,0.23979959919839686,False,False,Ninguno
35,ELEC,Electrónica,2023-05-01,2023,5,250.21,190.32,59.890000000000015,0.23935893849166706,False,False,Ninguno
35,ELEC,Electrónica,2023-06-01,2023,6,250.14,190.08,60.059999999999974,0.24010554089709754,False,False,Esporádico
35,ELEC,Electrónica,2023-07-01,2023,7,267.83,193.65,74.17999999999998,0.2769667326289063,True,True,Julio
35,ELEC,Electrónica,2023-08-01,2023,8,267.46,194.05,73.40999999999997,0.27447094892694224,False,False,Ninguno
35,ELEC,Electrónica,2023-09-01,2023,9,267.75,194.09,73.66,0.27510737628384685,False,False,Ninguno
35,ELEC,Electrónica,2023-10-01,2023,10,268.85,193.86,74.99000000000001,0.27892877068997585,False,False,Ninguno
35,ELEC,Electrónica,2023-11-01,2023,11,268.01,193.93,74.07999999999998,0.2764075967314652,False,False,Ninguno
35,ELEC,Electrónica,2023-12-01,2023,12,267.89,193.94,73.94999999999999,0.27604613834036357,False,False,Ninguno
35,ELEC,Electrónica,2024-01-01,2024,1,268.94,193.62,75.32,0.280062467464862,False,False,Ninguno
35,ELEC,Electrónica,2024-02-01,2024,2,273.68,209.19,64.49000000000001,0.2356401636948261,True,True,Febrero
35,ELEC,Electrónica,2024-03-01,2024,3,274.88,209.61,65.26999999999998,0.23744906868451682,False,False,Ninguno
35,ELEC,Electrónica,2024-04-01,2024,4,275.01,209.59,65.41999999999999,0.23788225882695171,False,False,Ninguno
35,ELEC,Electrónica,2024-05-01,2024,5,274.23,209.17,65.06000000000003,0.23724610728220846,False,False,Ninguno
35,ELEC,Electrónica,2024-06-01,2024,6,274.37,209.34,65.03,0.2370157087145096,False,False,Ninguno
35,ELEC,Electrónica,2024-07-01,2024,7,273.36,214.12,59.24000000000001,0.21671056482294412,True,True,Julio
35,ELEC,Electrónica,2024-08-01,2024,8,273.57,214.17,59.400000000000006,0.21712907117008445,False,False,Ninguno
35,ELEC,Electrónica,2024-09-01,2024,9,272.67,214.12,58.55000000000001,0.21472842630285696,False,False,Ninguno
35,ELEC,Electrónica,2024-10-01,2024,10,274.15,213.97,60.17999999999998,0.2195148641254787,False,False,Ninguno
35,ELEC,Electrónica,2024-11-01,2024,11,272.76,213.41,59.349999999999994,0.21759055579997066,False,True,Esporádico
35,ELEC,Electrónica,2024-12-01,2024,12,272.95,214.13,58.81999999999999,0.21549734383586736,False,False,Ninguno
35,ELEC,Electrónica,2025-01-01,2025,1,272.29,213.78,58.51000000000002,0.21488119284586293,False,False,Ninguno
35,ELEC,Electrónica,2025-02-01,2025,2,263.59,218.15,45.43999999999997,0.1723889373648468,True,True,Febrero
35,ELEC,Electrónica,2025-03-01,2025,3,263.2,217.78,45.41999999999999,0.1725683890577507,False,False,Ninguno
35,ELEC,Electrónica,2025-04-01,2025,4,263.1,217.66,45.440000000000026,0.1727099961991639,False,False,Ninguno
35,ELEC,Electrónica,2025-05-01,2025,5,263.31,217.74,45.56999999999999,0.17306596787057077,False,False,Ninguno
35,ELEC,Electrónica,2025-06-01,2025,6,262.88,217.86,45.01999999999998,0.17125684723067552,False,False,Ninguno
35,ELEC,Electrónica,2025-07-01,2025,7,276.11,217.74,58.370000000000005,0.21140125312375502,False,True,Julio
35,ELEC,Electrónica,2025-08-01,2025,8,275.98,217.86,58.120000000000005,0.21059497065004712,False,False,Ninguno
35,ELEC,Electrónica,2025-09-01,2025,9,276.02,217.73,58.28999999999999,0.21118034925005433,False,False,Ninguno
35,ELEC,Electrónica,2025-10-01,2025,10,275.59,217.71,57.87999999999997,0.21002213432998285,False,False,Esporádico
35,ELEC,Electrónica,2025-11-01,2025,11,276.12,217.81,58.31,0.21117630015935102,False,False,Esporádico
36,HOGAR,Hogar,2018-07-01,2018,7,89.23,58.33,30.900000000000006,0.3462960887593859,False,False,Ninguno
36,HOGAR,Hogar,2018-08-01,2018,8,89.17,58.26,30.910000000000004,0.3466412470561849,False,False,Ninguno
36,HOGAR,Hogar,2018-09-01,2018,9,89.5,58.21,31.29,0.34960893854748604,False,False,Ninguno
36,HOGAR,Hogar,2018-10-01,2018,10,89.46,58.27,31.18999999999999,0.3486474401967359,False,False,Ninguno
36,HOGAR,Hogar,2018-11-01,2018,11,89.32,58.19,31.129999999999995,0.3485221674876847,False,False,Ninguno
36,HOGAR,Hogar,2018-12-01,2018,12,89.51,58.14,31.370000000000005,0.35046363534800584,False,False,Ninguno
36,HOGAR,Hogar,2019-01-01,2019,1,89.5,58.24,31.259999999999998,0.34927374301675973,False,False,Ninguno
36,HOGAR,Hogar,2019-02-01,2019,2,89.09,58.19,30.900000000000006,0.3468402738803458,False,True,Febrero
36,HOGAR,Hogar,2019-03-01,2019,3,89.09,58.13,30.96,0.34751375014030755,False,False,Ninguno
36,HOGAR,Hogar,2019-04-01,2019,4,94.12,58.33,35.790000000000006,0.38025924351891205,False,True,Esporádico
36,HOGAR,Hogar,2019-05-01,2019,5,93.85,58.23,35.62,0.3795418220564731,False,False,Ninguno
36,HOGAR,Hogar,2019-06-01,2019,6,93.84,58.32,35.52,0.37851662404092073,False,False,Ninguno
36,HOGAR,Hogar,2019-07-01,2019,7,94.85,62.09,32.75999999999999,0.3453874538745387,True,True,Julio
36,HOGAR,Hogar,2019-08-01,2019,8,95.15,62.0,33.150000000000006,0.348397267472412,False,False,Ninguno
36,HOGAR,Hogar,2019-09-01,2019,9,95.08,61.91,33.17,0.34886411442995374,False,False,Ninguno
36,HOGAR,Hogar,2019-10-01,2019,10,95.25,62.02,33.23,0.3488713910761155,False,False,Ninguno
36,HOGAR,Hogar,2019-11-01,2019,11,95.37,61.86,33.510000000000005,0.3513683548285625,False,False,Ninguno
36,HOGAR,Hogar,2019-12-01,2019,12,94.97,61.9,33.07,0.34821522586079817,False,False,Ninguno
36,HOGAR,Hogar,2020-01-01,2020,1,94.86,61.92,32.94,0.34724857685009486,False,False,Ninguno
36,HOGAR,Hogar,2020-02-01,2020,2,110.02,58.96,51.059999999999995,0.4640974368296673,True,True,Febrero
36,HOGAR,Hogar,2020-03-01,2020,3,115.27,58.08,57.19,0.49613949856857814,True,True,Esporádico
36,HOGAR,Hogar,2020-04-01,2020,4,115.25,57.88,57.37,0.49778741865509757,False,False,Esporádico
36,HOGAR,Hogar,2020-05-01,2020,5,115.16,57.89,57.269999999999996,0.4973080930878777,False,False,Ninguno
36,HOGAR,Hogar,2020-06-01,2020,6,117.86,57.93,59.93,0.5084846427965383,False,True,Esporádico
36,HOGAR,Hogar,2020-07-01,2020,7,128.22,59.17,69.05,0.5385275308064265,True,True,Julio
36,HOGAR,Hogar,2020-08-01,2020,8,128.26,59.13,69.13,0.5389833151411196,False,False,Ninguno
36,HOGAR,Hogar,2020-09-01,2020,9,128.29,59.21,69.07999999999998,0.5384675344921661,False,False,Ninguno
36,HOGAR,Hogar,2020-10-01,2020,10,128.67,59.24,69.42999999999998,0.5395974197559648,False,False,Ninguno
36,HOGAR,Hogar,2020-11-01,2020,11,128.38,59.11,69.27,0.539570026483876,False,False,Ninguno
36,HOGAR,Hogar,2020-12-01,2020,12,128.1,59.06,69.03999999999999,0.5389539422326307,False,False,Ninguno
36,HOGAR,Hogar,2021-01-01,2021,1,128.11,59.13,68.98000000000002,0.538443525095621,False,False,Ninguno
36,HOGAR,Hogar,2021-02-01,2021,2,146.12,59.07,87.05000000000001,0.5957432247467835,False,True,Febrero
36,HOGAR,Hogar,2021-03-01,2021,3,146.32,59.18,87.13999999999999,0.5955440131219245,False,False,Ninguno
36,HOGAR,Hogar,2021-04-01,2021,4,146.48,59.13,87.35,0.5963271436373566,False,False,Esporádico
36,HOGAR,Hogar,2021-05-01,2021,5,146.1,59.17,86.92999999999999,0.5950034223134839,False,False,Ninguno
36,HOGAR,Hogar,2021-06-01,2021,6,146.13,59.05,87.08,0.5959077533702868,False,False,Ninguno
36,HOGAR,Hogar,2021-07-01,2021,7,146.45,64.48,81.96999999999998,0.5597132127005804,True,False,Julio
36,HOGAR,Hogar,2021-08-01,2021,8,145.82,64.45,81.36999999999999,0.5580167329584419,False,False,Ninguno
36,HOGAR,Hogar,2021-09-01,2021,9,145.98,64.32,81.66,0.5593916974928073,False,False,Ninguno
36,HOGAR,Hogar,2021-10-01,2021,10,146.41,64.5,81.91,0.5594563212895294,False,False,Ninguno
36,HOGAR,Hogar,2021-11-01,2021,11,146.15,64.4,81.75,0.5593568251796099,False,False,Ninguno
36,HOGAR,Hogar,2021-12-01,2021,12,146.08,64.43,81.65,0.5589403066812705,False,False,Esporádico
36,HOGAR,Hogar,2022-01-01,2022,1,145.84,64.38,81.46000000000001,0.5585573230938015,False,False,Ninguno
36,HOGAR,Hogar,2022-02-01,2022,2,144.96,65.61,79.35000000000001,0.5473923841059603,True,True,Febrero
36,HOGAR,Hogar,2022-03-01,2022,3,145.26,65.69,79.57,0.5477764009362522,False,False,Ninguno
36,HOGAR,Hogar,2022-04-01,2022,4,144.71,65.66,79.05000000000001,0.5462649436804644,False,False,Ninguno
36,HOGAR,Hogar,2022-05-01,2022,5,144.42,65.7,78.71999999999998,0.545076859160781,False,False,Ninguno
36,HOGAR,Hogar,2022-06-01,2022,6,144.44,65.83,78.61,0.5442398227637774,False,False,Esporádico
36,HOGAR,Hogar,2022-07-01,2022,7,144.89,72.33,72.55999999999999,0.5007937055697426,True,False,Julio
36,HOGAR,Hogar,2022-08-01,2022,8,144.75,72.37,72.38,0.5000345423143351,False,False,Ninguno
36,HOGAR,Hogar,2022-09-01,2022,9,144.45,72.36,72.08999999999999,0.49906542056074765,False,False,Ninguno
36,HOGAR,Hogar,2022-10-01,2022,10,144.81,72.19,72.62,0.5014847040950211,False,False,Ninguno
36,HOGAR,Hogar,2022-11-01,2022,11,145.19,72.34,72.85,0.5017563193057373,False,False,Ninguno
36,HOGAR,Hogar,2022-12-01,2022,12,145.13,72.21,72.92,0.5024460828222973,False,False,Ninguno
36,HOGAR,Hogar,2023-01-01,2023,1,144.76,72.24,72.52,0.5009671179883946,False,False,Ninguno
36,HOGAR,Hogar,2023-02-01,2023,2,142.17,73.77,68.39999999999999,0.4811141591052965,True,True,Febrero
36,HOGAR,Hogar,2023-03-01,2023,3,141.91,73.75,68.16,0.48030441829328446,False,False,Ninguno
36,HOGAR,Hogar,2023-04-01,2023,4,142.09,73.87,68.22,0.4801182349215286,False,False,Ninguno
36,HOGAR,Hogar,2023-05-01,2023,5,141.71,73.76,67.95,0.4795003881165761,False,False,Ninguno
36,HOGAR,Hogar,2023-06-01,2023,6,141.98,73.88,68.1,0.479645020425412,False,False,Ninguno
36,HOGAR,Hogar,2023-07-01,2023,7,153.69,75.11,78.58,0.5112889582926671,True,True,Julio
36,HOGAR,Hogar,2023-08-01,2023,8,153.51,75.13,78.38,0.5105856296006774,False,False,Ninguno
36,HOGAR,Hogar,2023-09-01,2023,9,153.23,75.21,78.02,0.5091692227370619,False,False,Ninguno
36,HOGAR,Hogar,2023-10-01,2023,10,153.15,75.36,77.79,0.5079333986287953,False,False,Ninguno
36,HOGAR,Hogar,2023-11-01,2023,11,152.82,75.25,77.57,0.5075906294987567,False,False,Ninguno
36,HOGAR,Hogar,2023-12-01,2023,12,153.0,75.09,77.91,0.5092156862745097,False,False,Ninguno
36,HOGAR,Hogar,2024-01-01,2024,1,152.89,75.3,77.58999999999999,0.5074890444110144,False,False,Ninguno
36,HOGAR,Hogar,2024-02-01,2024,2,166.43,76.81,89.62,0.5384846482004446,True,True,Febrero
36,HOGAR,Hogar,2024-03-01,2024,3,167.19,76.62,90.57,0.5417190023326753,False,False,Ninguno
36,HOGAR,Hogar,2024-04-01,2024,4,167.11,76.67,90.44000000000001,0.5412004069175992,False,False,Ninguno
36,HOGAR,Hogar,2024-05-01,2024,5,167.02,76.86,90.16000000000001,0.539815590947192,False,False,Ninguno
36,HOGAR,Hogar,2024-06-01,2024,6,167.07,76.65,90.41999999999999,0.5412102711438319,False,False,Ninguno
36,HOGAR,Hogar,2024-07-01,2024,7,178.8,76.78,102.02000000000001,0.5705816554809844,False,True,Julio
36,HOGAR,Hogar,2024-08-01,2024,8,178.57,76.67,101.89999999999999,0.5706445651565212,False,False,Ninguno
36,HOGAR,Hogar,2024-09-01,2024,9,179.07,76.75,102.32,0.5713966605238174,False,False,Ninguno
36,HOGAR,Hogar,2024-10-01,2024,10,178.95,76.7,102.24999999999999,0.5713886560491757,False,False,Ninguno
36,HOGAR,Hogar,2024-11-01,2024,11,179.13,76.71,102.42,0.5717635236978731,False,False,Ninguno
36,HOGAR,Hogar,2024-12-01,2024,12,178.62,76.87,101.75,0.5696450565446198,False,False,Ninguno
36,HOGAR,Hogar,2025-01-01,2025,1,178.59,76.71,101.88000000000001,0.5704686712581892,False,False,Ninguno
36,HOGAR,Hogar,2025-02-01,2025,2,206.4,81.71,124.69000000000001,0.6041182170542636,True,True,Febrero
36,HOGAR,Hogar,2025-03-01,2025,3,205.98,81.64,124.33999999999999,0.6036508398873677,False,False,Ninguno
36,HOGAR,Hogar,2025-04-01,2025,4,203.73,81.91,121.82,0.5979482648603544,False,True,Esporádico
36,HOGAR,Hogar,2025-05-01,2025,5,204.1,81.83,122.27,0.5990690837824596,False,False,Ninguno
36,HOGAR,Hogar,2025-06-01,2025,6,203.13,81.66,121.47,0.5979914340570078,False,False,Ninguno
36,HOGAR,Hogar,2025-07-01,2025,7,200.24,85.45,114.79,0.5732620854974031,True,True,Julio
36,HOGAR,Hogar,2025-08-01,2025,8,199.85,85.3,114.55,0.5731798849136852,False,False,Ninguno
36,HOGAR,Hogar,2025-09-01,2025,9,200.02,85.3,114.72000000000001,0.5735426457354265,False,False,Ninguno
36,HOGAR,Hogar,2025-10-01,2025,10,200.7,85.59,115.10999999999999,0.5735426008968609,False,False,Ninguno
36,HOGAR,Hogar,2025-11-01,2025,11,199.71,85.51,114.2,0.5718291522707927,False,False,Ninguno
37,HOGAR,Hogar,2018-07-01,2018,7,244.41,164.24,80.16999999999999,0.3280144020293768,False,False,Ninguno
37,HOGAR,Hogar,2018-08-01,2018,8,244.13,164.63,79.5,0.3256461721214107,False,False,Ninguno
37,HOGAR,Hogar,2018-09-01,2018,9,243.35,164.6,78.75,0.32360797205670844,False,False,Ninguno
37,HOGAR,Hogar,2018-10-01,2018,10,244.07,164.28,79.78999999999999,0.32691440980046704,False,False,Ninguno
37,HOGAR,Hogar,2018-11-01,2018,11,244.79,164.42,80.37,0.3283222353854324,False,True,Esporádico
37,HOGAR,Hogar,2018-12-01,2018,12,244.31,164.65,79.66,0.3260611518153166,False,False,Ninguno
37,HOGAR,Hogar,2019-01-01,2019,1,244.88,164.66,80.22,0.3275890231950343,False,False,Ninguno
37,HOGAR,Hogar,2019-02-01,2019,2,244.59,170.27,74.32,0.303855431538493,True,True,Febrero
37,HOGAR,Hogar,2019-03-01,2019,3,244.72,170.24,74.47999999999999,0.3043478260869565,False,False,Ninguno
37,HOGAR,Hogar,2019-04-01,2019,4,250.42,170.67,79.75,0.3184649788355563,False,True,Esporádico
37,HOGAR,Hogar,2019-05-01,2019,5,251.29,170.54,80.75,0.3213418759202515,False,False,Ninguno
37,HOGAR,Hogar,2019-06-01,2019,6,251.65,170.12,81.53,0.32398172064375125,False,False,Ninguno
37,HOGAR,Hogar,2019-07-01,2019,7,262.1,170.3,91.80000000000001,0.3502479969477299,False,True,Julio
37,HOGAR,Hogar,2019-08-01,2019,8,262.0,170.23,91.77000000000001,0.35026717557251913,False,False,Ninguno
37,HOGAR,Hogar,2019-09-01,2019,9,262.23,170.08,92.15,0.35140906837509056,False,False,Ninguno
37,HOGAR,Hogar,2019-10-01,2019,10,261.91,170.36,91.55000000000001,0.34954755450345537,False,False,Ninguno
37,HOGAR,Hogar,2019-11-01,2019,11,261.98,170.2,91.78000000000003,0.3503320864188107,False,False,Ninguno
37,HOGAR,Hogar,2019-12-01,2019,12,261.66,170.58,91.08000000000001,0.34808530153634487,False,False,Esporádico
37,HOGAR,Hogar,2020-01-01,2020,1,261.63,170.47,91.16,0.34843099032985514,False,False,Esporádico
37,HOGAR,Hogar,2020-02-01,2020,2,275.7,196.64,79.06,0.2867609720710918,True,True,Febrero
37,HOGAR,Hogar,2020-03-01,2020,3,274.76,196.3,78.45999999999998,0.28555830543019356,False,False,Ninguno
37,HOGAR,Hogar,2020-04-01,2020,4,274.75,200.31,74.44,0.2709372156505914,True,False,Esporádico
37,HOGAR,Hogar,2020-05-01,2020,5,275.71,200.07,75.63999999999999,0.2743462333611403,False,False,Ninguno
37,HOGAR,Hogar,2020-06-01,2020,6,275.44,199.93,75.50999999999999,0.2741431890792913,False,False,Ninguno
37,HOGAR,Hogar,2020-07-01,2020,7,294.98,203.72,91.26000000000002,0.30937690690894304,True,True,Julio
37,HOGAR,Hogar,2020-08-01,2020,8,295.11,204.34,90.77000000000001,0.30758022432313376,False,False,Ninguno
37,HOGAR,Hogar,2020-09-01,2020,9,296.23,204.44,91.79000000000002,0.30986058130506705,False,False,Ninguno
37,HOGAR,Hogar,2020-10-01,2020,10,294.57,203.86,90.70999999999998,0.3079403876837423,False,False,Ninguno
37,HOGAR,Hogar,2020-11-01,2020,11,295.3,204.22,91.08000000000001,0.3084321029461565,False,False,Ninguno
37,HOGAR,Hogar,2020-12-01,2020,12,295.75,203.73,92.02000000000001,0.31114116652578194,False,False,Ninguno
37,HOGAR,Hogar,2021-01-01,2021,1,296.04,203.67,92.37000000000003,0.31201864612890157,False,False,Ninguno
37,HOGAR,Hogar,2021-02-01,2021,2,288.26,194.83,93.42999999999998,0.3241171164920557,True,True,Febrero
37,HOGAR,Hogar,2021-03-01,2021,3,287.98,195.23,92.75000000000003,0.32207097715119115,False,False,Ninguno
37,HOGAR,Hogar,2021-04-01,2021,4,287.18,195.0,92.18,0.3209833553868654,False,False,Ninguno
37,HOGAR,Hogar,2021-05-01,2021,5,287.43,194.88,92.55000000000001,0.3219914413944265,False,False,Ninguno
37,HOGAR,Hogar,2021-06-01,2021,6,287.69,195.12,92.57,0.32176996072161007,False,False,Ninguno
37,HOGAR,Hogar,2021-07-01,2021,7,287.27,195.43,91.83999999999997,0.3196992376509903,False,True,Julio
37,HOGAR,Hogar,2021-08-01,2021,8,287.0,195.45,91.55000000000001,0.31898954703832755,False,False,Ninguno
37,HOGAR,Hogar,2021-09-01,2021,9,287.55,195.07,92.48000000000002,0.3216136324117545,False,False,Ninguno
37,HOGAR,Hogar,2021-10-01,2021,10,287.96,195.04,92.91999999999999,0.3226837060702875,False,False,Ninguno
37,HOGAR,Hogar,2021-11-01,2021,11,287.69,195.03,92.66,0.32208279745559454,False,False,Ninguno
37,HOGAR,Hogar,2021-12-01,2021,12,288.16,195.26,92.90000000000003,0.3223903387007219,False,False,Ninguno
37,HOGAR,Hogar,2022-01-01,2022,1,287.41,195.34,92.07000000000002,0.3203437597856721,False,False,Ninguno
37,HOGAR,Hogar,2022-02-01,2022,2,295.88,205.65,90.22999999999999,0.3049547113694741,True,True,Febrero
37,HOGAR,Hogar,2022-03-01,2022,3,295.71,205.37,90.33999999999997,0.3055020121064556,False,False,Ninguno
37,HOGAR,Hogar,2022-04-01,2022,4,296.54,205.34,91.20000000000002,0.3075470425574965,False,False,Ninguno
37,HOGAR,Hogar,2022-05-01,2022,5,297.02,205.79,91.22999999999999,0.30715103360043094,False,False,Ninguno
37,HOGAR,Hogar,2022-06-01,2022,6,295.42,205.85,89.57000000000002,0.30319545054498687,False,False,Ninguno
37,HOGAR,Hogar,2022-07-01,2022,7,305.92,224.1,81.82000000000002,0.26745554393305443,True,True,Julio
37,HOGAR,Hogar,2022-08-01,2022,8,305.79,224.05,81.74000000000001,0.26730762941888225,False,False,Ninguno
37,HOGAR,Hogar,2022-09-01,2022,9,304.48,223.65,80.83000000000001,0.2654689963215975,False,False,Ninguno
37,HOGAR,Hogar,2022-10-01,2022,10,305.2,223.97,81.22999999999999,0.26615334207077324,False,False,Ninguno
37,HOGAR,Hogar,2022-11-01,2022,11,305.94,224.31,81.63,0.2668170229456756,False,False,Ninguno
37,HOGAR,Hogar,2022-12-01,2022,12,304.22,223.92,80.30000000000004,0.26395371770429304,False,False,Ninguno
37,HOGAR,Hogar,2023-01-01,2023,1,305.24,224.29,80.95000000000002,0.2652011531909318,False,False,Ninguno
37,HOGAR,Hogar,2023-02-01,2023,2,338.86,228.75,110.11000000000001,0.32494245411084227,True,True,Febrero
37,HOGAR,Hogar,2023-03-01,2023,3,339.82,228.33,111.48999999999998,0.32808545700665054,False,False,Ninguno
37,HOGAR,Hogar,2023-04-01,2023,4,338.67,228.65,110.02000000000001,0.3248590072932353,False,False,Ninguno
37,HOGAR,Hogar,2023-05-01,2023,5,339.33,228.3,111.02999999999997,0.3272036071081248,False,False,Ninguno
37,HOGAR,Hogar,2023-06-01,2023,6,338.19,228.27,109.91999999999999,0.32502439457109905,False,False,Ninguno
37,HOGAR,Hogar,2023-07-01,2023,7,338.08,234.53,103.54999999999998,0.3062884524372929,True,False,Julio
37,HOGAR,Hogar,2023-08-01,2023,8,353.39,234.2,119.19,0.3372760972296896,False,True,Esporádico
37,HOGAR,Hogar,2023-09-01,2023,9,355.38,234.06,121.32,0.3413810568968428,False,False,Ninguno
37,HOGAR,Hogar,2023-10-01,2023,10,353.89,234.75,119.13999999999999,0.33665828364746103,False,False,Ninguno
37,HOGAR,Hogar,2023-11-01,2023,11,354.69,234.67,120.02000000000001,0.3383799937974006,False,False,Ninguno
37,HOGAR,Hogar,2023-12-01,2023,12,354.19,234.85,119.34,0.33693780174482624,False,False,Ninguno
37,HOGAR,Hogar,2024-01-01,2024,1,353.53,234.58,118.94999999999996,0.33646366644980613,False,False,Ninguno
37,HOGAR,Hogar,2024-02-01,2024,2,366.09,234.84,131.24999999999997,0.35851839711546335,False,True,Febrero
37,HOGAR,Hogar,2024-03-01,2024,3,365.17,234.21,130.96,0.3586274885669688,False,False,Ninguno
37,HOGAR,Hogar,2024-04-01,2024,4,367.0,244.17,122.83000000000001,0.3346866485013624,True,False,Esporádico
37,HOGAR,Hogar,2024-05-01,2024,5,390.49,249.0,141.49,0.3623396245742529,True,True,Esporádico
37,HOGAR,Hogar,2024-06-01,2024,6,391.83,249.22,142.60999999999999,0.36395885970956793,False,False,Ninguno
37,HOGAR,Hogar,2024-07-01,2024,7,391.76,241.52,150.23999999999998,0.3835001021033285,True,False,Julio
37,HOGAR,Hogar,2024-08-01,2024,8,391.57,240.79,150.78,0.3850652501468448,False,False,Ninguno
37,HOGAR,Hogar,2024-09-01,2024,9,390.84,240.98,149.85999999999999,0.3834305598198751,False,False,Ninguno
37,HOGAR,Hogar,2024-10-01,2024,10,392.16,241.37,150.79000000000002,0.38451142390860876,False,False,Ninguno
37,HOGAR,Hogar,2024-11-01,2024,11,390.89,240.73,150.16,0.38414899332292973,False,False,Ninguno
37,HOGAR,Hogar,2024-12-01,2024,12,390.78,241.07,149.70999999999998,0.3831055837043861,False,False,Ninguno
37,HOGAR,Hogar,2025-01-01,2025,1,390.02,240.96,149.05999999999997,0.3821855289472334,False,False,Ninguno
37,HOGAR,Hogar,2025-02-01,2025,2,407.72,264.45,143.27000000000004,0.35139311292063186,True,True,Febrero
37,HOGAR,Hogar,2025-03-01,2025,3,406.92,265.1,141.82,0.348520593728497,False,False,Ninguno
37,HOGAR,Hogar,2025-04-01,2025,4,407.29,264.56,142.73000000000002,0.35043826266296746,False,False,Ninguno
37,HOGAR,Hogar,2025-05-01,2025,5,406.31,264.55,141.76,0.3488961630282297,False,False,Ninguno
37,HOGAR,Hogar,2025-06-01,2025,6,405.83,265.02,140.81,0.3469679422418254,False,False,Ninguno
37,HOGAR,Hogar,2025-07-01,2025,7,405.9,269.7,136.2,0.335550628233555,True,False,Julio
37,HOGAR,Hogar,2025-08-01,2025,8,406.43,270.61,135.82,0.3341780872474965,False,False,Ninguno
37,HOGAR,Hogar,2025-09-01,2025,9,406.32,269.69,136.63,0.33626205946052373,False,False,Ninguno
37,HOGAR,Hogar,2025-10-01,2025,10,407.0,270.54,136.45999999999998,0.33528255528255524,False,False,Ninguno
37,HOGAR,Hogar,2025-11-01,2025,11,407.86,269.93,137.93,0.3381797675673025,False,False,Ninguno
38,BELLE,Belleza,2018-07-01,2018,7,41.83,27.46,14.369999999999997,0.3435333492708582,False,False,Ninguno
38,BELLE,Belleza,2018-08-01,2018,8,41.9,27.47,14.43,0.3443914081145585,False,False,Ninguno
38,BELLE,Belleza,2018-09-01,2018,9,41.88,27.47,14.410000000000004,0.34407831900668584,False,False,Ninguno
38,BELLE,Belleza,2018-10-01,2018,10,41.78,27.44,14.34,0.3432264241263762,False,False,Ninguno
38,BELLE,Belleza,2018-11-01,2018,11,41.97,27.48,14.489999999999998,0.34524660471765545,False,False,Ninguno
38,BELLE,Belleza,2018-12-01,2018,12,41.9,27.48,14.419999999999998,0.34415274463007156,False,False,Ninguno
38,BELLE,Belleza,2019-01-01,2019,1,41.77,27.46,14.310000000000002,0.34259037586784774,False,False,Ninguno
38,BELLE,Belleza,2019-02-01,2019,2,40.98,28.0,12.979999999999997,0.3167398731088335,True,True,Febrero
38,BELLE,Belleza,2019-03-01,2019,3,40.93,27.98,12.95,0.31639384314683605,False,False,Ninguno
38,BELLE,Belleza,2019-04-01,2019,4,40.92,28.03,12.89,0.31500488758553274,False,False,Ninguno
38,BELLE,Belleza,2019-05-01,2019,5,40.87,28.05,12.819999999999997,0.3136775140689992,False,False,Ninguno
38,BELLE,Belleza,2019-06-01,2019,6,40.97,28.02,12.95,0.31608494020014644,False,False,Ninguno
38,BELLE,Belleza,2019-07-01,2019,7,39.92,29.07,10.850000000000001,0.2717935871743487,True,True,Julio
38,BELLE,Belleza,2019-08-01,2019,8,39.92,29.03,10.89,0.27279559118236474,False,False,Ninguno
38,BELLE,Belleza,2019-09-01,2019,9,39.98,28.98,10.999999999999996,0.2751375687843921,False,False,Ninguno
38,BELLE,Belleza,2019-10-01,2019,10,40.03,29.67,10.36,0.25880589557831624,True,False,Esporádico
38,BELLE,Belleza,2019-11-01,2019,11,39.67,30.9,8.770000000000003,0.22107385933955137,True,True,Esporádico
38,BELLE,Belleza,2019-12-01,2019,12,39.65,30.93,8.719999999999999,0.21992433795712482,False,False,Ninguno
38,BELLE,Belleza,2020-01-01,2020,1,39.67,30.85,8.82,0.22233425762540962,False,False,Ninguno
38,BELLE,Belleza,2020-02-01,2020,2,40.95,31.55,9.400000000000002,0.2295482295482296,True,True,Febrero
38,BELLE,Belleza,2020-03-01,2020,3,40.93,31.53,9.399999999999999,0.22966039579770336,False,False,Ninguno
38,BELLE,Belleza,2020-04-01,2020,4,40.98,31.62,9.359999999999996,0.22840409956076127,False,False,Ninguno
38,BELLE,Belleza,2020-05-01,2020,5,43.44,31.63,11.809999999999999,0.27186924493554326,False,True,Esporádico
38,BELLE,Belleza,2020-06-01,2020,6,43.55,31.58,11.969999999999999,0.2748564867967853,False,False,Ninguno
38,BELLE,Belleza,2020-07-01,2020,7,47.99,32.82,15.170000000000002,0.3161075224005001,True,True,Julio
38,BELLE,Belleza,2020-08-01,2020,8,47.82,32.75,15.07,0.31514010874111253,False,False,Ninguno
38,BELLE,Belleza,2020-09-01,2020,9,47.77,32.84,14.93,0.3125392505756751,False,False,Ninguno
38,BELLE,Belleza,2020-10-01,2020,10,47.77,32.85,14.920000000000002,0.31232991417207456,False,False,Ninguno
38,BELLE,Belleza,2020-11-01,2020,11,47.87,32.82,15.049999999999997,0.31439314810946306,False,False,Ninguno
38,BELLE,Belleza,2020-12-01,2020,12,47.96,32.82,15.14,0.3156797331109258,False,False,Ninguno
38,BELLE,Belleza,2021-01-01,2021,1,47.79,32.78,15.009999999999998,0.3140824440259468,False,False,Ninguno
38,BELLE,Belleza,2021-02-01,2021,2,51.59,30.78,20.810000000000002,0.4033727466563288,True,True,Febrero
38,BELLE,Belleza,2021-03-01,2021,3,51.49,30.77,20.720000000000002,0.40240823460866193,False,False,Ninguno
38,BELLE,Belleza,2021-04-01,2021,4,51.37,30.76,20.609999999999996,0.401206930114853,False,False,Ninguno
38,BELLE,Belleza,2021-05-01,2021,5,51.66,30.75,20.909999999999997,0.4047619047619047,False,False,Ninguno
38,BELLE,Belleza,2021-06-01,2021,6,51.46,30.82,20.64,0.4010882238631947,False,False,Ninguno
38,BELLE,Belleza,2021-07-01,2021,7,51.36,32.16,19.200000000000003,0.3738317757009346,True,False,Julio
38,BELLE,Belleza,2021-08-01,2021,8,51.52,32.11,19.410000000000004,0.3767468944099379,False,False,Ninguno
38,BELLE,Belleza,2021-09-01,2021,9,51.57,32.23,19.340000000000003,0.3750242388985845,False,False,Ninguno
38,BELLE,Belleza,2021-10-01,2021,10,51.42,32.11,19.310000000000002,0.3755348113574485,False,False,Ninguno
38,BELLE,Belleza,2021-11-01,2021,11,51.62,32.2,19.419999999999995,0.3762107710189848,False,False,Ninguno
38,BELLE,Belleza,2021-12-01,2021,12,51.56,32.18,19.380000000000003,0.3758727695888286,False,False,Ninguno
38,BELLE,Belleza,2022-01-01,2022,1,51.61,32.11,19.5,0.3778337531486146,False,False,Ninguno
38,BELLE,Belleza,2022-02-01,2022,2,56.72,33.65,23.07,0.4067348377997179,True,True,Febrero
38,BELLE,Belleza,2022-03-01,2022,3,56.77,33.65,23.120000000000005,0.40725735423639253,False,False,Ninguno
38,BELLE,Belleza,2022-04-01,2022,4,56.85,33.66,23.190000000000005,0.407915567282322,False,False,Ninguno
38,BELLE,Belleza,2022-05-01,2022,5,56.87,33.69,23.18,0.40759627219975386,False,False,Ninguno
38,BELLE,Belleza,2022-06-01,2022,6,56.72,33.66,23.060000000000002,0.40655853314527507,False,False,Ninguno
38,BELLE,Belleza,2022-07-01,2022,7,58.32,35.44,22.880000000000003,0.3923182441700961,True,True,Julio
38,BELLE,Belleza,2022-08-01,2022,8,58.32,35.5,22.82,0.39128943758573387,False,False,Ninguno
38,BELLE,Belleza,2022-09-01,2022,9,58.07,35.47,22.6,0.38918546581711727,False,False,Ninguno
38,BELLE,Belleza,2022-10-01,2022,10,58.18,37.32,20.86,0.35854245445170163,True,False,Esporádico
38,BELLE,Belleza,2022-11-01,2022,11,58.31,37.3,21.010000000000005,0.360315554793346,False,False,Ninguno
38,BELLE,Belleza,2022-12-01,2022,12,58.34,37.31,21.03,0.36047308878985257,False,False,Ninguno
38,BELLE,Belleza,2023-01-01,2023,1,58.18,37.42,20.759999999999998,0.35682365073908556,False,False,Ninguno
38,BELLE,Belleza,2023-02-01,2023,2,65.54,40.27,25.270000000000003,0.38556606652426,True,True,Febrero
38,BELLE,Belleza,2023-03-01,2023,3,65.6,40.27,25.32999999999999,0.38612804878048773,False,False,Ninguno
38,BELLE,Belleza,2023-04-01,2023,4,65.42,40.28,25.14,0.38428615102415165,False,False,Ninguno
38,BELLE,Belleza,2023-05-01,2023,5,65.56,40.33,25.230000000000004,0.3848383160463698,False,False,Ninguno
38,BELLE,Belleza,2023-06-01,2023,6,65.3,40.29,25.009999999999998,0.38300153139356813,False,False,Ninguno
38,BELLE,Belleza,2023-07-01,2023,7,65.55,41.5,24.049999999999997,0.36689549961861173,True,False,Julio
38,BELLE,Belleza,2023-08-01,2023,8,65.42,41.38,24.04,0.3674717211861816,False,False,Ninguno
38,BELLE,Belleza,2023-09-01,2023,9,65.56,41.48,24.080000000000005,0.3672971323978036,False,False,Esporádico
38,BELLE,Belleza,2023-10-01,2023,10,65.57,41.38,24.18999999999999,0.36891871282598737,False,False,Ninguno
38,BELLE,Belleza,2023-11-01,2023,11,66.45,42.38,24.07,0.3622272385252069,True,True,Esporádico
38,BELLE,Belleza,2023-12-01,2023,12,66.3,42.34,23.959999999999994,0.3613876319758672,False,False,Ninguno
38,BELLE,Belleza,2024-01-01,2024,1,66.29,42.47,23.820000000000007,0.35933021571881135,False,False,Ninguno
38,BELLE,Belleza,2024-02-01,2024,2,70.36,43.31,27.049999999999997,0.3844513928368391,True,True,Febrero
38,BELLE,Belleza,2024-03-01,2024,3,70.43,43.31,27.120000000000005,0.38506318330256994,False,False,Ninguno
38,BELLE,Belleza,2024-04-01,2024,4,72.22,44.11,28.11,0.38922736084187204,True,True,Esporádico
38,BELLE,Belleza,2024-05-01,2024,5,72.07,44.14,27.929999999999993,0.38753989177188836,False,False,Ninguno
38,BELLE,Belleza,2024-06-01,2024,6,72.0,44.07,27.93,0.3879166666666667,False,False,Ninguno
38,BELLE,Belleza,2024-07-01,2024,7,75.45,44.11,31.340000000000003,0.41537442014579196,False,True,Julio
38,BELLE,Belleza,2024-08-01,2024,8,75.51,44.07,31.440000000000005,0.4163686928883592,False,False,Ninguno
38,BELLE,Belleza,2024-09-01,2024,9,80.13,44.09,36.03999999999999,0.44976912517159606,False,True,Esporádico
38,BELLE,Belleza,2024-10-01,2024,10,80.06,44.21,35.85,0.44778915813140147,False,False,Ninguno
38,BELLE,Belleza,2024-11-01,2024,11,79.94,44.14,35.8,0.44783587690768073,False,False,Ninguno
38,BELLE,Belleza,2024-12-01,2024,12,79.94,44.15,35.79,0.4477107830873155,False,False,Ninguno
38,BELLE,Belleza,2025-01-01,2025,1,80.24,44.21,36.029999999999994,0.4490279162512462,False,False,Ninguno
38,BELLE,Belleza,2025-02-01,2025,2,80.11,48.29,31.82,0.39720384471351894,True,False,Febrero
38,BELLE,Belleza,2025-03-01,2025,3,80.36,48.34,32.019999999999996,0.39845694375311097,False,False,Ninguno
38,BELLE,Belleza,2025-04-01,2025,4,80.35,48.27,32.07999999999999,0.39925326695706276,False,False,Ninguno
38,BELLE,Belleza,2025-05-01,2025,5,80.16,48.29,31.869999999999997,0.3975798403193613,False,False,Ninguno
38,BELLE,Belleza,2025-06-01,2025,6,80.0,48.26,31.740000000000002,0.39675000000000005,False,False,Ninguno
38,BELLE,Belleza,2025-07-01,2025,7,80.08,49.24,30.839999999999996,0.38511488511488506,True,False,Julio
38,BELLE,Belleza,2025-08-01,2025,8,80.37,49.23,31.140000000000008,0.38745800671892505,False,False,Ninguno
38,BELLE,Belleza,2025-09-01,2025,9,80.11,49.21,30.9,0.3857196355011859,False,False,Ninguno
38,BELLE,Belleza,2025-10-01,2025,10,79.99,49.15,30.839999999999996,0.3855481935241905,False,True,Esporádico
38,BELLE,Belleza,2025-11-01,2025,11,79.98,49.25,30.730000000000004,0.384221055263816,False,False,Ninguno
39,HERR,Herramientas,2018-07-01,2018,7,188.12,135.6,52.52000000000001,0.2791834998936849,False,False,Ninguno
39,HERR,Herramientas,2018-08-01,2018,8,188.01,135.47,52.53999999999999,0.27945322057337374,False,False,Ninguno
39,HERR,Herramientas,2018-09-01,2018,9,187.99,135.63,52.360000000000014,0.2785254534815682,False,False,Ninguno
39,HERR,Herramientas,2018-10-01,2018,10,188.21,136.0,52.21000000000001,0.2774029010148239,False,False,Esporádico
39,HERR,Herramientas,2018-11-01,2018,11,188.09,135.53,52.56,0.2794406932851295,False,False,Ninguno
39,HERR,Herramientas,2018-12-01,2018,12,187.93,135.78,52.150000000000006,0.2774969403501304,False,False,Ninguno
39,HERR,Herramientas,2019-01-01,2019,1,188.95,135.93,53.01999999999998,0.28060333421540085,False,False,Ninguno
39,HERR,Herramientas,2019-02-01,2019,2,196.51,133.33,63.17999999999998,0.3215103557070886,True,True,Febrero
39,HERR,Herramientas,2019-03-01,2019,3,196.07,133.54,62.53,0.318916713418677,False,False,Ninguno
39,HERR,Herramientas,2019-04-01,2019,4,196.52,133.43,63.09,0.3210360268674944,False,False,Ninguno
39,HERR,Herramientas,2019-05-01,2019,5,195.96,133.54,62.420000000000016,0.31853439477444384,False,False,Ninguno
39,HERR,Herramientas,2019-06-01,2019,6,196.42,133.69,62.72999999999999,0.3193666632725791,False,False,Ninguno
39,HERR,Herramientas,2019-07-01,2019,7,213.06,133.38,79.68,0.3739791607997747,False,True,Julio
39,HERR,Herramientas,2019-08-01,2019,8,212.21,133.68,78.53,0.3700579614532774,False,False,Ninguno
39,HERR,Herramientas,2019-09-01,2019,9,212.62,133.69,78.93,0.3712256608033111,False,False,Ninguno
39,HERR,Herramientas,2019-10-01,2019,10,212.24,133.82,78.42000000000002,0.3694873727855259,False,False,Ninguno
39,HERR,Herramientas,2019-11-01,2019,11,212.55,133.66,78.89000000000001,0.3711597271230299,False,False,Ninguno
39,HERR,Herramientas,2019-12-01,2019,12,212.48,133.83,78.64999999999998,0.37015248493975894,False,False,Ninguno
39,HERR,Herramientas,2020-01-01,2020,1,213.21,133.83,79.38,0.3723089911355002,False,False,Ninguno
39,HERR,Herramientas,2020-02-01,2020,2,212.38,136.53,75.85,0.35714285714285715,True,False,Febrero
39,HERR,Herramientas,2020-03-01,2020,3,212.73,136.22,76.50999999999999,0.3596577821651859,False,False,Esporádico
39,HERR,Herramientas,2020-04-01,2020,4,214.15,135.99,78.16,0.3649778192855475,False,True,Esporádico
39,HERR,Herramientas,2020-05-01,2020,5,214.44,136.14,78.30000000000001,0.3651371012870734,False,False,Esporádico
39,HERR,Herramientas,2020-06-01,2020,6,215.0,136.08,78.91999999999999,0.36706976744186043,False,False,Ninguno
39,HERR,Herramientas,2020-07-01,2020,7,227.76,136.03,91.72999999999999,0.402748507200562,False,True,Julio
39,HERR,Herramientas,2020-08-01,2020,8,228.18,136.34,91.84,0.4024892628626523,False,False,Ninguno
39,HERR,Herramientas,2020-09-01,2020,9,227.21,135.99,91.22,0.4014788081510497,False,False,Ninguno
39,HERR,Herramientas,2020-10-01,2020,10,228.14,136.49,91.64999999999998,0.40172700973086695,False,False,Ninguno
39,HERR,Herramientas,2020-11-01,2020,11,227.57,142.55,85.01999999999998,0.3735993320736476,True,False,Esporádico
39,HERR,Herramientas,2020-12-01,2020,12,227.12,142.63,84.49000000000001,0.3720059880239521,False,False,Esporádico
39,HERR,Herramientas,2021-01-01,2021,1,227.06,142.96,84.1,0.3703866819342905,False,False,Ninguno
39,HERR,Herramientas,2021-02-01,2021,2,225.06,148.85,76.21000000000001,0.3386208122278504,True,True,Febrero
39,HERR,Herramientas,2021-03-01,2021,3,223.95,148.6,75.35,0.3364590310337129,False,False,Ninguno
39,HERR,Herramientas,2021-04-01,2021,4,224.29,148.46,75.82999999999998,0.33808908110036107,False,False,Ninguno
39,HERR,Herramientas,2021-05-01,2021,5,224.1,148.46,75.63999999999999,0.3375278893351182,False,False,Ninguno
39,HERR,Herramientas,2021-06-01,2021,6,223.93,148.85,75.08000000000001,0.3352833474746573,False,False,Ninguno
39,HERR,Herramientas,2021-07-01,2021,7,223.72,148.71,75.00999999999999,0.3352851779009476,False,False,Julio
39,HERR,Herramientas,2021-08-01,2021,8,224.96,148.63,76.33000000000001,0.3393047652916074,False,False,Ninguno
39,HERR,Herramientas,2021-09-01,2021,9,224.68,151.63,73.05000000000001,0.32512907245860784,True,False,Esporádico
39,HERR,Herramientas,2021-10-01,2021,10,224.15,151.66,72.49000000000001,0.32339950925719385,False,False,Ninguno
39,HERR,Herramientas,2021-11-01,2021,11,225.01,151.39,73.62,0.3271854584240701,False,False,Esporádico
39,HERR,Herramientas,2021-12-01,2021,12,224.34,151.8,72.53999999999999,0.32334848890077555,False,False,Ninguno
39,HERR,Herramientas,2022-01-01,2022,1,224.33,151.75,72.58000000000001,0.3235412116078991,False,False,Ninguno
39,HERR,Herramientas,2022-02-01,2022,2,233.07,154.84,78.22999999999999,0.3356502338353284,True,True,Febrero
39,HERR,Herramientas,2022-03-01,2022,3,234.14,154.78,79.35999999999999,0.33894251302639444,False,False,Ninguno
39,HERR,Herramientas,2022-04-01,2022,4,233.93,154.93,79.0,0.3377078613260377,False,False,Ninguno
39,HERR,Herramientas,2022-05-01,2022,5,233.07,155.07,78.0,0.33466340584373794,False,False,Ninguno
39,HERR,Herramientas,2022-06-01,2022,6,234.15,154.85,79.30000000000001,0.33867179158658983,False,False,Ninguno
39,HERR,Herramientas,2022-07-01,2022,7,230.55,159.27,71.28,0.3091737150292778,True,True,Julio
39,HERR,Herramientas,2022-08-01,2022,8,230.71,159.26,71.45000000000002,0.309696155346539,False,False,Ninguno
39,HERR,Herramientas,2022-09-01,2022,9,231.01,159.13,71.88,0.31115536123977316,False,False,Ninguno
39,HERR,Herramientas,2022-10-01,2022,10,230.45,159.12,71.32999999999998,0.309524842699067,False,False,Ninguno
39,HERR,Herramientas,2022-11-01,2022,11,231.01,159.03,71.97999999999999,0.3115882429332063,False,False,Ninguno
39,HERR,Herramientas,2022-12-01,2022,12,230.43,158.94,71.49000000000001,0.3102460617107148,False,False,Ninguno
39,HERR,Herramientas,2023-01-01,2023,1,231.16,158.76,72.4,0.31320297629347643,False,False,Ninguno
39,HERR,Herramientas,2023-02-01,2023,2,222.77,159.11,63.66,0.28576558782600886,False,True,Febrero
39,HERR,Herramientas,2023-03-01,2023,3,223.12,158.96,64.16,0.28755826461097167,False,False,Ninguno
39,HERR,Herramientas,2023-04-01,2023,4,223.01,158.74,64.26999999999998,0.2881933545580915,False,False,Ninguno
39,HERR,Herramientas,2023-05-01,2023,5,223.32,159.19,64.13,0.2871663979939101,False,False,Ninguno
39,HERR,Herramientas,2023-06-01,2023,6,223.41,158.81,64.6,0.28915446936126404,False,False,Ninguno
39,HERR,Herramientas,2023-07-01,2023,7,231.25,168.05,63.19999999999999,0.27329729729729724,True,True,Julio
39,HERR,Herramientas,2023-08-01,2023,8,230.6,168.29,62.31,0.2702081526452732,False,False,Ninguno
39,HERR,Herramientas,2023-09-01,2023,9,233.18,167.95,65.23000000000002,0.2797409726391629,False,True,Esporádico
39,HERR,Herramientas,2023-10-01,2023,10,233.01,167.88,65.13,0.2795159006051242,False,False,Ninguno
39,HERR,Herramientas,2023-11-01,2023,11,232.73,168.27,64.45999999999998,0.27697331671894465,False,False,Ninguno
39,HERR,Herramientas,2023-12-01,2023,12,232.88,168.15,64.72999999999999,0.27795431123325315,False,False,Ninguno
39,HERR,Herramientas,2024-01-01,2024,1,236.12,171.57,64.55000000000001,0.2733779434186008,True,True,Esporádico
39,HERR,Herramientas,2024-02-01,2024,2,247.5,175.08,72.41999999999999,0.29260606060606054,True,True,Febrero
39,HERR,Herramientas,2024-03-01,2024,3,247.36,174.82,72.54000000000002,0.2932567917205693,False,False,Ninguno
39,HERR,Herramientas,2024-04-01,2024,4,246.38,175.06,71.32,0.289471548015261,False,False,Ninguno
39,HERR,Herramientas,2024-05-01,2024,5,247.71,174.75,72.96000000000001,0.2945379677849098,False,False,Ninguno
39,HERR,Herramientas,2024-06-01,2024,6,247.17,174.98,72.19,0.2920661892624509,False,False,Ninguno
39,HERR,Herramientas,2024-07-01,2024,7,247.34,179.54,67.80000000000001,0.2741166006307108,True,False,Julio
39,HERR,Herramientas,2024-08-01,2024,8,247.42,179.47,67.94999999999999,0.27463422520410635,False,False,Ninguno
39,HERR,Herramientas,2024-09-01,2024,9,246.59,179.79,66.80000000000001,0.2708950079078633,False,False,Ninguno
39,HERR,Herramientas,2024-10-01,2024,10,246.97,179.49,67.47999999999999,0.27323156658703485,False,False,Ninguno
39,HERR,Herramientas,2024-11-01,2024,11,246.74,179.66,67.08000000000001,0.27186512118018974,False,False,Ninguno
39,HERR,Herramientas,2024-12-01,2024,12,247.67,179.63,68.03999999999999,0.2747203940727581,False,False,Ninguno
39,HERR,Herramientas,2025-01-01,2025,1,247.72,179.47,68.25,0.27551267560148557,False,False,Ninguno
39,HERR,Herramientas,2025-02-01,2025,2,287.09,179.25,107.83999999999997,0.37563133512139046,False,True,Febrero
39,HERR,Herramientas,2025-03-01,2025,3,288.34,179.85,108.48999999999998,0.37625719636540195,False,False,Ninguno
39,HERR,Herramientas,2025-04-01,2025,4,286.72,179.24,107.48000000000002,0.3748604910714286,False,False,Ninguno
39,HERR,Herramientas,2025-05-01,2025,5,288.41,179.29,109.12000000000003,0.37835026524739096,False,False,Ninguno
39,HERR,Herramientas,2025-06-01,2025,6,287.56,179.3,108.25999999999999,0.37647795242731946,False,False,Ninguno
39,HERR,Herramientas,2025-07-01,2025,7,287.17,183.47,103.70000000000002,0.36111014381725115,True,False,Julio
39,HERR,Herramientas,2025-08-01,2025,8,287.85,189.98,97.87000000000003,0.3400034740316138,True,False,Esporádico
39,HERR,Herramientas,2025-09-01,2025,9,286.75,189.63,97.12,0.3386922406277245,False,False,Esporádico
39,HERR,Herramientas,2025-10-01,2025,10,287.19,189.77,97.41999999999999,0.33921793934329186,False,False,Ninguno
39,HERR,Herramientas,2025-11-01,2025,11,288.07,190.07,98.0,0.34019509147082305,False,False,Ninguno
40,MUEB,Muebles,2018-07-01,2018,7,480.11,296.06,184.05,0.38334964903876195,False,False,Ninguno
40,MUEB,Muebles,2018-08-01,2018,8,478.52,295.84,182.68,0.3817604279862911,False,False,Ninguno
40,MUEB,Muebles,2018-09-01,2018,9,482.13,295.98,186.14999999999998,0.38609918486715195,False,True,Esporádico
40,MUEB,Muebles,2018-10-01,2018,10,481.09,295.86,185.22999999999996,0.38502151364609527,False,False,Ninguno
40,MUEB,Muebles,2018-11-01,2018,11,481.45,296.19,185.26,0.38479592896458614,False,False,Ninguno
40,MUEB,Muebles,2018-12-01,2018,12,482.03,295.57,186.45999999999998,0.38682239694624815,False,False,Ninguno
40,MUEB,Muebles,2019-01-01,2019,1,482.52,295.61,186.90999999999997,0.3873621818784713,False,False,Ninguno
40,MUEB,Muebles,2019-02-01,2019,2,510.74,301.49,209.25,0.409699651486079,True,True,Febrero
40,MUEB,Muebles,2019-03-01,2019,3,510.37,315.06,195.31,0.382683151439152,True,False,Esporádico
40,MUEB,Muebles,2019-04-01,2019,4,511.97,315.17,196.8,0.3843975232923804,False,False,Ninguno
40,MUEB,Muebles,2019-05-01,2019,5,512.44,315.25,197.19000000000005,0.384806026071345,False,False,Ninguno
40,MUEB,Muebles,2019-06-01,2019,6,511.04,314.77,196.27000000000004,0.3840599561678147,False,False,Ninguno
40,MUEB,Muebles,2019-07-01,2019,7,511.79,341.23,170.56,0.3332616893647785,True,False,Julio
40,MUEB,Muebles,2019-08-01,2019,8,510.45,341.33,169.12,0.3313155059261436,False,False,Esporádico
40,MUEB,Muebles,2019-09-01,2019,9,510.71,341.49,169.21999999999997,0.33134264063754376,False,False,Ninguno
40,MUEB,Muebles,2019-10-01,2019,10,511.9,342.01,169.89,0.3318812268021098,False,False,Ninguno
40,MUEB,Muebles,2019-11-01,2019,11,510.29,341.24,169.05,0.33128221207548647,False,False,Ninguno
40,MUEB,Muebles,2019-12-01,2019,12,510.81,342.15,168.66000000000003,0.33018147647853413,False,False,Ninguno
40,MUEB,Muebles,2020-01-01,2020,1,511.3,341.87,169.43,0.3313710150596519,False,False,Ninguno
40,MUEB,Muebles,2020-02-01,2020,2,490.93,353.8,137.13,0.27932699162813435,True,True,Febrero
40,MUEB,Muebles,2020-03-01,2020,3,492.32,354.09,138.23000000000002,0.28077266818329544,False,False,Ninguno
40,MUEB,Muebles,2020-04-01,2020,4,494.73,353.5,141.23000000000002,0.28546884159036245,False,True,Esporádico
40,MUEB,Muebles,2020-05-01,2020,5,496.04,354.34,141.70000000000005,0.28566244657688905,False,False,Ninguno
40,MUEB,Muebles,2020-06-01,2020,6,494.58,354.32,140.26,0.28359416070200977,False,False,Ninguno
40,MUEB,Muebles,2020-07-01,2020,7,539.64,371.5,168.14,0.31157808909643464,True,True,Julio
40,MUEB,Muebles,2020-08-01,2020,8,539.44,370.62,168.82000000000005,0.3129541746996886,False,False,Ninguno
40,MUEB,Muebles,2020-09-01,2020,9,541.0,371.02,169.98000000000002,0.31419593345656194,False,False,Ninguno
40,MUEB,Muebles,2020-10-01,2020,10,538.81,371.01,167.79999999999995,0.3114270336482247,False,False,Ninguno
40,MUEB,Muebles,2020-11-01,2020,11,541.2,371.34,169.86000000000007,0.3138580931263859,False,False,Ninguno
40,MUEB,Muebles,2020-12-01,2020,12,540.74,370.7,170.04000000000002,0.314457965010911,False,False,Ninguno
40,MUEB,Muebles,2021-01-01,2021,1,541.47,370.9,170.57000000000005,0.3150128354294791,False,False,Ninguno
40,MUEB,Muebles,2021-02-01,2021,2,593.12,402.39,190.73000000000002,0.32157067709738335,True,True,Febrero
40,MUEB,Muebles,2021-03-01,2021,3,594.03,401.48,192.54999999999995,0.3241418783563119,False,False,Ninguno
40,MUEB,Muebles,2021-04-01,2021,4,592.73,401.33,191.40000000000003,0.3229126246351628,False,False,Ninguno
40,MUEB,Muebles,2021-05-01,2021,5,593.93,402.36,191.56999999999994,0.3225464280302392,False,False,Ninguno
40,MUEB,Muebles,2021-06-01,2021,6,592.12,401.62,190.5,0.3217253259474431,False,False,Ninguno
40,MUEB,Muebles,2021-07-01,2021,7,600.99,401.43,199.56,0.3320521140118804,False,True,Julio
40,MUEB,Muebles,2021-08-01,2021,8,601.27,402.17,199.09999999999997,0.33113243634307377,False,False,Ninguno
40,MUEB,Muebles,2021-09-01,2021,9,601.75,401.7,200.05,0.33244702949729954,False,False,Ninguno
40,MUEB,Muebles,2021-10-01,2021,10,601.77,402.55,199.21999999999997,0.3310567160210711,False,False,Ninguno
40,MUEB,Muebles,2021-11-01,2021,11,600.68,401.1,199.57999999999993,0.33225677565425843,False,False,Ninguno
40,MUEB,Muebles,2021-12-01,2021,12,602.52,401.92,200.59999999999997,0.3329350063068445,False,False,Ninguno
40,MUEB,Muebles,2022-01-01,2022,1,601.92,401.65,200.26999999999998,0.33271863370547583,False,False,Ninguno
40,MUEB,Muebles,2022-02-01,2022,2,636.19,409.24,226.95000000000005,0.3567330514468948,True,True,Febrero
40,MUEB,Muebles,2022-03-01,2022,3,636.18,409.19,226.98999999999995,0.35680153415699956,False,False,Ninguno
40,MUEB,Muebles,2022-04-01,2022,4,636.54,409.99,226.54999999999995,0.3559085053570867,False,False,Ninguno
40,MUEB,Muebles,2022-05-01,2022,5,636.46,409.4,227.06000000000006,0.35675454859692685,False,False,Ninguno
40,MUEB,Muebles,2022-06-01,2022,6,639.06,410.56,228.49999999999994,0.3575564109786248,False,False,Ninguno
40,MUEB,Muebles,2022-07-01,2022,7,637.04,409.37,227.66999999999996,0.35738729122190127,False,False,Julio
40,MUEB,Muebles,2022-08-01,2022,8,637.67,409.34,228.32999999999998,0.3580692207568178,False,False,Ninguno
40,MUEB,Muebles,2022-09-01,2022,9,638.36,409.02,229.34000000000003,0.35926436493514635,False,False,Ninguno
40,MUEB,Muebles,2022-10-01,2022,10,658.62,410.47,248.14999999999998,0.3767726458352312,False,True,Esporádico
40,MUEB,Muebles,2022-11-01,2022,11,698.63,436.41,262.21999999999997,0.3753345833989379,True,True,Esporádico
40,MUEB,Muebles,2022-12-01,2022,12,698.03,436.48,261.54999999999995,0.3746973625775396,False,False,Ninguno
40,MUEB,Muebles,2023-01-01,2023,1,699.29,436.65,262.64,0.3755809463884797,False,False,Ninguno
40,MUEB,Muebles,2023-02-01,2023,2,680.06,449.54,230.51999999999992,0.33897009087433455,True,True,Febrero
40,MUEB,Muebles,2023-03-01,2023,3,680.5,449.18,231.32,0.3399265246142542,False,False,Ninguno
40,MUEB,Muebles,2023-04-01,2023,4,680.14,449.33,230.81,0.33935660305231274,False,True,Esporádico
40,MUEB,Muebles,2023-05-01,2023,5,681.2,448.97,232.23000000000002,0.3409130945390487,False,False,Ninguno
40,MUEB,Muebles,2023-06-01,2023,6,700.71,461.06,239.65000000000003,0.3420102467497253,True,True,Esporádico
40,MUEB,Muebles,2023-07-01,2023,7,700.94,486.97,213.97000000000003,0.30526150597768714,True,False,Julio
40,MUEB,Muebles,2023-08-01,2023,8,702.19,488.25,213.94000000000005,0.30467537276235784,False,False,Ninguno
40,MUEB,Muebles,2023-09-01,2023,9,700.88,497.6,203.27999999999997,0.2900353840885743,True,False,Esporádico
40,MUEB,Muebles,2023-10-01,2023,10,703.56,497.54,206.01999999999992,0.292825061117744,False,False,Ninguno
40,MUEB,Muebles,2023-11-01,2023,11,702.37,497.1,205.26999999999998,0.2922533707305266,False,False,Ninguno
40,MUEB,Muebles,2023-12-01,2023,12,703.24,498.56,204.68,0.29105284113531654,False,False,Ninguno
40,MUEB,Muebles,2024-01-01,2024,1,702.09,498.26,203.83000000000004,0.2903189049836916,False,False,Ninguno
40,MUEB,Muebles,2024-02-01,2024,2,781.29,496.67,284.61999999999995,0.3642949480986573,False,True,Febrero
40,MUEB,Muebles,2024-03-01,2024,3,782.61,496.99,285.62,0.36495828062508784,False,False,Ninguno
40,MUEB,Muebles,2024-04-01,2024,4,782.34,498.27,284.07000000000005,0.3631029986962191,False,False,Ninguno
40,MUEB,Muebles,2024-05-01,2024,5,784.05,497.89,286.15999999999997,0.36497672342325105,False,False,Ninguno
40,MUEB,Muebles,2024-06-01,2024,6,782.4,497.76,284.64,0.3638036809815951,False,False,Ninguno
40,MUEB,Muebles,2024-07-01,2024,7,763.23,513.33,249.89999999999998,0.32742423646869223,True,True,Julio
40,MUEB,Muebles,2024-08-01,2024,8,766.68,511.45,255.22999999999996,0.33290290603641676,False,False,Ninguno
40,MUEB,Muebles,2024-09-01,2024,9,765.63,511.92,253.70999999999998,0.33137416245444923,False,False,Ninguno
40,MUEB,Muebles,2024-10-01,2024,10,764.44,511.97,252.47000000000003,0.33026790853435195,False,False,Ninguno
40,MUEB,Muebles,2024-11-01,2024,11,764.22,511.83,252.39000000000004,0.33025830258302585,False,False,Ninguno
40,MUEB,Muebles,2024-12-01,2024,12,786.82,523.5,263.32000000000005,0.3346635825220508,True,True,Esporádico
40,MUEB,Muebles,2025-01-01,2025,1,789.39,522.57,266.81999999999994,0.3380078288298559,False,False,Ninguno
40,MUEB,Muebles,2025-02-01,2025,2,843.65,537.36,306.28999999999996,0.36305339892135363,True,True,Febrero
40,MUEB,Muebles,2025-03-01,2025,3,842.52,537.4,305.12,0.3621516403171438,False,False,Ninguno
40,MUEB,Muebles,2025-04-01,2025,4,847.15,537.1,310.04999999999995,0.3659918550433807,False,False,Ninguno
40,MUEB,Muebles,2025-05-01,2025,5,844.65,536.93,307.72,0.36431658083229745,False,False,Ninguno
40,MUEB,Muebles,2025-06-01,2025,6,847.09,535.62,311.47,0.367694105703054,False,False,Ninguno
40,MUEB,Muebles,2025-07-01,2025,7,871.66,535.59,336.06999999999994,0.38555170594038957,False,True,Julio
40,MUEB,Muebles,2025-08-01,2025,8,868.71,536.56,332.1500000000001,0.38234853978888245,False,False,Ninguno
40,MUEB,Muebles,2025-09-01,2025,9,874.33,535.66,338.6700000000001,0.3873480264888544,False,True,Esporádico
40,MUEB,Muebles,2025-10-01,2025,10,873.97,536.86,337.11,0.38572262205796537,False,False,Ninguno
40,MUEB,Muebles,2025-11-01,2025,11,875.83,537.28,338.55000000000007,0.38654761768836426,False,False,Esporádico
41,DEPOR,Deportes,2018-07-01,2018,7,173.46,127.84,45.620000000000005,0.26300011530035744,False,False,Ninguno
41,DEPOR,Deportes,2018-08-01,2018,8,173.7,127.77,45.92999999999999,0.2644214162348877,False,False,Ninguno
41,DEPOR,Deportes,2018-09-01,2018,9,173.98,127.66,46.31999999999999,0.2662374985630532,False,False,Ninguno
41,DEPOR,Deportes,2018-10-01,2018,10,173.72,127.55,46.17,0.2657725074833065,False,False,Ninguno
41,DEPOR,Deportes,2018-11-01,2018,11,173.99,127.48,46.510000000000005,0.26731421346054374,False,False,Ninguno
41,DEPOR,Deportes,2018-12-01,2018,12,173.12,127.54,45.58,0.26328558225508314,False,False,Ninguno
41,DEPOR,Deportes,2019-01-01,2019,1,173.41,127.65,45.75999999999999,0.2638832823943255,False,False,Ninguno
41,DEPOR,Deportes,2019-02-01,2019,2,173.06,130.26,42.80000000000001,0.24731307061134872,True,False,Febrero
41,DEPOR,Deportes,2019-03-01,2019,3,173.87,130.2,43.670000000000016,0.2511646632541555,False,False,Ninguno
41,DEPOR,Deportes,2019-04-01,2019,4,173.78,130.39,43.390000000000015,0.249683507883531,False,False,Ninguno
41,DEPOR,Deportes,2019-05-01,2019,5,173.35,130.4,42.94999999999999,0.24776463801557536,False,False,Ninguno
41,DEPOR,Deportes,2019-06-01,2019,6,173.31,130.08,43.22999999999999,0.24943742426865148,False,False,Ninguno
41,DEPOR,Deportes,2019-07-01,2019,7,190.41,142.2,48.21000000000001,0.2531904836930834,True,True,Julio
41,DEPOR,Deportes,2019-08-01,2019,8,190.77,142.0,48.77000000000001,0.25564816270902135,False,False,Ninguno
41,DEPOR,Deportes,2019-09-01,2019,9,190.48,142.25,48.22999999999999,0.25320243595128095,False,False,Ninguno
41,DEPOR,Deportes,2019-10-01,2019,10,190.82,142.45,48.370000000000005,0.2534849596478357,False,False,Ninguno
41,DEPOR,Deportes,2019-11-01,2019,11,191.29,142.44,48.849999999999994,0.2553714255841915,False,False,Ninguno
41,DEPOR,Deportes,2019-12-01,2019,12,191.09,142.35,48.74000000000001,0.2550630592914334,False,False,Esporádico
41,DEPOR,Deportes,2020-01-01,2020,1,191.13,142.27,48.859999999999985,0.25563752419818964,False,False,Ninguno
41,DEPOR,Deportes,2020-02-01,2020,2,221.76,150.18,71.57999999999998,0.3227813852813852,True,True,Febrero
41,DEPOR,Deportes,2020-03-01,2020,3,221.37,154.56,66.81,0.30180241225098253,True,False,Esporádico
41,DEPOR,Deportes,2020-04-01,2020,4,221.83,154.82,67.01000000000002,0.30207816796646086,False,False,Ninguno
41,DEPOR,Deportes,2020-05-01,2020,5,221.49,154.78,66.71000000000001,0.3011874125242675,False,False,Ninguno
41,DEPOR,Deportes,2020-06-01,2020,6,229.21,158.2,71.01000000000002,0.3098032372060557,True,True,Esporádico
41,DEPOR,Deportes,2020-07-01,2020,7,229.16,163.84,65.32,0.28504101937510906,True,False,Julio
41,DEPOR,Deportes,2020-08-01,2020,8,229.53,164.37,65.16,0.28388445954777153,False,False,Ninguno
41,DEPOR,Deportes,2020-09-01,2020,9,229.22,163.88,65.34,0.28505366023907164,False,False,Ninguno
41,DEPOR,Deportes,2020-10-01,2020,10,229.83,164.17,65.66000000000003,0.2856894226167168,False,False,Ninguno
41,DEPOR,Deportes,2020-11-01,2020,11,229.11,164.15,64.96000000000001,0.2835319278948977,False,False,Ninguno
41,DEPOR,Deportes,2020-12-01,2020,12,229.52,164.32,65.20000000000002,0.28407110491460447,False,False,Ninguno
41,DEPOR,Deportes,2021-01-01,2021,1,229.63,163.94,65.69,0.28606889343726866,False,False,Ninguno
41,DEPOR,Deportes,2021-02-01,2021,2,264.83,167.41,97.41999999999999,0.3678586262885625,True,True,Febrero
41,DEPOR,Deportes,2021-03-01,2021,3,264.94,167.73,97.21000000000001,0.36691326338038804,False,False,Ninguno
41,DEPOR,Deportes,2021-04-01,2021,4,264.38,167.37,97.00999999999999,0.3669339586958166,False,False,Esporádico
41,DEPOR,Deportes,2021-05-01,2021,5,264.77,167.39,97.38,0.36779091286777205,False,False,Ninguno
41,DEPOR,Deportes,2021-06-01,2021,6,264.36,167.21,97.15,0.367491299742775,False,False,Ninguno
41,DEPOR,Deportes,2021-07-01,2021,7,263.97,167.43,96.54000000000002,0.36572337765655194,False,False,Julio
41,DEPOR,Deportes,2021-08-01,2021,8,264.81,167.64,97.17000000000002,0.36694233601450105,False,False,Ninguno
41,DEPOR,Deportes,2021-09-01,2021,9,264.82,167.61,97.20999999999998,0.36707952571558033,False,False,Ninguno
41,DEPOR,Deportes,2021-10-01,2021,10,264.29,167.38,96.91000000000003,0.3666805403155625,False,False,Ninguno
41,DEPOR,Deportes,2021-11-01,2021,11,273.82,171.01,102.81,0.37546563435833763,True,True,Esporádico
41,DEPOR,Deportes,2021-12-01,2021,12,273.78,171.06,102.71999999999997,0.37519175980714436,False,False,Ninguno
41,DEPOR,Deportes,2022-01-01,2022,1,273.04,170.6,102.44000000000003,0.3751831233518899,False,False,Ninguno
41,DEPOR,Deportes,2022-02-01,2022,2,294.64,170.75,123.88999999999999,0.42047922888949224,False,True,Febrero
41,DEPOR,Deportes,2022-03-01,2022,3,295.48,170.85,124.63000000000002,0.42178827670231495,False,False,Ninguno
41,DEPOR,Deportes,2022-04-01,2022,4,295.77,170.78,124.98999999999998,0.42259187882476246,False,False,Ninguno
41,DEPOR,Deportes,2022-05-01,2022,5,295.09,171.0,124.08999999999997,0.4205157748483513,False,False,Ninguno
41,DEPOR,Deportes,2022-06-01,2022,6,312.15,171.0,141.14999999999998,0.4521864488226814,False,True,Esporádico
41,DEPOR,Deportes,2022-07-01,2022,7,333.22,174.28,158.94000000000003,0.47698217393913933,True,True,Julio
41,DEPOR,Deportes,2022-08-01,2022,8,332.51,174.59,157.92,0.47493308471925655,False,False,Ninguno
41,DEPOR,Deportes,2022-09-01,2022,9,331.74,174.19,157.55,0.4749201181648279,False,False,Ninguno
41,DEPOR,Deportes,2022-10-01,2022,10,332.29,174.25,158.04000000000002,0.4756086550904331,False,False,Ninguno
41,DEPOR,Deportes,2022-11-01,2022,11,332.36,174.22,158.14000000000001,0.47580936334095564,False,False,Ninguno
41,DEPOR,Deportes,2022-12-01,2022,12,333.29,174.13,159.16000000000003,0.4775420804704612,False,False,Ninguno
41,DEPOR,Deportes,2023-01-01,2023,1,333.2,174.09,159.10999999999999,0.4775210084033613,False,False,Ninguno
41,DEPOR,Deportes,2023-02-01,2023,2,382.29,174.38,207.91000000000003,0.543854142143399,False,True,Febrero
41,DEPOR,Deportes,2023-03-01,2023,3,382.07,174.32,207.75,0.5437485277566938,False,False,Ninguno
41,DEPOR,Deportes,2023-04-01,2023,4,381.32,174.25,207.07,0.5430347214937585,False,False,Ninguno
41,DEPOR,Deportes,2023-05-01,2023,5,381.77,174.42,207.35,0.5431280613982241,False,False,Ninguno
41,DEPOR,Deportes,2023-06-01,2023,6,396.43,174.22,222.21,0.5605277098100547,False,True,Esporádico
41,DEPOR,Deportes,2023-07-01,2023,7,387.59,174.05,213.53999999999996,0.5509430067855208,False,True,Julio
41,DEPOR,Deportes,2023-08-01,2023,8,387.24,174.07,213.17000000000002,0.5504854870364632,False,False,Ninguno
41,DEPOR,Deportes,2023-09-01,2023,9,387.09,174.58,212.50999999999996,0.5489937740577127,False,False,Ninguno
41,DEPOR,Deportes,2023-10-01,2023,10,413.17,179.22,233.95000000000002,0.5662318174117191,True,True,Esporádico
41,DEPOR,Deportes,2023-11-01,2023,11,413.36,179.25,234.11,0.5663586220243856,False,False,Ninguno
41,DEPOR,Deportes,2023-12-01,2023,12,412.69,179.28,233.41,0.5655819137851656,False,False,Ninguno
41,DEPOR,Deportes,2024-01-01,2024,1,413.46,179.59,233.86999999999998,0.5656411744787887,False,False,Ninguno
41,DEPOR,Deportes,2024-02-01,2024,2,456.76,181.02,275.74,0.603686837726596,True,True,Febrero
41,DEPOR,Deportes,2024-03-01,2024,3,456.45,181.09,275.36,0.603264322488772,False,False,Ninguno
41,DEPOR,Deportes,2024-04-01,2024,4,456.79,180.84,275.95000000000005,0.6041069200288974,False,False,Ninguno
41,DEPOR,Deportes,2024-05-01,2024,5,455.06,181.29,273.77,0.6016129741133037,False,False,Ninguno
41,DEPOR,Deportes,2024-06-01,2024,6,489.21,184.56,304.65,0.6227387011712762,True,True,Esporádico
41,DEPOR,Deportes,2024-07-01,2024,7,511.63,188.78,322.85,0.6310224185446515,True,True,Julio
41,DEPOR,Deportes,2024-08-01,2024,8,511.72,188.68,323.04,0.6312827327444697,False,False,Ninguno
41,DEPOR,Deportes,2024-09-01,2024,9,511.01,188.09,322.91999999999996,0.6319250112522259,False,False,Ninguno
41,DEPOR,Deportes,2024-10-01,2024,10,512.96,188.5,324.46000000000004,0.6325249532127262,False,False,Esporádico
41,DEPOR,Deportes,2024-11-01,2024,11,510.75,188.71,322.03999999999996,0.6305237395986294,False,False,Ninguno
41,DEPOR,Deportes,2024-12-01,2024,12,510.66,188.23,322.43000000000006,0.6313985822269221,False,False,Ninguno
41,DEPOR,Deportes,2025-01-01,2025,1,512.66,188.76,323.9,0.631802754262084,False,False,Ninguno
41,DEPOR,Deportes,2025-02-01,2025,2,539.26,199.69,339.57,0.6296962504172384,True,True,Febrero
41,DEPOR,Deportes,2025-03-01,2025,3,538.87,204.09,334.78,0.6212630133427357,True,True,Esporádico
41,DEPOR,Deportes,2025-04-01,2025,4,538.11,203.71,334.4,0.6214342792365872,False,False,Ninguno
41,DEPOR,Deportes,2025-05-01,2025,5,538.83,203.67,335.1600000000001,0.6220143644563222,False,False,Ninguno
41,DEPOR,Deportes,2025-06-01,2025,6,538.91,204.01,334.9,0.6214395724703569,False,False,Ninguno
41,DEPOR,Deportes,2025-07-01,2025,7,537.53,218.36,319.16999999999996,0.5937715104273249,True,False,Julio
41,DEPOR,Deportes,2025-08-01,2025,8,537.51,218.59,318.91999999999996,0.5933284962140238,False,False,Ninguno
41,DEPOR,Deportes,2025-09-01,2025,9,537.51,218.84,318.66999999999996,0.5928633885881193,False,False,Ninguno
41,DEPOR,Deportes,2025-10-01,2025,10,577.71,222.75,354.96000000000004,0.6144259230409721,True,True,Esporádico
41,DEPOR,Deportes,2025-11-01,2025,11,575.83,222.93,352.90000000000003,0.6128544883038397,False,False,Ninguno
42,BELLE,Belleza,2018-07-01,2018,7,117.74,74.2,43.53999999999999,0.36979785969084417,False,False,Ninguno
42,BELLE,Belleza,2018-08-01,2018,8,117.19,74.14,43.05,0.3673521631538527,False,False,Ninguno
42,BELLE,Belleza,2018-09-01,2018,9,117.4,74.33,43.07000000000001,0.3668654173764907,False,False,Ninguno
42,BELLE,Belleza,2018-10-01,2018,10,117.69,74.22,43.47,0.3693601835330104,False,False,Ninguno
42,BELLE,Belleza,2018-11-01,2018,11,117.63,74.15,43.47999999999999,0.3696335968715463,False,False,Ninguno
42,BELLE,Belleza,2018-12-01,2018,12,117.34,74.09,43.25,0.3685870121015851,False,False,Ninguno
42,BELLE,Belleza,2019-01-01,2019,1,117.7,74.09,43.61,0.37051826677994903,False,False,Ninguno
42,BELLE,Belleza,2019-02-01,2019,2,116.83,74.26,42.56999999999999,0.3643755884618676,False,True,Febrero
42,BELLE,Belleza,2019-03-01,2019,3,116.55,74.21,42.34,0.36327756327756333,False,False,Ninguno
42,BELLE,Belleza,2019-04-01,2019,4,118.02,76.07,41.95,0.3554482291137096,True,True,Esporádico
42,BELLE,Belleza,2019-05-01,2019,5,118.26,76.23,42.03,0.3554033485540335,False,False,Ninguno
42,BELLE,Belleza,2019-06-01,2019,6,118.22,76.19,42.03,0.3555236000676705,False,False,Ninguno
42,BELLE,Belleza,2019-07-01,2019,7,121.59,76.13,45.46000000000001,0.3738794308742496,False,True,Julio
42,BELLE,Belleza,2019-08-01,2019,8,121.64,76.04,45.599999999999994,0.3748766853008878,False,False,Ninguno
42,BELLE,Belleza,2019-09-01,2019,9,121.37,76.05,45.32000000000001,0.37340364175661206,False,False,Ninguno
42,BELLE,Belleza,2019-10-01,2019,10,121.63,76.14,45.489999999999995,0.3740031242292197,False,False,Ninguno
42,BELLE,Belleza,2019-11-01,2019,11,121.48,76.0,45.480000000000004,0.3743826144221271,False,False,Esporádico
42,BELLE,Belleza,2019-12-01,2019,12,121.13,76.08,45.05,0.37191447205481715,False,False,Ninguno
42,BELLE,Belleza,2020-01-01,2020,1,121.34,76.16,45.18000000000001,0.37234217900115385,False,False,Ninguno
42,BELLE,Belleza,2020-02-01,2020,2,127.05,79.4,47.64999999999999,0.3750491932310114,True,True,Febrero
42,BELLE,Belleza,2020-03-01,2020,3,127.47,79.27,48.2,0.37812818702439793,False,False,Ninguno
42,BELLE,Belleza,2020-04-01,2020,4,127.3,79.37,47.92999999999999,0.37651217596229375,False,False,Ninguno
42,BELLE,Belleza,2020-05-01,2020,5,127.01,79.34,47.67,0.3753247775765688,False,False,Ninguno
42,BELLE,Belleza,2020-06-01,2020,6,127.05,79.33,47.72,0.37560015741833924,False,False,Ninguno
42,BELLE,Belleza,2020-07-01,2020,7,131.14,81.8,49.33999999999999,0.3762391337501906,True,True,Julio
42,BELLE,Belleza,2020-08-01,2020,8,130.85,81.81,49.03999999999999,0.37478028276652653,False,False,Ninguno
42,BELLE,Belleza,2020-09-01,2020,9,131.22,82.06,49.16,0.37463801249809475,False,False,Ninguno
42,BELLE,Belleza,2020-10-01,2020,10,131.06,81.97,49.09,0.3745612696474897,False,False,Ninguno
42,BELLE,Belleza,2020-11-01,2020,11,131.25,82.06,49.19,0.3747809523809524,False,False,Esporádico
42,BELLE,Belleza,2020-12-01,2020,12,131.04,82.01,49.02999999999999,0.3741605616605616,False,False,Ninguno
42,BELLE,Belleza,2021-01-01,2021,1,131.39,82.07,49.31999999999999,0.37537103280310524,False,False,Ninguno
42,BELLE,Belleza,2021-02-01,2021,2,148.49,81.81,66.68,0.4490538083372618,False,True,Febrero
42,BELLE,Belleza,2021-03-01,2021,3,148.49,81.85,66.64000000000001,0.4487844299279414,False,False,Esporádico
42,BELLE,Belleza,2021-04-01,2021,4,148.28,82.04,66.24,0.4467224170488265,False,False,Ninguno
42,BELLE,Belleza,2021-05-01,2021,5,148.5,81.78,66.72,0.4492929292929293,False,False,Ninguno
42,BELLE,Belleza,2021-06-01,2021,6,148.46,81.82,66.64000000000001,0.4488751178768693,False,False,Ninguno
42,BELLE,Belleza,2021-07-01,2021,7,155.23,88.76,66.46999999999998,0.42820331121561545,True,True,Julio
42,BELLE,Belleza,2021-08-01,2021,8,154.94,88.91,66.03,0.42616496708403256,False,False,Ninguno
42,BELLE,Belleza,2021-09-01,2021,9,155.49,89.0,66.49000000000001,0.42761592385362407,False,False,Ninguno
42,BELLE,Belleza,2021-10-01,2021,10,155.51,89.02,66.49,0.42756092855764904,False,False,Ninguno
42,BELLE,Belleza,2021-11-01,2021,11,155.72,88.76,66.96,0.43000256871307474,False,False,Ninguno
42,BELLE,Belleza,2021-12-01,2021,12,155.67,89.05,66.61999999999999,0.42795657480567867,False,False,Ninguno
42,BELLE,Belleza,2022-01-01,2022,1,155.7,88.77,66.92999999999999,0.42986512524084775,False,False,Ninguno
42,BELLE,Belleza,2022-02-01,2022,2,150.71,99.04,51.67,0.342843872337602,True,True,Febrero
42,BELLE,Belleza,2022-03-01,2022,3,150.36,99.02,51.34000000000002,0.34144719340250074,False,False,Ninguno
42,BELLE,Belleza,2022-04-01,2022,4,150.25,99.13,51.120000000000005,0.3402329450915142,False,False,Ninguno
42,BELLE,Belleza,2022-05-01,2022,5,150.28,98.99,51.290000000000006,0.3412962470055896,False,False,Ninguno
42,BELLE,Belleza,2022-06-01,2022,6,149.92,99.12,50.79999999999998,0.3388473852721451,False,False,Ninguno
42,BELLE,Belleza,2022-07-01,2022,7,156.28,99.02,57.260000000000005,0.3663936524187356,False,True,Julio
42,BELLE,Belleza,2022-08-01,2022,8,156.39,98.98,57.40999999999998,0.36709508280580594,False,False,Ninguno
42,BELLE,Belleza,2022-09-01,2022,9,155.6,99.12,56.47999999999999,0.3629820051413881,False,False,Ninguno
42,BELLE,Belleza,2022-10-01,2022,10,155.56,98.91,56.650000000000006,0.3641681666238108,False,False,Ninguno
42,BELLE,Belleza,2022-11-01,2022,11,166.56,101.07,65.49000000000001,0.39319164265129686,True,True,Esporádico
42,BELLE,Belleza,2022-12-01,2022,12,167.02,100.76,66.26,0.396718955813675,False,False,Ninguno
42,BELLE,Belleza,2023-01-01,2023,1,166.7,100.94,65.75999999999999,0.3944811037792441,False,False,Ninguno
42,BELLE,Belleza,2023-02-01,2023,2,172.75,115.66,57.09,0.33047756874095513,True,True,Febrero
42,BELLE,Belleza,2023-03-01,2023,3,172.85,115.58,57.269999999999996,0.3313277408157362,False,False,Ninguno
42,BELLE,Belleza,2023-04-01,2023,4,173.32,115.3,58.019999999999996,0.3347565197322871,False,False,Ninguno
42,BELLE,Belleza,2023-05-01,2023,5,173.12,115.45,57.67,0.33312153419593343,False,False,Ninguno
42,BELLE,Belleza,2023-06-01,2023,6,172.38,115.41,56.97,0.3304907761921337,False,False,Esporádico
42,BELLE,Belleza,2023-07-01,2023,7,184.12,117.71,66.41000000000001,0.3606886812948078,True,True,Julio
42,BELLE,Belleza,2023-08-01,2023,8,184.13,117.88,66.25,0.3598001412045837,False,False,Esporádico
42,BELLE,Belleza,2023-09-01,2023,9,184.36,117.78,66.58000000000001,0.36114124538945547,False,False,Ninguno
42,BELLE,Belleza,2023-10-01,2023,10,183.85,117.78,66.07,0.3593690508566766,False,False,Ninguno
42,BELLE,Belleza,2023-11-01,2023,11,183.69,117.64,66.05,0.3595731939680984,False,False,Ninguno
42,BELLE,Belleza,2023-12-01,2023,12,184.05,117.57,66.48000000000002,0.36120619396903025,False,False,Ninguno
42,BELLE,Belleza,2024-01-01,2024,1,183.69,117.67,66.02,0.3594098753334422,False,False,Ninguno
42,BELLE,Belleza,2024-02-01,2024,2,186.72,131.83,54.889999999999986,0.29396958011996566,True,True,Febrero
42,BELLE,Belleza,2024-03-01,2024,3,186.67,132.11,54.559999999999974,0.29228049499116077,False,False,Esporádico
42,BELLE,Belleza,2024-04-01,2024,4,187.1,131.94,55.16,0.2948156066274719,False,False,Ninguno
42,BELLE,Belleza,2024-05-01,2024,5,187.24,132.07,55.170000000000016,0.29464857936338396,False,False,Ninguno
42,BELLE,Belleza,2024-06-01,2024,6,186.58,132.13,54.45000000000002,0.29183192196376895,False,False,Ninguno
42,BELLE,Belleza,2024-07-01,2024,7,187.96,131.85,56.110000000000014,0.29852096190678873,False,True,Julio
42,BELLE,Belleza,2024-08-01,2024,8,188.54,134.62,53.91999999999999,0.2859870584491354,True,False,Esporádico
42,BELLE,Belleza,2024-09-01,2024,9,188.6,134.54,54.06,0.2866383881230117,False,False,Ninguno
42,BELLE,Belleza,2024-10-01,2024,10,188.12,134.52,53.599999999999994,0.284924516266213,False,False,Ninguno
42,BELLE,Belleza,2024-11-01,2024,11,187.82,134.63,53.19,0.2831966776701097,False,False,Ninguno
42,BELLE,Belleza,2024-12-01,2024,12,188.26,134.38,53.879999999999995,0.2861999362583661,False,False,Ninguno
42,BELLE,Belleza,2025-01-01,2025,1,188.61,134.85,53.76000000000002,0.28503260696675686,False,False,Ninguno
42,BELLE,Belleza,2025-02-01,2025,2,208.73,137.36,71.36999999999998,0.34192497484788953,True,True,Febrero
42,BELLE,Belleza,2025-03-01,2025,3,207.98,137.25,70.72999999999999,0.3400807769977882,False,False,Ninguno
42,BELLE,Belleza,2025-04-01,2025,4,208.39,137.31,71.07999999999998,0.341091223187293,False,False,Ninguno
42,BELLE,Belleza,2025-05-01,2025,5,208.41,137.32,71.09,0.341106472818003,False,False,Ninguno
42,BELLE,Belleza,2025-06-01,2025,6,208.83,137.55,71.28,0.3413302686395633,False,False,Ninguno
42,BELLE,Belleza,2025-07-01,2025,7,227.15,137.46,89.69,0.3948492185780321,False,True,Julio
42,BELLE,Belleza,2025-08-01,2025,8,226.22,137.08,89.13999999999999,0.3940411988329944,False,False,Ninguno
42,BELLE,Belleza,2025-09-01,2025,9,227.01,137.3,89.70999999999998,0.39518082903836826,False,False,Ninguno
42,BELLE,Belleza,2025-10-01,2025,10,226.88,137.3,89.57999999999998,0.39483427362482365,False,False,Ninguno
42,BELLE,Belleza,2025-11-01,2025,11,226.21,137.1,89.11000000000001,0.39392599796649136,False,False,Ninguno
43,ALIM,Alimentos,2018-07-01,2018,7,23.37,18.69,4.68,0.20025673940949934,False,False,Ninguno
43,ALIM,Alimentos,2018-08-01,2018,8,23.41,19.06,4.350000000000001,0.18581802648440843,True,False,Esporádico
43,ALIM,Alimentos,2018-09-01,2018,9,23.45,19.04,4.41,0.1880597014925373,False,False,Ninguno
43,ALIM,Alimentos,2018-10-01,2018,10,23.43,19.06,4.370000000000001,0.18651301749893304,False,False,Ninguno
43,ALIM,Alimentos,2018-11-01,2018,11,23.36,19.09,4.27,0.18279109589041095,False,False,Ninguno
43,ALIM,Alimentos,2018-12-01,2018,12,23.42,19.1,4.32,0.18445772843723313,False,False,Ninguno
43,ALIM,Alimentos,2019-01-01,2019,1,24.95,19.48,5.469999999999999,0.21923847695390777,True,True,Esporádico
43,ALIM,Alimentos,2019-02-01,2019,2,27.39,19.87,7.52,0.2745527564804673,True,True,Febrero
43,ALIM,Alimentos,2019-03-01,2019,3,27.38,19.86,7.52,0.27465303140978814,False,False,Ninguno
43,ALIM,Alimentos,2019-04-01,2019,4,27.42,19.82,7.600000000000001,0.27716994894237784,False,False,Ninguno
43,ALIM,Alimentos,2019-05-01,2019,5,27.37,19.88,7.490000000000002,0.2736572890025576,False,False,Ninguno
43,ALIM,Alimentos,2019-06-01,2019,6,27.43,19.84,7.59,0.27670433831571273,False,False,Ninguno
43,ALIM,Alimentos,2019-07-01,2019,7,27.45,19.85,7.599999999999998,0.27686703096539156,False,False,Julio
43,ALIM,Alimentos,2019-08-01,2019,8,27.33,19.87,7.459999999999997,0.2729601170874496,False,False,Ninguno
43,ALIM,Alimentos,2019-09-01,2019,9,27.44,19.89,7.550000000000001,0.2751457725947522,False,False,Ninguno
43,ALIM,Alimentos,2019-10-01,2019,10,27.42,19.88,7.540000000000003,0.2749817651349381,False,False,Ninguno
43,ALIM,Alimentos,2019-11-01,2019,11,27.33,19.87,7.459999999999997,0.2729601170874496,False,False,Ninguno
43,ALIM,Alimentos,2019-12-01,2019,12,27.46,19.83,7.630000000000003,0.27785870356882747,False,False,Ninguno
43,ALIM,Alimentos,2020-01-01,2020,1,27.33,19.82,7.509999999999998,0.27478960848884004,False,False,Ninguno
43,ALIM,Alimentos,2020-02-01,2020,2,27.46,21.95,5.510000000000002,0.20065549890750187,True,False,Febrero
43,ALIM,Alimentos,2020-03-01,2020,3,27.4,22.0,5.399999999999999,0.19708029197080287,False,False,Ninguno
43,ALIM,Alimentos,2020-04-01,2020,4,27.38,22.01,5.369999999999997,0.19612856099342577,False,False,Ninguno
43,ALIM,Alimentos,2020-05-01,2020,5,27.36,21.96,5.399999999999999,0.19736842105263153,False,False,Ninguno
43,ALIM,Alimentos,2020-06-01,2020,6,27.4,21.98,5.419999999999998,0.19781021897810214,False,False,Ninguno
43,ALIM,Alimentos,2020-07-01,2020,7,29.46,22.01,7.449999999999999,0.2528852681602172,False,True,Julio
43,ALIM,Alimentos,2020-08-01,2020,8,29.37,23.35,6.02,0.20497105890364314,True,False,Esporádico
43,ALIM,Alimentos,2020-09-01,2020,9,29.37,23.42,5.949999999999999,0.20258767449778683,False,False,Ninguno
43,ALIM,Alimentos,2020-10-01,2020,10,29.48,23.36,6.120000000000001,0.20759837177747628,False,False,Ninguno
43,ALIM,Alimentos,2020-11-01,2020,11,29.52,23.37,6.149999999999999,0.2083333333333333,False,False,Ninguno
43,ALIM,Alimentos,2020-12-01,2020,12,29.36,23.36,6.0,0.20435967302452315,False,False,Ninguno
43,ALIM,Alimentos,2021-01-01,2021,1,29.46,23.36,6.100000000000001,0.2070604209097081,False,False,Ninguno
43,ALIM,Alimentos,2021-02-01,2021,2,30.35,23.39,6.960000000000001,0.22932454695222407,False,True,Febrero
43,ALIM,Alimentos,2021-03-01,2021,3,30.24,23.42,6.819999999999997,0.22552910052910044,False,False,Ninguno
43,ALIM,Alimentos,2021-04-01,2021,4,30.29,23.38,6.91,0.2281280950808848,False,False,Ninguno
43,ALIM,Alimentos,2021-05-01,2021,5,30.37,23.42,6.949999999999999,0.2288442541982219,False,False,Ninguno
43,ALIM,Alimentos,2021-06-01,2021,6,30.19,23.84,6.350000000000001,0.210334547863531,True,False,Esporádico
43,ALIM,Alimentos,2021-07-01,2021,7,31.34,24.28,7.059999999999999,0.22527121888959792,True,True,Julio
43,ALIM,Alimentos,2021-08-01,2021,8,31.32,24.31,7.010000000000002,0.22381864623243938,False,False,Ninguno
43,ALIM,Alimentos,2021-09-01,2021,9,31.24,24.31,6.93,0.22183098591549297,False,False,Ninguno
43,ALIM,Alimentos,2021-10-01,2021,10,32.36,24.78,7.579999999999998,0.23423980222496904,True,True,Esporádico
43,ALIM,Alimentos,2021-11-01,2021,11,32.39,24.78,7.609999999999999,0.234949058351343,False,False,Ninguno
43,ALIM,Alimentos,2021-12-01,2021,12,32.28,24.84,7.440000000000001,0.2304832713754647,False,False,Ninguno
43,ALIM,Alimentos,2022-01-01,2022,1,32.27,24.81,7.460000000000004,0.23117446544778444,False,False,Ninguno
43,ALIM,Alimentos,2022-02-01,2022,2,34.94,24.79,10.149999999999999,0.29049799656554093,False,True,Febrero
43,ALIM,Alimentos,2022-03-01,2022,3,35.03,24.82,10.21,0.29146445903511276,False,False,Ninguno
43,ALIM,Alimentos,2022-04-01,2022,4,34.95,24.82,10.130000000000003,0.28984263233190277,False,False,Ninguno
43,ALIM,Alimentos,2022-05-01,2022,5,35.83,24.86,10.969999999999999,0.30616801562936086,False,True,Esporádico
43,ALIM,Alimentos,2022-06-01,2022,6,35.84,24.79,11.050000000000004,0.3083147321428572,False,False,Ninguno
43,ALIM,Alimentos,2022-07-01,2022,7,38.8,25.35,13.449999999999996,0.3466494845360824,True,True,Julio
43,ALIM,Alimentos,2022-08-01,2022,8,38.71,25.36,13.350000000000001,0.3448721260656161,False,False,Ninguno
43,ALIM,Alimentos,2022-09-01,2022,9,38.81,25.36,13.450000000000003,0.34656016490595215,False,False,Ninguno
43,ALIM,Alimentos,2022-10-01,2022,10,38.64,25.36,13.280000000000001,0.34368530020703936,False,False,Ninguno
43,ALIM,Alimentos,2022-11-01,2022,11,38.68,25.4,13.280000000000001,0.34332988624612204,False,False,Ninguno
43,ALIM,Alimentos,2022-12-01,2022,12,38.69,25.34,13.349999999999998,0.3450504006203153,False,False,Ninguno
43,ALIM,Alimentos,2023-01-01,2023,1,38.75,25.37,13.379999999999999,0.3452903225806451,False,False,Ninguno
43,ALIM,Alimentos,2023-02-01,2023,2,42.78,25.87,16.91,0.3952781673679289,True,True,Febrero
43,ALIM,Alimentos,2023-03-01,2023,3,42.86,25.88,16.98,0.39617358842743816,False,False,Ninguno
43,ALIM,Alimentos,2023-04-01,2023,4,42.74,25.85,16.89,0.3951801591015442,False,False,Ninguno
43,ALIM,Alimentos,2023-05-01,2023,5,42.76,25.93,16.83,0.3935921421889616,False,False,Ninguno
43,ALIM,Alimentos,2023-06-01,2023,6,43.77,25.93,17.840000000000003,0.40758510395247893,False,True,Esporádico
43,ALIM,Alimentos,2023-07-01,2023,7,42.38,26.43,15.950000000000003,0.37635677206229357,True,True,Julio
43,ALIM,Alimentos,2023-08-01,2023,8,42.5,26.44,16.06,0.37788235294117645,False,False,Ninguno
43,ALIM,Alimentos,2023-09-01,2023,9,42.35,28.4,13.950000000000003,0.32939787485242034,True,False,Esporádico
43,ALIM,Alimentos,2023-10-01,2023,10,42.43,28.4,14.030000000000001,0.33066226726372855,False,False,Ninguno
43,ALIM,Alimentos,2023-11-01,2023,11,42.31,28.45,13.860000000000003,0.3275821318837155,False,False,Ninguno
43,ALIM,Alimentos,2023-12-01,2023,12,42.47,28.45,14.02,0.33011537555921827,False,False,Ninguno
43,ALIM,Alimentos,2024-01-01,2024,1,42.48,28.46,14.019999999999996,0.33003766478342744,False,False,Ninguno
43,ALIM,Alimentos,2024-02-01,2024,2,40.99,28.15,12.840000000000003,0.3132471334471823,True,True,Febrero
43,ALIM,Alimentos,2024-03-01,2024,3,41.12,28.21,12.909999999999997,0.31395914396887153,False,False,Ninguno
43,ALIM,Alimentos,2024-04-01,2024,4,41.08,28.24,12.84,0.31256085686465435,False,False,Ninguno
43,ALIM,Alimentos,2024-05-01,2024,5,40.97,28.14,12.829999999999998,0.31315596778130333,False,False,Ninguno
43,ALIM,Alimentos,2024-06-01,2024,6,41.01,28.15,12.86,0.3135820531577664,False,False,Ninguno
43,ALIM,Alimentos,2024-07-01,2024,7,42.47,28.15,14.32,0.33717918530727575,False,True,Julio
43,ALIM,Alimentos,2024-08-01,2024,8,42.55,28.16,14.389999999999997,0.33819036427732074,False,False,Ninguno
43,ALIM,Alimentos,2024-09-01,2024,9,42.51,28.19,14.319999999999997,0.33686191484356615,False,False,Ninguno
43,ALIM,Alimentos,2024-10-01,2024,10,42.62,28.19,14.429999999999996,0.33857343969967146,False,False,Ninguno
43,ALIM,Alimentos,2024-11-01,2024,11,44.82,28.77,16.05,0.35809906291834004,True,True,Esporádico
43,ALIM,Alimentos,2024-12-01,2024,12,44.7,28.75,15.950000000000003,0.35682326621923943,False,False,Ninguno
43,ALIM,Alimentos,2025-01-01,2025,1,44.74,28.71,16.03,0.3582923558337059,False,False,Ninguno
43,ALIM,Alimentos,2025-02-01,2025,2,43.81,28.62,15.190000000000001,0.3467244921250856,True,True,Febrero
43,ALIM,Alimentos,2025-03-01,2025,3,43.85,28.57,15.280000000000001,0.348460661345496,False,False,Ninguno
43,ALIM,Alimentos,2025-04-01,2025,4,43.72,28.63,15.09,0.3451509606587374,False,False,Esporádico
43,ALIM,Alimentos,2025-05-01,2025,5,43.85,28.61,15.240000000000002,0.34754846066134554,False,False,Ninguno
43,ALIM,Alimentos,2025-06-01,2025,6,43.77,28.62,15.150000000000002,0.3461274845784784,False,False,Ninguno
43,ALIM,Alimentos,2025-07-01,2025,7,43.84,29.24,14.600000000000005,0.33302919708029205,True,False,Julio
43,ALIM,Alimentos,2025-08-01,2025,8,43.79,29.14,14.649999999999999,0.3345512674126513,False,False,Ninguno
43,ALIM,Alimentos,2025-09-01,2025,9,46.91,29.98,16.929999999999996,0.3609038584523555,True,True,Esporádico
43,ALIM,Alimentos,2025-10-01,2025,10,46.99,29.98,17.01,0.36199191317301554,False,False,Ninguno
43,ALIM,Alimentos,2025-11-01,2025,11,47.01,29.97,17.04,0.3624760689215061,False,False,Ninguno
44,ALIM,Alimentos,2018-07-01,2018,7,15.27,11.87,3.4000000000000004,0.22265880812049774,False,False,Ninguno
44,ALIM,Alimentos,2018-08-01,2018,8,15.29,11.86,3.4299999999999997,0.22432962720732505,False,False,Ninguno
44,ALIM,Alimentos,2018-09-01,2018,9,15.52,11.85,3.67,0.23646907216494845,False,True,Esporádico
44,ALIM,Alimentos,2018-10-01,2018,10,15.49,11.85,3.6400000000000006,0.23499031633311818,False,False,Ninguno
44,ALIM,Alimentos,2018-11-01,2018,11,15.48,11.84,3.6400000000000006,0.23514211886304912,False,False,Ninguno
44,ALIM,Alimentos,2018-12-01,2018,12,15.57,11.86,3.710000000000001,0.23827874116891462,False,False,Esporádico
44,ALIM,Alimentos,2019-01-01,2019,1,15.57,11.84,3.7300000000000004,0.23956326268465,False,False,Ninguno
44,ALIM,Alimentos,2019-02-01,2019,2,16.81,12.8,4.009999999999998,0.23854848304580598,True,True,Febrero
44,ALIM,Alimentos,2019-03-01,2019,3,16.87,12.78,4.090000000000002,0.24244220509780684,False,False,Ninguno
44,ALIM,Alimentos,2019-04-01,2019,4,16.88,12.79,4.09,0.24229857819905215,False,False,Ninguno
44,ALIM,Alimentos,2019-05-01,2019,5,16.87,12.76,4.110000000000001,0.2436277415530528,False,False,Esporádico
44,ALIM,Alimentos,2019-06-01,2019,6,16.83,12.78,4.049999999999999,0.2406417112299465,False,False,Ninguno
44,ALIM,Alimentos,2019-07-01,2019,7,17.69,12.9,4.790000000000001,0.2707744488411532,True,True,Julio
44,ALIM,Alimentos,2019-08-01,2019,8,17.68,12.9,4.779999999999999,0.2703619909502262,False,False,Ninguno
44,ALIM,Alimentos,2019-09-01,2019,9,17.5,12.86,4.640000000000001,0.2651428571428572,False,True,Esporádico
44,ALIM,Alimentos,2019-10-01,2019,10,17.53,12.88,4.65,0.2652595550484883,False,False,Ninguno
44,ALIM,Alimentos,2019-11-01,2019,11,17.57,12.89,4.68,0.2663631189527604,False,False,Ninguno
44,ALIM,Alimentos,2019-12-01,2019,12,17.52,12.86,4.66,0.2659817351598174,False,False,Ninguno
44,ALIM,Alimentos,2020-01-01,2020,1,17.55,12.87,4.6800000000000015,0.2666666666666667,False,False,Ninguno
44,ALIM,Alimentos,2020-02-01,2020,2,17.13,12.86,4.27,0.24927028604786922,False,True,Febrero
44,ALIM,Alimentos,2020-03-01,2020,3,17.05,12.9,4.15,0.2434017595307918,False,False,Ninguno
44,ALIM,Alimentos,2020-04-01,2020,4,17.07,12.88,4.1899999999999995,0.24545987111892206,False,False,Ninguno
44,ALIM,Alimentos,2020-05-01,2020,5,17.09,12.9,4.1899999999999995,0.24517261556465766,False,False,Ninguno
44,ALIM,Alimentos,2020-06-01,2020,6,17.11,12.86,4.25,0.2483927527761543,False,False,Ninguno
44,ALIM,Alimentos,2020-07-01,2020,7,17.06,13.1,3.959999999999999,0.23212192262602577,True,True,Julio
44,ALIM,Alimentos,2020-08-01,2020,8,17.04,13.1,3.9399999999999995,0.23122065727699528,False,False,Ninguno
44,ALIM,Alimentos,2020-09-01,2020,9,17.02,13.1,3.92,0.23031727379553465,False,False,Ninguno
44,ALIM,Alimentos,2020-10-01,2020,10,17.03,13.12,3.910000000000002,0.22959483264826785,False,False,Ninguno
44,ALIM,Alimentos,2020-11-01,2020,11,17.08,13.08,3.9999999999999982,0.23419203747072592,False,False,Ninguno
44,ALIM,Alimentos,2020-12-01,2020,12,17.1,13.12,3.980000000000002,0.232748538011696,False,False,Ninguno
44,ALIM,Alimentos,2021-01-01,2021,1,17.03,13.11,3.9200000000000017,0.23018203170874935,False,False,Ninguno
44,ALIM,Alimentos,2021-02-01,2021,2,17.02,14.23,2.789999999999999,0.1639247943595769,True,True,Febrero
44,ALIM,Alimentos,2021-03-01,2021,3,17.09,14.24,2.8499999999999996,0.16676418958455236,False,False,Ninguno
44,ALIM,Alimentos,2021-04-01,2021,4,17.1,14.22,2.880000000000001,0.16842105263157897,False,False,Ninguno
44,ALIM,Alimentos,2021-05-01,2021,5,17.02,14.22,2.799999999999999,0.16451233842538185,False,False,Ninguno
44,ALIM,Alimentos,2021-06-01,2021,6,17.01,14.21,2.8000000000000007,0.16460905349794241,False,False,Ninguno
44,ALIM,Alimentos,2021-07-01,2021,7,17.39,14.23,3.16,0.18171362852213915,False,True,Julio
44,ALIM,Alimentos,2021-08-01,2021,8,17.41,14.2,3.210000000000001,0.18437679494543371,False,False,Ninguno
44,ALIM,Alimentos,2021-09-01,2021,9,17.35,14.23,3.120000000000001,0.17982708933717584,False,False,Ninguno
44,ALIM,Alimentos,2021-10-01,2021,10,18.25,14.47,3.7799999999999994,0.20712328767123284,True,True,Esporádico
44,ALIM,Alimentos,2021-11-01,2021,11,18.2,14.48,3.719999999999999,0.20439560439560434,False,False,Ninguno
44,ALIM,Alimentos,2021-12-01,2021,12,18.18,14.52,3.66,0.20132013201320134,False,False,Ninguno
44,ALIM,Alimentos,2022-01-01,2022,1,18.18,14.49,3.6899999999999995,0.20297029702970296,False,False,Ninguno
44,ALIM,Alimentos,2022-02-01,2022,2,18.56,14.95,3.6099999999999994,0.19450431034482757,True,True,Febrero
44,ALIM,Alimentos,2022-03-01,2022,3,18.6,14.98,3.620000000000001,0.19462365591397854,False,False,Ninguno
44,ALIM,Alimentos,2022-04-01,2022,4,18.58,14.97,3.6099999999999977,0.19429494079655532,False,False,Esporádico
44,ALIM,Alimentos,2022-05-01,2022,5,18.58,15.26,3.3199999999999985,0.1786867599569429,True,True,Esporádico
44,ALIM,Alimentos,2022-06-01,2022,6,18.58,15.71,2.8699999999999974,0.15446716899892346,True,False,Esporádico
44,ALIM,Alimentos,2022-07-01,2022,7,19.69,15.7,3.990000000000002,0.20264093448450998,False,True,Julio
44,ALIM,Alimentos,2022-08-01,2022,8,19.66,15.67,3.99,0.2029501525940997,False,False,Ninguno
44,ALIM,Alimentos,2022-09-01,2022,9,19.66,15.65,4.01,0.2039674465920651,False,False,Ninguno
44,ALIM,Alimentos,2022-10-01,2022,10,19.63,15.7,3.9299999999999997,0.20020376974019358,False,False,Ninguno
44,ALIM,Alimentos,2022-11-01,2022,11,19.71,15.67,4.040000000000001,0.20497209538305433,False,False,Ninguno
44,ALIM,Alimentos,2022-12-01,2022,12,19.68,15.7,3.9800000000000004,0.2022357723577236,False,False,Ninguno
44,ALIM,Alimentos,2023-01-01,2023,1,19.67,15.7,3.9700000000000024,0.20183019827147952,False,False,Ninguno
44,ALIM,Alimentos,2023-02-01,2023,2,20.42,15.09,5.330000000000002,0.2610186092066602,True,True,Febrero
44,ALIM,Alimentos,2023-03-01,2023,3,21.03,14.74,6.290000000000001,0.2990965287684261,True,True,Esporádico
44,ALIM,Alimentos,2023-04-01,2023,4,22.31,15.05,7.259999999999998,0.32541461228148805,True,True,Esporádico
44,ALIM,Alimentos,2023-05-01,2023,5,22.29,15.03,7.26,0.32570659488559894,False,False,Ninguno
44,ALIM,Alimentos,2023-06-01,2023,6,22.36,15.04,7.32,0.3273703041144902,False,False,Ninguno
44,ALIM,Alimentos,2023-07-01,2023,7,24.6,15.04,9.560000000000002,0.38861788617886184,False,True,Julio
44,ALIM,Alimentos,2023-08-01,2023,8,24.6,15.07,9.530000000000001,0.3873983739837399,False,False,Ninguno
44,ALIM,Alimentos,2023-09-01,2023,9,24.57,15.05,9.52,0.38746438746438744,False,False,Ninguno
44,ALIM,Alimentos,2023-10-01,2023,10,24.62,15.06,9.56,0.388302193338749,False,False,Ninguno
44,ALIM,Alimentos,2023-11-01,2023,11,24.65,15.07,9.579999999999998,0.3886409736308316,False,False,Ninguno
44,ALIM,Alimentos,2023-12-01,2023,12,24.64,15.03,9.610000000000001,0.3900162337662338,False,False,Ninguno
44,ALIM,Alimentos,2024-01-01,2024,1,24.59,15.07,9.52,0.38714924766165104,False,False,Ninguno
44,ALIM,Alimentos,2024-02-01,2024,2,25.72,15.34,10.379999999999999,0.4035769828926905,True,True,Febrero
44,ALIM,Alimentos,2024-03-01,2024,3,25.77,15.33,10.44,0.40512223515715945,False,False,Ninguno
44,ALIM,Alimentos,2024-04-01,2024,4,25.67,15.33,10.340000000000002,0.40280483054148813,False,False,Ninguno
44,ALIM,Alimentos,2024-05-01,2024,5,25.71,15.35,10.360000000000001,0.40295604823026065,False,False,Ninguno
44,ALIM,Alimentos,2024-06-01,2024,6,25.67,15.33,10.340000000000002,0.40280483054148813,False,False,Esporádico
44,ALIM,Alimentos,2024-07-01,2024,7,25.74,15.33,10.409999999999998,0.4044289044289044,False,False,Julio
44,ALIM,Alimentos,2024-08-01,2024,8,25.7,15.37,10.33,0.4019455252918288,False,False,Ninguno
44,ALIM,Alimentos,2024-09-01,2024,9,25.75,15.36,10.39,0.403495145631068,False,False,Ninguno
44,ALIM,Alimentos,2024-10-01,2024,10,25.78,15.33,10.450000000000001,0.4053529868114818,False,False,Ninguno
44,ALIM,Alimentos,2024-11-01,2024,11,25.66,15.37,10.290000000000001,0.40101325019485584,False,False,Ninguno
44,ALIM,Alimentos,2024-12-01,2024,12,25.65,15.33,10.319999999999999,0.40233918128654966,False,False,Ninguno
44,ALIM,Alimentos,2025-01-01,2025,1,25.75,15.33,10.42,0.4046601941747573,False,False,Ninguno
44,ALIM,Alimentos,2025-02-01,2025,2,28.55,15.93,12.620000000000001,0.44203152364273207,True,True,Febrero
44,ALIM,Alimentos,2025-03-01,2025,3,28.14,15.91,12.23,0.43461265103056146,False,True,Esporádico
44,ALIM,Alimentos,2025-04-01,2025,4,28.04,15.89,12.149999999999999,0.43330955777460767,False,False,Ninguno
44,ALIM,Alimentos,2025-05-01,2025,5,28.15,15.94,12.209999999999999,0.43374777975133216,False,False,Ninguno
44,ALIM,Alimentos,2025-06-01,2025,6,28.15,15.91,12.239999999999998,0.4348134991119005,False,False,Ninguno
44,ALIM,Alimentos,2025-07-01,2025,7,28.19,16.53,11.66,0.4136218517204682,True,False,Julio
44,ALIM,Alimentos,2025-08-01,2025,8,28.05,16.55,11.5,0.40998217468805703,False,False,Ninguno
44,ALIM,Alimentos,2025-09-01,2025,9,28.16,16.56,11.600000000000001,0.41193181818181823,False,False,Ninguno
44,ALIM,Alimentos,2025-10-01,2025,10,28.08,16.54,11.54,0.41096866096866097,False,False,Ninguno
44,ALIM,Alimentos,2025-11-01,2025,11,28.2,16.54,11.66,0.4134751773049646,False,False,Ninguno
45,LIBRO,Libros,2018-07-01,2018,7,59.4,45.73,13.670000000000002,0.23013468013468016,True,True,Esporádico
45,LIBRO,Libros,2018-08-01,2018,8,59.14,45.71,13.43,0.22708826513358132,False,False,Ninguno
45,LIBRO,Libros,2018-09-01,2018,9,61.78,45.69,16.090000000000003,0.26044027193266434,False,True,Esporádico
45,LIBRO,Libros,2018-10-01,2018,10,61.7,45.58,16.120000000000005,0.2612641815235009,False,False,Ninguno
45,LIBRO,Libros,2018-11-01,2018,11,61.48,45.61,15.869999999999997,0.25813272608978527,False,False,Ninguno
45,LIBRO,Libros,2018-12-01,2018,12,61.71,45.62,16.090000000000003,0.2607356992383731,False,False,Ninguno
45,LIBRO,Libros,2019-01-01,2019,1,61.61,45.63,15.979999999999997,0.25937347833143964,False,False,Ninguno
45,LIBRO,Libros,2019-02-01,2019,2,63.44,53.82,9.619999999999997,0.15163934426229506,True,True,Febrero
45,LIBRO,Libros,2019-03-01,2019,3,63.57,53.77,9.799999999999997,0.15416076765770012,False,False,Ninguno
45,LIBRO,Libros,2019-04-01,2019,4,63.51,53.89,9.619999999999997,0.15147220910092896,False,False,Ninguno
45,LIBRO,Libros,2019-05-01,2019,5,63.34,53.85,9.490000000000002,0.1498263340700979,False,False,Ninguno
45,LIBRO,Libros,2019-06-01,2019,6,63.49,53.73,9.760000000000005,0.1537249960623721,False,False,Ninguno
45,LIBRO,Libros,2019-07-01,2019,7,63.5,51.24,12.259999999999998,0.19307086614173224,True,False,Julio
45,LIBRO,Libros,2019-08-01,2019,8,63.4,51.19,12.21,0.19258675078864354,False,False,Ninguno
45,LIBRO,Libros,2019-09-01,2019,9,63.52,51.29,12.230000000000004,0.1925377833753149,False,False,Ninguno
45,LIBRO,Libros,2019-10-01,2019,10,63.55,51.38,12.169999999999995,0.1915027537372147,False,False,Ninguno
45,LIBRO,Libros,2019-11-01,2019,11,63.66,51.27,12.389999999999993,0.19462770970782273,False,False,Ninguno
45,LIBRO,Libros,2019-12-01,2019,12,63.38,51.35,12.030000000000001,0.18980751025560114,False,False,Ninguno
45,LIBRO,Libros,2020-01-01,2020,1,63.56,51.21,12.350000000000001,0.1943045940843298,False,False,Ninguno
45,LIBRO,Libros,2020-02-01,2020,2,67.73,51.35,16.380000000000003,0.24184261036468332,False,True,Febrero
45,LIBRO,Libros,2020-03-01,2020,3,67.83,51.32,16.509999999999998,0.24340262420757774,False,False,Ninguno
45,LIBRO,Libros,2020-04-01,2020,4,69.81,51.21,18.6,0.2664374731413838,False,True,Esporádico
45,LIBRO,Libros,2020-05-01,2020,5,69.79,51.24,18.550000000000004,0.26579739217652965,False,False,Ninguno
45,LIBRO,Libros,2020-06-01,2020,6,69.75,51.38,18.369999999999997,0.2633691756272401,False,False,Ninguno
45,LIBRO,Libros,2020-07-01,2020,7,69.61,53.03,16.58,0.23818416894124406,True,False,Julio
45,LIBRO,Libros,2020-08-01,2020,8,69.77,53.08,16.689999999999998,0.23921456213272177,False,False,Ninguno
45,LIBRO,Libros,2020-09-01,2020,9,69.54,53.09,16.450000000000003,0.23655450100661493,False,False,Ninguno
45,LIBRO,Libros,2020-10-01,2020,10,69.79,53.05,16.74000000000001,0.2398624444762861,False,False,Ninguno
45,LIBRO,Libros,2020-11-01,2020,11,69.68,53.05,16.63000000000001,0.23866245694603916,False,False,Ninguno
45,LIBRO,Libros,2020-12-01,2020,12,69.74,53.11,16.629999999999995,0.2384571264697447,False,False,Ninguno
45,LIBRO,Libros,2021-01-01,2021,1,69.83,53.04,16.79,0.24044107117284835,False,False,Ninguno
45,LIBRO,Libros,2021-02-01,2021,2,67.83,54.01,13.82,0.20374465575703968,True,True,Febrero
45,LIBRO,Libros,2021-03-01,2021,3,67.76,54.06,13.700000000000003,0.20218417945690675,False,False,Ninguno
45,LIBRO,Libros,2021-04-01,2021,4,67.82,54.18,13.639999999999993,0.20112061338838094,False,False,Ninguno
45,LIBRO,Libros,2021-05-01,2021,5,67.59,54.22,13.370000000000005,0.19781032697144554,False,False,Ninguno
45,LIBRO,Libros,2021-06-01,2021,6,67.51,54.16,13.350000000000009,0.197748481706414,False,False,Ninguno
45,LIBRO,Libros,2021-07-01,2021,7,68.81,55.22,13.590000000000003,0.19750036331928503,True,True,Julio
45,LIBRO,Libros,2021-08-01,2021,8,69.01,55.23,13.780000000000008,0.19968120562237368,False,False,Ninguno
45,LIBRO,Libros,2021-09-01,2021,9,68.84,55.1,13.740000000000002,0.19959325973271355,False,False,Ninguno
45,LIBRO,Libros,2021-10-01,2021,10,68.8,55.28,13.519999999999996,0.19651162790697668,False,False,Ninguno
45,LIBRO,Libros,2021-11-01,2021,11,68.84,55.11,13.730000000000004,0.19944799535153984,False,False,Ninguno
45,LIBRO,Libros,2021-12-01,2021,12,68.67,55.16,13.510000000000005,0.1967380224260959,False,False,Ninguno
45,LIBRO,Libros,2022-01-01,2022,1,68.82,55.28,13.539999999999992,0.1967451322290031,False,False,Ninguno
45,LIBRO,Libros,2022-02-01,2022,2,68.61,62.7,5.909999999999997,0.08613904678618273,True,False,Febrero
45,LIBRO,Libros,2022-03-01,2022,3,68.69,62.63,6.059999999999995,0.08822244868248647,False,False,Ninguno
45,LIBRO,Libros,2022-04-01,2022,4,68.68,62.75,5.930000000000007,0.08634245777518937,False,False,Ninguno
45,LIBRO,Libros,2022-05-01,2022,5,68.82,62.6,6.219999999999992,0.09038070328392898,False,False,Ninguno
45,LIBRO,Libros,2022-06-01,2022,6,68.69,62.59,6.099999999999994,0.08880477507643025,False,False,Ninguno
45,LIBRO,Libros,2022-07-01,2022,7,75.07,64.05,11.019999999999996,0.14679632343146393,True,True,Julio
45,LIBRO,Libros,2022-08-01,2022,8,74.94,64.09,10.849999999999994,0.14478249266079524,False,False,Ninguno
45,LIBRO,Libros,2022-09-01,2022,9,80.48,65.66,14.820000000000007,0.18414512922465218,True,True,Esporádico
45,LIBRO,Libros,2022-10-01,2022,10,80.54,65.88,14.66000000000001,0.18202135584802595,False,False,Ninguno
45,LIBRO,Libros,2022-11-01,2022,11,80.3,65.7,14.599999999999994,0.18181818181818174,False,False,Ninguno
45,LIBRO,Libros,2022-12-01,2022,12,80.2,65.84,14.36,0.17905236907730673,False,False,Ninguno
45,LIBRO,Libros,2023-01-01,2023,1,80.5,65.86,14.64,0.18186335403726708,False,False,Ninguno
45,LIBRO,Libros,2023-02-01,2023,2,80.5,72.88,7.6200000000000045,0.09465838509316776,True,False,Febrero
45,LIBRO,Libros,2023-03-01,2023,3,80.56,73.05,7.510000000000005,0.09322244289970215,False,False,Ninguno
45,LIBRO,Libros,2023-04-01,2023,4,80.17,72.86,7.310000000000002,0.0911812398652863,False,False,Ninguno
45,LIBRO,Libros,2023-05-01,2023,5,80.23,72.96,7.27000000000001,0.09061448336033914,False,False,Ninguno
45,LIBRO,Libros,2023-06-01,2023,6,85.35,73.12,12.22999999999999,0.14329232571763317,False,True,Esporádico
45,LIBRO,Libros,2023-07-01,2023,7,85.15,73.1,12.050000000000011,0.1415149735760424,False,False,Julio
45,LIBRO,Libros,2023-08-01,2023,8,85.17,72.9,12.269999999999996,0.14406481155336381,False,False,Ninguno
45,LIBRO,Libros,2023-09-01,2023,9,85.62,72.95,12.670000000000002,0.1479794440551273,False,False,Ninguno
45,LIBRO,Libros,2023-10-01,2023,10,85.46,72.88,12.579999999999998,0.1472033699976597,False,False,Ninguno
45,LIBRO,Libros,2023-11-01,2023,11,85.63,72.98,12.649999999999991,0.1477285997897932,False,False,Ninguno
45,LIBRO,Libros,2023-12-01,2023,12,85.26,72.89,12.370000000000005,0.14508562045507864,False,False,Ninguno
45,LIBRO,Libros,2024-01-01,2024,1,85.37,72.86,12.510000000000005,0.14653859669673192,False,False,Ninguno
45,LIBRO,Libros,2024-02-01,2024,2,85.46,74.49,10.969999999999999,0.12836414696934237,True,False,Febrero
45,LIBRO,Libros,2024-03-01,2024,3,85.2,74.47,10.730000000000004,0.12593896713615027,False,False,Ninguno
45,LIBRO,Libros,2024-04-01,2024,4,85.66,74.44,11.219999999999999,0.1309829558720523,False,False,Esporádico
45,LIBRO,Libros,2024-05-01,2024,5,85.61,74.56,11.049999999999997,0.12907370634271695,False,False,Ninguno
45,LIBRO,Libros,2024-06-01,2024,6,85.2,74.55,10.650000000000006,0.12500000000000006,False,False,Ninguno
45,LIBRO,Libros,2024-07-01,2024,7,87.01,74.31,12.700000000000003,0.1459602344558097,False,True,Julio
45,LIBRO,Libros,2024-08-01,2024,8,87.1,74.34,12.759999999999991,0.14649827784156133,False,False,Ninguno
45,LIBRO,Libros,2024-09-01,2024,9,87.31,74.51,12.799999999999997,0.14660405451838274,False,False,Ninguno
45,LIBRO,Libros,2024-10-01,2024,10,87.34,74.53,12.810000000000002,0.1466681932676895,False,False,Ninguno
45,LIBRO,Libros,2024-11-01,2024,11,87.2,74.31,12.89,0.1478211009174312,False,True,Esporádico
45,LIBRO,Libros,2024-12-01,2024,12,86.99,74.39,12.599999999999994,0.14484423496953666,False,False,Ninguno
45,LIBRO,Libros,2025-01-01,2025,1,86.99,74.41,12.579999999999998,0.14461432348545808,False,False,Ninguno
45,LIBRO,Libros,2025-02-01,2025,2,91.82,78.4,13.419999999999987,0.14615552167283805,True,True,Febrero
45,LIBRO,Libros,2025-03-01,2025,3,91.59,78.37,13.219999999999999,0.14433890162681515,False,False,Ninguno
45,LIBRO,Libros,2025-04-01,2025,4,93.34,77.69,15.650000000000006,0.16766659524319696,True,True,Esporádico
45,LIBRO,Libros,2025-05-01,2025,5,93.05,77.66,15.39,0.16539494895217627,False,False,Ninguno
45,LIBRO,Libros,2025-06-01,2025,6,96.68,77.63,19.05000000000001,0.1970417873396774,False,True,Esporádico
45,LIBRO,Libros,2025-07-01,2025,7,100.76,77.61,23.150000000000006,0.22975387058356495,False,True,Julio
45,LIBRO,Libros,2025-08-01,2025,8,100.48,77.68,22.799999999999997,0.22691082802547766,False,False,Ninguno
45,LIBRO,Libros,2025-09-01,2025,9,100.5,77.69,22.810000000000002,0.22696517412935327,False,False,Ninguno
45,LIBRO,Libros,2025-10-01,2025,10,101.01,77.48,23.53,0.23294723294723294,False,False,Ninguno
45,LIBRO,Libros,2025-11-01,2025,11,100.45,77.75,22.700000000000003,0.2259830761572922,False,False,Ninguno
46,ALIM,Alimentos,2018-07-01,2018,7,34.87,27.76,7.109999999999996,0.2039002007456265,False,False,Ninguno
46,ALIM,Alimentos,2018-08-01,2018,8,37.14,27.77,9.370000000000001,0.25228863758750675,False,True,Esporádico
46,ALIM,Alimentos,2018-09-01,2018,9,37.13,27.77,9.360000000000003,0.25208726097495293,False,False,Ninguno
46,ALIM,Alimentos,2018-10-01,2018,10,37.26,27.8,9.459999999999997,0.2538915727321524,False,False,Ninguno
46,ALIM,Alimentos,2018-11-01,2018,11,37.14,27.76,9.379999999999999,0.25255788906838983,False,False,Ninguno
46,ALIM,Alimentos,2018-12-01,2018,12,37.07,27.73,9.34,0.251955759374157,False,False,Ninguno
46,ALIM,Alimentos,2019-01-01,2019,1,37.16,27.79,9.369999999999997,0.2521528525296017,False,False,Ninguno
46,ALIM,Alimentos,2019-02-01,2019,2,38.82,27.92,10.899999999999999,0.2807831014940752,True,True,Febrero
46,ALIM,Alimentos,2019-03-01,2019,3,39.0,27.92,11.079999999999998,0.28410256410256407,False,False,Ninguno
46,ALIM,Alimentos,2019-04-01,2019,4,38.89,27.93,10.96,0.28182051941373104,False,False,Ninguno
46,ALIM,Alimentos,2019-05-01,2019,5,38.88,27.85,11.030000000000001,0.2836934156378601,False,False,Ninguno
46,ALIM,Alimentos,2019-06-01,2019,6,38.83,27.86,10.969999999999999,0.2825135204738604,False,False,Ninguno
46,ALIM,Alimentos,2019-07-01,2019,7,42.23,28.83,13.399999999999999,0.31730996921619703,True,True,Julio
46,ALIM,Alimentos,2019-08-01,2019,8,44.47,28.91,15.559999999999999,0.34989880818529345,False,True,Esporádico
46,ALIM,Alimentos,2019-09-01,2019,9,44.48,28.91,15.569999999999997,0.35004496402877694,False,False,Ninguno
46,ALIM,Alimentos,2019-10-01,2019,10,44.37,28.86,15.509999999999998,0.3495605138607167,False,False,Ninguno
46,ALIM,Alimentos,2019-11-01,2019,11,44.24,28.83,15.410000000000004,0.3483273056057867,False,False,Ninguno
46,ALIM,Alimentos,2019-12-01,2019,12,44.26,28.85,15.409999999999997,0.3481699051061906,False,False,Ninguno
46,ALIM,Alimentos,2020-01-01,2020,1,44.28,28.85,15.43,0.34846431797651306,False,False,Ninguno
46,ALIM,Alimentos,2020-02-01,2020,2,41.95,28.93,13.020000000000003,0.31036948748510135,False,True,Febrero
46,ALIM,Alimentos,2020-03-01,2020,3,41.98,28.91,13.069999999999997,0.31133873272987134,False,False,Ninguno
46,ALIM,Alimentos,2020-04-01,2020,4,42.17,28.93,13.240000000000002,0.31396727531420443,False,False,Ninguno
46,ALIM,Alimentos,2020-05-01,2020,5,42.11,28.9,13.21,0.3137022085015436,False,False,Ninguno
46,ALIM,Alimentos,2020-06-01,2020,6,42.19,28.82,13.369999999999997,0.3168997392747096,False,False,Ninguno
46,ALIM,Alimentos,2020-07-01,2020,7,44.46,31.49,12.970000000000002,0.2917228969860549,True,True,Julio
46,ALIM,Alimentos,2020-08-01,2020,8,44.37,31.48,12.889999999999997,0.2905116069416272,False,False,Ninguno
46,ALIM,Alimentos,2020-09-01,2020,9,44.47,31.46,13.009999999999998,0.2925567798515853,False,False,Ninguno
46,ALIM,Alimentos,2020-10-01,2020,10,44.28,31.46,12.82,0.2895212285456188,False,False,Ninguno
46,ALIM,Alimentos,2020-11-01,2020,11,44.43,31.52,12.91,0.2905694350663966,False,False,Ninguno
46,ALIM,Alimentos,2020-12-01,2020,12,44.29,31.52,12.77,0.2883269361029578,False,False,Ninguno
46,ALIM,Alimentos,2021-01-01,2021,1,44.43,31.45,12.98,0.29214494710781,False,False,Ninguno
46,ALIM,Alimentos,2021-02-01,2021,2,51.57,31.55,20.02,0.38821019972852433,False,True,Febrero
46,ALIM,Alimentos,2021-03-01,2021,3,51.56,31.56,20.000000000000004,0.38789759503491084,False,False,Ninguno
46,ALIM,Alimentos,2021-04-01,2021,4,51.58,31.51,20.069999999999997,0.389104303993796,False,False,Ninguno
46,ALIM,Alimentos,2021-05-01,2021,5,52.92,31.54,21.380000000000003,0.40400604686318975,False,True,Esporádico
46,ALIM,Alimentos,2021-06-01,2021,6,53.5,31.48,22.02,0.41158878504672897,False,True,Esporádico
46,ALIM,Alimentos,2021-07-01,2021,7,52.95,32.37,20.580000000000005,0.3886685552407933,True,True,Julio
46,ALIM,Alimentos,2021-08-01,2021,8,52.9,32.38,20.519999999999996,0.38790170132325136,False,False,Ninguno
46,ALIM,Alimentos,2021-09-01,2021,9,53.03,32.4,20.630000000000003,0.38902508014331516,False,False,Ninguno
46,ALIM,Alimentos,2021-10-01,2021,10,52.94,32.39,20.549999999999997,0.38817529278428403,False,False,Ninguno
46,ALIM,Alimentos,2021-11-01,2021,11,52.8,32.97,19.83,0.3755681818181818,True,False,Esporádico
46,ALIM,Alimentos,2021-12-01,2021,12,52.75,32.99,19.759999999999998,0.3745971563981042,False,False,Ninguno
46,ALIM,Alimentos,2022-01-01,2022,1,52.92,33.06,19.86,0.37528344671201813,False,False,Ninguno
46,ALIM,Alimentos,2022-02-01,2022,2,55.96,34.56,21.4,0.3824160114367405,True,True,Febrero
46,ALIM,Alimentos,2022-03-01,2022,3,55.9,34.66,21.240000000000002,0.379964221824687,False,False,Ninguno
46,ALIM,Alimentos,2022-04-01,2022,4,55.81,35.6,20.21,0.36212148360508867,True,False,Esporádico
46,ALIM,Alimentos,2022-05-01,2022,5,56.04,35.62,20.42,0.3643825838686653,False,False,Ninguno
46,ALIM,Alimentos,2022-06-01,2022,6,55.89,35.69,20.200000000000003,0.3614242261585257,False,False,Ninguno
46,ALIM,Alimentos,2022-07-01,2022,7,56.0,35.65,20.35,0.3633928571428572,False,False,Julio
46,ALIM,Alimentos,2022-08-01,2022,8,55.81,35.6,20.21,0.36212148360508867,False,False,Ninguno
46,ALIM,Alimentos,2022-09-01,2022,9,55.96,35.71,20.25,0.36186561829878483,False,False,Ninguno
46,ALIM,Alimentos,2022-10-01,2022,10,55.87,35.71,20.159999999999997,0.36083765885090385,False,False,Ninguno
46,ALIM,Alimentos,2022-11-01,2022,11,55.83,35.67,20.159999999999997,0.36109618484685646,False,False,Ninguno
46,ALIM,Alimentos,2022-12-01,2022,12,55.93,35.61,20.32,0.36331128195959234,False,False,Ninguno
46,ALIM,Alimentos,2023-01-01,2023,1,55.81,35.61,20.200000000000003,0.36194230424655083,False,False,Ninguno
46,ALIM,Alimentos,2023-02-01,2023,2,61.5,36.35,25.15,0.4089430894308943,True,True,Febrero
46,ALIM,Alimentos,2023-03-01,2023,3,61.51,36.3,25.21,0.4098520565761665,False,False,Ninguno
46,ALIM,Alimentos,2023-04-01,2023,4,61.5,36.37,25.130000000000003,0.40861788617886186,False,False,Ninguno
46,ALIM,Alimentos,2023-05-01,2023,5,61.48,36.39,25.089999999999996,0.4081001951854261,False,False,Ninguno
46,ALIM,Alimentos,2023-06-01,2023,6,61.8,36.32,25.479999999999997,0.4122977346278317,False,False,Ninguno
46,ALIM,Alimentos,2023-07-01,2023,7,66.87,37.22,29.650000000000006,0.44339763720652015,True,True,Julio
46,ALIM,Alimentos,2023-08-01,2023,8,66.8,37.23,29.57,0.44266467065868265,False,False,Ninguno
46,ALIM,Alimentos,2023-09-01,2023,9,66.62,37.29,29.330000000000005,0.44025818072650863,False,False,Ninguno
46,ALIM,Alimentos,2023-10-01,2023,10,66.71,37.24,29.46999999999999,0.4417628541448058,False,False,Ninguno
46,ALIM,Alimentos,2023-11-01,2023,11,66.53,37.15,29.380000000000003,0.4416052908462348,False,False,Esporádico
46,ALIM,Alimentos,2023-12-01,2023,12,66.79,37.16,29.63000000000001,0.44362928582123085,False,False,Ninguno
46,ALIM,Alimentos,2024-01-01,2024,1,66.75,37.23,29.520000000000003,0.442247191011236,False,False,Ninguno
46,ALIM,Alimentos,2024-02-01,2024,2,66.72,37.15,29.57,0.44319544364508395,False,False,Febrero
46,ALIM,Alimentos,2024-03-01,2024,3,66.69,37.28,29.409999999999997,0.4409956515219673,False,False,Ninguno
46,ALIM,Alimentos,2024-04-01,2024,4,66.84,37.24,29.6,0.4428485936564931,False,False,Ninguno
46,ALIM,Alimentos,2024-05-01,2024,5,66.74,37.26,29.479999999999997,0.4417141144740785,False,False,Ninguno
46,ALIM,Alimentos,2024-06-01,2024,6,66.68,37.27,29.410000000000004,0.4410617876424715,False,False,Ninguno
46,ALIM,Alimentos,2024-07-01,2024,7,66.55,38.65,27.9,0.4192336589030804,True,False,Julio
46,ALIM,Alimentos,2024-08-01,2024,8,66.69,38.73,27.96,0.41925326135852453,False,False,Ninguno
46,ALIM,Alimentos,2024-09-01,2024,9,66.62,38.65,27.970000000000006,0.41984389072350653,False,False,Ninguno
46,ALIM,Alimentos,2024-10-01,2024,10,66.86,38.75,28.11,0.42043075082261444,False,False,Ninguno
46,ALIM,Alimentos,2024-11-01,2024,11,66.77,38.7,28.069999999999993,0.4203983825071139,False,False,Ninguno
46,ALIM,Alimentos,2024-12-01,2024,12,66.68,38.68,28.000000000000007,0.41991601679664076,False,False,Ninguno
46,ALIM,Alimentos,2025-01-01,2025,1,66.58,38.75,27.83,0.41799339140883146,False,False,Ninguno
46,ALIM,Alimentos,2025-02-01,2025,2,70.36,39.57,30.79,0.43760659465605456,True,True,Febrero
46,ALIM,Alimentos,2025-03-01,2025,3,70.36,39.52,30.839999999999996,0.43831722569641834,False,False,Ninguno
46,ALIM,Alimentos,2025-04-01,2025,4,70.22,39.54,30.68,0.43691256052406724,False,False,Ninguno
46,ALIM,Alimentos,2025-05-01,2025,5,70.46,39.51,30.949999999999996,0.43925631564007944,False,False,Ninguno
46,ALIM,Alimentos,2025-06-01,2025,6,70.4,39.57,30.830000000000005,0.4379261363636364,False,False,Ninguno
46,ALIM,Alimentos,2025-07-01,2025,7,74.51,42.49,32.02,0.42974097436585695,True,True,Julio
46,ALIM,Alimentos,2025-08-01,2025,8,74.62,42.47,32.150000000000006,0.4308496381667114,False,False,Ninguno
46,ALIM,Alimentos,2025-09-01,2025,9,74.72,42.49,32.23,0.43134368308351173,False,False,Ninguno
46,ALIM,Alimentos,2025-10-01,2025,10,74.41,42.56,31.849999999999994,0.42803386641580426,False,False,Esporádico
46,ALIM,Alimentos,2025-11-01,2025,11,74.62,42.43,32.190000000000005,0.4313856874832485,False,False,Ninguno
47,BELLE,Belleza,2018-07-01,2018,7,31.82,21.71,10.11,0.31772470144563164,False,False,Ninguno
47,BELLE,Belleza,2018-08-01,2018,8,31.92,21.71,10.21,0.3198621553884712,False,False,Ninguno
47,BELLE,Belleza,2018-09-01,2018,9,31.82,21.7,10.120000000000001,0.31803896920175995,False,False,Ninguno
47,BELLE,Belleza,2018-10-01,2018,10,31.88,21.65,10.23,0.3208908406524467,False,False,Ninguno
47,BELLE,Belleza,2018-11-01,2018,11,31.84,21.65,10.190000000000001,0.3200376884422111,False,False,Ninguno
47,BELLE,Belleza,2018-12-01,2018,12,31.81,21.66,10.149999999999999,0.3190820496699151,False,False,Ninguno
47,BELLE,Belleza,2019-01-01,2019,1,31.93,21.65,10.280000000000001,0.32195427497651113,False,False,Ninguno
47,BELLE,Belleza,2019-02-01,2019,2,30.34,20.89,9.45,0.3114700065919578,True,True,Febrero
47,BELLE,Belleza,2019-03-01,2019,3,30.18,20.87,9.309999999999999,0.3084824387011265,False,False,Esporádico
47,BELLE,Belleza,2019-04-01,2019,4,30.3,21.72,8.580000000000002,0.2831683168316832,True,False,Esporádico
47,BELLE,Belleza,2019-05-01,2019,5,30.22,21.7,8.52,0.2819324950363997,False,False,Ninguno
47,BELLE,Belleza,2019-06-01,2019,6,30.18,21.69,8.489999999999998,0.28131212723658044,False,False,Ninguno
47,BELLE,Belleza,2019-07-01,2019,7,33.13,22.81,10.320000000000004,0.31150015092061584,True,True,Julio
47,BELLE,Belleza,2019-08-01,2019,8,33.26,22.84,10.419999999999998,0.31328923631990374,False,False,Ninguno
47,BELLE,Belleza,2019-09-01,2019,9,33.16,22.86,10.299999999999997,0.31061519903498186,False,False,Ninguno
47,BELLE,Belleza,2019-10-01,2019,10,33.22,22.81,10.41,0.31336544250451537,False,False,Ninguno
47,BELLE,Belleza,2019-11-01,2019,11,33.29,22.82,10.469999999999999,0.3145088615199759,False,False,Ninguno
47,BELLE,Belleza,2019-12-01,2019,12,33.28,22.83,10.450000000000003,0.3140024038461539,False,False,Ninguno
47,BELLE,Belleza,2020-01-01,2020,1,33.28,22.84,10.440000000000001,0.31370192307692313,False,False,Ninguno
47,BELLE,Belleza,2020-02-01,2020,2,33.24,23.3,9.940000000000001,0.2990373044524669,True,True,Febrero
47,BELLE,Belleza,2020-03-01,2020,3,33.26,23.29,9.969999999999999,0.2997594708358388,False,False,Ninguno
47,BELLE,Belleza,2020-04-01,2020,4,33.39,23.27,10.120000000000001,0.3030847559149446,False,False,Ninguno
47,BELLE,Belleza,2020-05-01,2020,5,33.36,23.26,10.099999999999998,0.30275779376498796,False,False,Ninguno
47,BELLE,Belleza,2020-06-01,2020,6,33.2,23.34,9.860000000000003,0.296987951807229,False,False,Ninguno
47,BELLE,Belleza,2020-07-01,2020,7,33.28,24.0,9.280000000000001,0.27884615384615385,True,False,Julio
47,BELLE,Belleza,2020-08-01,2020,8,33.2,24.09,9.110000000000003,0.27439759036144584,False,False,Ninguno
47,BELLE,Belleza,2020-09-01,2020,9,33.3,24.05,9.249999999999996,0.2777777777777777,False,False,Ninguno
47,BELLE,Belleza,2020-10-01,2020,10,33.22,24.08,9.14,0.2751354605659242,False,False,Ninguno
47,BELLE,Belleza,2020-11-01,2020,11,33.33,25.31,8.02,0.24062406240624062,True,False,Esporádico
47,BELLE,Belleza,2020-12-01,2020,12,33.37,25.34,8.029999999999998,0.24063530116871437,False,False,Ninguno
47,BELLE,Belleza,2021-01-01,2021,1,33.29,25.24,8.05,0.24181435866626616,False,False,Ninguno
47,BELLE,Belleza,2021-02-01,2021,2,34.78,25.81,8.970000000000002,0.25790684301322603,True,True,Febrero
47,BELLE,Belleza,2021-03-01,2021,3,34.71,25.87,8.84,0.2546816479400749,False,False,Ninguno
47,BELLE,Belleza,2021-04-01,2021,4,37.21,25.82,11.39,0.306100510615426,False,True,Esporádico
47,BELLE,Belleza,2021-05-01,2021,5,37.15,25.86,11.29,0.30390309555854644,False,False,Ninguno
47,BELLE,Belleza,2021-06-01,2021,6,37.16,25.82,11.339999999999996,0.30516684607104405,False,False,Ninguno
47,BELLE,Belleza,2021-07-01,2021,7,37.92,25.87,12.05,0.3177742616033755,False,True,Julio
47,BELLE,Belleza,2021-08-01,2021,8,37.57,25.38,12.190000000000001,0.3244610061219058,True,True,Esporádico
47,BELLE,Belleza,2021-09-01,2021,9,37.58,25.4,12.18,0.3241085683874401,False,False,Ninguno
47,BELLE,Belleza,2021-10-01,2021,10,37.55,25.39,12.159999999999997,0.3238348868175765,False,False,Ninguno
47,BELLE,Belleza,2021-11-01,2021,11,37.7,25.37,12.330000000000002,0.3270557029177719,False,False,Ninguno
47,BELLE,Belleza,2021-12-01,2021,12,37.77,25.38,12.390000000000004,0.3280381254964258,False,False,Ninguno
47,BELLE,Belleza,2022-01-01,2022,1,37.63,25.42,12.21,0.32447515280361416,False,False,Ninguno
47,BELLE,Belleza,2022-02-01,2022,2,43.18,25.93,17.25,0.3994905048633627,True,True,Febrero
47,BELLE,Belleza,2022-03-01,2022,3,43.21,25.95,17.26,0.3994445730155057,False,False,Esporádico
47,BELLE,Belleza,2022-04-01,2022,4,43.38,25.92,17.46,0.4024896265560166,False,False,Ninguno
47,BELLE,Belleza,2022-05-01,2022,5,43.38,25.87,17.51,0.40364223144306133,False,False,Ninguno
47,BELLE,Belleza,2022-06-01,2022,6,43.4,25.87,17.529999999999998,0.4039170506912442,False,False,Ninguno
47,BELLE,Belleza,2022-07-01,2022,7,47.74,25.79,21.950000000000003,0.45978215333054046,True,True,Julio
47,BELLE,Belleza,2022-08-01,2022,8,47.67,25.84,21.830000000000002,0.45794000419551084,False,False,Ninguno
47,BELLE,Belleza,2022-09-01,2022,9,47.74,25.81,21.930000000000003,0.4593632174277336,False,False,Ninguno
47,BELLE,Belleza,2022-10-01,2022,10,47.7,25.81,21.890000000000004,0.458909853249476,False,False,Ninguno
47,BELLE,Belleza,2022-11-01,2022,11,47.81,25.81,22.000000000000004,0.46015477933486726,False,False,Esporádico
47,BELLE,Belleza,2022-12-01,2022,12,47.59,25.79,21.800000000000004,0.4580794284513554,False,False,Esporádico
47,BELLE,Belleza,2023-01-01,2023,1,47.66,25.81,21.849999999999998,0.4584557280738565,False,False,Ninguno
47,BELLE,Belleza,2023-02-01,2023,2,54.37,26.38,27.99,0.5148059591686592,True,True,Febrero
47,BELLE,Belleza,2023-03-01,2023,3,54.4,26.31,28.09,0.5163602941176471,False,False,Ninguno
47,BELLE,Belleza,2023-04-01,2023,4,54.35,26.38,27.970000000000002,0.5146274149034039,False,True,Esporádico
47,BELLE,Belleza,2023-05-01,2023,5,54.39,26.35,28.04,0.5155359441073727,False,False,Ninguno
47,BELLE,Belleza,2023-06-01,2023,6,54.31,26.39,27.92,0.5140858037193887,False,False,Ninguno
47,BELLE,Belleza,2023-07-01,2023,7,58.0,27.02,30.98,0.5341379310344828,True,True,Julio
47,BELLE,Belleza,2023-08-01,2023,8,58.17,26.98,31.19,0.5361870379920921,False,False,Ninguno
47,BELLE,Belleza,2023-09-01,2023,9,58.02,26.98,31.040000000000003,0.5349879351947604,False,False,Ninguno
47,BELLE,Belleza,2023-10-01,2023,10,58.09,26.99,31.100000000000005,0.5353761404716819,False,False,Ninguno
47,BELLE,Belleza,2023-11-01,2023,11,58.13,26.94,31.19,0.5365559951832101,False,False,Ninguno
47,BELLE,Belleza,2023-12-01,2023,12,57.87,26.97,30.9,0.5339554173146708,False,False,Ninguno
47,BELLE,Belleza,2024-01-01,2024,1,57.98,27.01,30.969999999999995,0.5341497067954466,False,False,Ninguno
47,BELLE,Belleza,2024-02-01,2024,2,66.3,27.56,38.739999999999995,0.584313725490196,True,True,Febrero
47,BELLE,Belleza,2024-03-01,2024,3,65.92,27.56,38.36,0.5819174757281553,False,False,Ninguno
47,BELLE,Belleza,2024-04-01,2024,4,66.25,27.51,38.739999999999995,0.584754716981132,False,False,Esporádico
47,BELLE,Belleza,2024-05-01,2024,5,66.16,27.5,38.66,0.5843409915356711,False,False,Ninguno
47,BELLE,Belleza,2024-06-01,2024,6,66.07,27.53,38.53999999999999,0.5833207204480096,False,False,Ninguno
47,BELLE,Belleza,2024-07-01,2024,7,68.7,30.37,38.33,0.5579330422125182,True,True,Julio
47,BELLE,Belleza,2024-08-01,2024,8,68.36,30.37,37.989999999999995,0.5557343475716793,False,False,Ninguno
47,BELLE,Belleza,2024-09-01,2024,9,70.77,30.41,40.36,0.5702981489331638,False,True,Esporádico
47,BELLE,Belleza,2024-10-01,2024,10,70.74,30.41,40.33,0.5701159174441618,False,False,Ninguno
47,BELLE,Belleza,2024-11-01,2024,11,70.81,30.34,40.47,0.5715294449936449,False,False,Ninguno
47,BELLE,Belleza,2024-12-01,2024,12,70.53,30.42,40.11,0.5686941726924712,False,False,Ninguno
47,BELLE,Belleza,2025-01-01,2025,1,70.86,30.33,40.53,0.5719729043183743,False,False,Ninguno
47,BELLE,Belleza,2025-02-01,2025,2,70.82,34.86,35.959999999999994,0.5077661677492233,True,False,Febrero
47,BELLE,Belleza,2025-03-01,2025,3,70.72,34.81,35.91,0.5077771493212669,False,False,Ninguno
47,BELLE,Belleza,2025-04-01,2025,4,70.47,34.81,35.66,0.5060309351497091,False,False,Ninguno
47,BELLE,Belleza,2025-05-01,2025,5,70.66,34.84,35.81999999999999,0.5069346164732521,False,False,Ninguno
47,BELLE,Belleza,2025-06-01,2025,6,73.69,34.8,38.89,0.5277513909621387,False,True,Esporádico
47,BELLE,Belleza,2025-07-01,2025,7,72.91,35.45,37.459999999999994,0.5137841174050198,True,True,Julio
47,BELLE,Belleza,2025-08-01,2025,8,72.6,35.45,37.14999999999999,0.5117079889807161,False,False,Ninguno
47,BELLE,Belleza,2025-09-01,2025,9,72.75,35.51,37.24,0.5118900343642612,False,False,Ninguno
47,BELLE,Belleza,2025-10-01,2025,10,72.83,35.45,37.379999999999995,0.5132500343265137,False,False,Ninguno
47,BELLE,Belleza,2025-11-01,2025,11,72.59,35.54,37.050000000000004,0.5104008816641411,False,False,Ninguno
48,DEPOR,Deportes,2018-07-01,2018,7,97.88,66.36,31.519999999999996,0.32202697180220674,False,False,Ninguno
48,DEPOR,Deportes,2018-08-01,2018,8,97.71,66.16,31.549999999999997,0.32289427898884454,False,False,Esporádico
48,DEPOR,Deportes,2018-09-01,2018,9,97.58,66.28,31.299999999999997,0.3207624513219922,False,False,Ninguno
48,DEPOR,Deportes,2018-10-01,2018,10,97.82,66.26,31.559999999999988,0.3226334083009608,False,False,Ninguno
48,DEPOR,Deportes,2018-11-01,2018,11,97.92,66.22,31.700000000000003,0.32373366013071897,False,False,Ninguno
48,DEPOR,Deportes,2018-12-01,2018,12,97.66,66.36,31.299999999999997,0.320499692811796,False,False,Ninguno
48,DEPOR,Deportes,2019-01-01,2019,1,97.53,66.36,31.17,0.3195939710858198,False,False,Esporádico
48,DEPOR,Deportes,2019-02-01,2019,2,93.93,68.83,25.10000000000001,0.26722027041413826,True,True,Febrero
48,DEPOR,Deportes,2019-03-01,2019,3,93.87,68.9,24.97,0.2660061787578566,False,False,Ninguno
48,DEPOR,Deportes,2019-04-01,2019,4,96.31,70.12,26.189999999999998,0.2719343785692036,True,True,Esporádico
48,DEPOR,Deportes,2019-05-01,2019,5,96.4,70.24,26.16000000000001,0.2713692946058092,False,False,Ninguno
48,DEPOR,Deportes,2019-06-01,2019,6,96.06,70.3,25.760000000000005,0.26816572975223824,False,False,Ninguno
48,DEPOR,Deportes,2019-07-01,2019,7,102.4,70.13,32.27000000000001,0.3151367187500001,False,True,Julio
48,DEPOR,Deportes,2019-08-01,2019,8,102.59,70.16,32.43000000000001,0.3161126815479092,False,False,Ninguno
48,DEPOR,Deportes,2019-09-01,2019,9,102.56,70.23,32.33,0.31523010920436817,False,False,Ninguno
48,DEPOR,Deportes,2019-10-01,2019,10,102.53,70.26,32.269999999999996,0.314737150102409,False,False,Esporádico
48,DEPOR,Deportes,2019-11-01,2019,11,102.26,70.25,32.010000000000005,0.3130256209661647,False,False,Ninguno
48,DEPOR,Deportes,2019-12-01,2019,12,102.21,70.09,32.11999999999999,0.3142549652675863,False,False,Ninguno
48,DEPOR,Deportes,2020-01-01,2020,1,102.3,70.03,32.269999999999996,0.31544477028347995,False,False,Ninguno
48,DEPOR,Deportes,2020-02-01,2020,2,118.06,72.84,45.22,0.3830255802134508,True,True,Febrero
48,DEPOR,Deportes,2020-03-01,2020,3,118.25,72.68,45.56999999999999,0.3853699788583509,False,False,Ninguno
48,DEPOR,Deportes,2020-04-01,2020,4,118.51,72.68,45.83,0.38671842038646526,False,False,Ninguno
48,DEPOR,Deportes,2020-05-01,2020,5,118.35,72.73,45.61999999999999,0.38546683565694967,False,False,Ninguno
48,DEPOR,Deportes,2020-06-01,2020,6,118.52,72.82,45.7,0.3855889301383733,False,False,Ninguno
48,DEPOR,Deportes,2020-07-01,2020,7,125.49,70.7,54.78999999999999,0.4366084947007729,True,True,Julio
48,DEPOR,Deportes,2020-08-01,2020,8,125.63,70.59,55.03999999999999,0.43811191594364396,False,False,Ninguno
48,DEPOR,Deportes,2020-09-01,2020,9,125.45,70.68,54.769999999999996,0.4365882821841371,False,False,Ninguno
48,DEPOR,Deportes,2020-10-01,2020,10,125.85,70.77,55.08,0.4376638855780691,False,False,Ninguno
48,DEPOR,Deportes,2020-11-01,2020,11,125.3,70.65,54.64999999999999,0.43615323224261765,False,False,Esporádico
48,DEPOR,Deportes,2020-12-01,2020,12,125.27,70.82,54.45,0.4346611319549773,False,False,Ninguno
48,DEPOR,Deportes,2021-01-01,2021,1,125.74,70.84,54.89999999999999,0.43661523779226974,False,False,Ninguno
48,DEPOR,Deportes,2021-02-01,2021,2,125.44,71.99,53.45,0.42610012755102045,True,False,Febrero
48,DEPOR,Deportes,2021-03-01,2021,3,125.73,72.03,53.7,0.42710570269625386,False,False,Ninguno
48,DEPOR,Deportes,2021-04-01,2021,4,125.75,72.14,53.61,0.4263220675944334,False,True,Esporádico
48,DEPOR,Deportes,2021-05-01,2021,5,125.33,72.07,53.260000000000005,0.4249581105880476,False,False,Ninguno
48,DEPOR,Deportes,2021-06-01,2021,6,132.46,73.52,58.94000000000001,0.444964517590216,True,True,Esporádico
48,DEPOR,Deportes,2021-07-01,2021,7,132.4,75.16,57.24000000000001,0.43232628398791545,True,False,Julio
48,DEPOR,Deportes,2021-08-01,2021,8,131.93,75.09,56.84,0.4308345334647161,False,False,Esporádico
48,DEPOR,Deportes,2021-09-01,2021,9,132.09,75.18,56.91,0.4308426073131955,False,False,Ninguno
48,DEPOR,Deportes,2021-10-01,2021,10,132.35,75.14,57.209999999999994,0.4322629391764261,False,False,Ninguno
48,DEPOR,Deportes,2021-11-01,2021,11,132.32,75.16,57.16,0.4319830713422007,False,False,Ninguno
48,DEPOR,Deportes,2021-12-01,2021,12,132.42,75.17,57.249999999999986,0.4323365050596586,False,False,Ninguno
48,DEPOR,Deportes,2022-01-01,2022,1,132.26,75.22,57.03999999999999,0.43127173748676845,False,False,Ninguno
48,DEPOR,Deportes,2022-02-01,2022,2,138.13,81.66,56.47,0.40881778035184246,True,True,Febrero
48,DEPOR,Deportes,2022-03-01,2022,3,137.55,81.71,55.84000000000002,0.40596146855688847,False,False,Ninguno
48,DEPOR,Deportes,2022-04-01,2022,4,137.52,81.82,55.70000000000002,0.40503199534613155,False,False,Ninguno
48,DEPOR,Deportes,2022-05-01,2022,5,138.12,81.77,56.35000000000001,0.4079785693599769,False,False,Ninguno
48,DEPOR,Deportes,2022-06-01,2022,6,137.54,81.84,55.69999999999999,0.40497309873491344,False,False,Ninguno
48,DEPOR,Deportes,2022-07-01,2022,7,137.85,81.72,56.129999999999995,0.40718171926006524,False,False,Julio
48,DEPOR,Deportes,2022-08-01,2022,8,137.57,81.63,55.94,0.406629352329723,False,False,Ninguno
48,DEPOR,Deportes,2022-09-01,2022,9,137.89,81.71,56.17999999999999,0.4074262092972659,False,False,Ninguno
48,DEPOR,Deportes,2022-10-01,2022,10,138.0,81.56,56.44,0.4089855072463768,False,False,Ninguno
48,DEPOR,Deportes,2022-11-01,2022,11,138.13,81.77,56.36,0.4080214290885398,False,False,Ninguno
48,DEPOR,Deportes,2022-12-01,2022,12,137.83,81.82,56.01000000000002,0.40637016614670257,False,False,Ninguno
48,DEPOR,Deportes,2023-01-01,2023,1,138.21,81.84,56.370000000000005,0.4078576079878446,False,False,Ninguno
48,DEPOR,Deportes,2023-02-01,2023,2,143.88,83.29,60.58999999999999,0.42111481790380867,True,True,Febrero
48,DEPOR,Deportes,2023-03-01,2023,3,144.03,83.35,60.68000000000001,0.4213011178226759,False,False,Esporádico
48,DEPOR,Deportes,2023-04-01,2023,4,143.48,83.32,60.16,0.41929188737106216,False,False,Esporádico
48,DEPOR,Deportes,2023-05-01,2023,5,143.49,86.52,56.97000000000001,0.3970311519966549,True,False,Esporádico
48,DEPOR,Deportes,2023-06-01,2023,6,143.47,86.51,56.959999999999994,0.39701679793685085,False,False,Ninguno
48,DEPOR,Deportes,2023-07-01,2023,7,153.24,88.21,65.03000000000002,0.42436700600365446,True,True,Julio
48,DEPOR,Deportes,2023-08-01,2023,8,153.39,88.23,65.15999999999998,0.4247995306082534,False,False,Ninguno
48,DEPOR,Deportes,2023-09-01,2023,9,153.62,88.13,65.49000000000001,0.4263116781669054,False,False,Ninguno
48,DEPOR,Deportes,2023-10-01,2023,10,153.17,88.01,65.15999999999998,0.42540967552392756,False,False,Ninguno
48,DEPOR,Deportes,2023-11-01,2023,11,153.67,88.23,65.43999999999998,0.4258475954968438,False,False,Ninguno
48,DEPOR,Deportes,2023-12-01,2023,12,153.67,88.25,65.41999999999999,0.42571744647621523,False,False,Ninguno
48,DEPOR,Deportes,2024-01-01,2024,1,153.6,87.95,65.64999999999999,0.42740885416666663,False,False,Ninguno
48,DEPOR,Deportes,2024-02-01,2024,2,153.35,90.41,62.94,0.4104336485164656,True,False,Febrero
48,DEPOR,Deportes,2024-03-01,2024,3,153.14,90.43,62.70999999999998,0.4094945801227634,False,False,Ninguno
48,DEPOR,Deportes,2024-04-01,2024,4,153.67,90.26,63.40999999999998,0.4126374699030389,False,False,Ninguno
48,DEPOR,Deportes,2024-05-01,2024,5,152.97,90.53,62.44,0.4081846113617049,False,False,Ninguno
48,DEPOR,Deportes,2024-06-01,2024,6,153.42,90.52,62.89999999999999,0.4099856602789727,False,False,Ninguno
48,DEPOR,Deportes,2024-07-01,2024,7,166.54,92.3,74.24,0.44577879188183017,True,True,Julio
48,DEPOR,Deportes,2024-08-01,2024,8,166.09,92.27,73.82000000000001,0.4444578240712867,False,False,Ninguno
48,DEPOR,Deportes,2024-09-01,2024,9,170.86,92.11,78.75000000000001,0.46090366381833087,False,True,Esporádico
48,DEPOR,Deportes,2024-10-01,2024,10,171.58,92.28,79.30000000000001,0.46217507868049895,False,False,Ninguno
48,DEPOR,Deportes,2024-11-01,2024,11,171.54,94.13,77.41,0.45126501107613387,True,False,Esporádico
48,DEPOR,Deportes,2024-12-01,2024,12,171.54,94.16,77.38,0.45109012475224436,False,False,Ninguno
48,DEPOR,Deportes,2025-01-01,2025,1,171.42,94.08,77.33999999999999,0.4511725586279314,False,False,Ninguno
48,DEPOR,Deportes,2025-02-01,2025,2,176.8,95.95,80.85000000000001,0.4572963800904978,True,True,Febrero
48,DEPOR,Deportes,2025-03-01,2025,3,175.96,96.09,79.87,0.45390997954080475,False,False,Ninguno
48,DEPOR,Deportes,2025-04-01,2025,4,176.19,95.83,80.36,0.456098529996027,False,False,Ninguno
48,DEPOR,Deportes,2025-05-01,2025,5,176.47,95.87,80.6,0.45673485578285256,False,False,Ninguno
48,DEPOR,Deportes,2025-06-01,2025,6,176.83,96.11,80.72000000000001,0.4564836283436069,False,False,Ninguno
48,DEPOR,Deportes,2025-07-01,2025,7,183.1,101.06,82.03999999999999,0.44806116876024027,True,True,Julio
48,DEPOR,Deportes,2025-08-01,2025,8,183.34,101.2,82.14,0.4480200719973819,False,False,Ninguno
48,DEPOR,Deportes,2025-09-01,2025,9,182.93,101.06,81.87,0.44754824249713004,False,False,Ninguno
48,DEPOR,Deportes,2025-10-01,2025,10,196.39,102.54,93.84999999999998,0.4778756555832781,True,True,Esporádico
48,DEPOR,Deportes,2025-11-01,2025,11,196.56,105.73,90.83,0.4620980870980871,True,False,Esporádico
49,HERR,Herramientas,2018-07-01,2018,7,109.21,76.44,32.769999999999996,0.3000640966944419,False,False,Ninguno
49,HERR,Herramientas,2018-08-01,2018,8,109.72,76.65,33.06999999999999,0.3014035727305869,False,False,Ninguno
49,HERR,Herramientas,2018-09-01,2018,9,109.61,76.68,32.92999999999999,0.30042879299333997,False,False,Ninguno
49,HERR,Herramientas,2018-10-01,2018,10,109.71,76.66,33.05,0.30124874669583446,False,False,Ninguno
49,HERR,Herramientas,2018-11-01,2018,11,109.54,76.63,32.91000000000001,0.3004381960927516,False,False,Ninguno
49,HERR,Herramientas,2018-12-01,2018,12,116.84,77.72,39.120000000000005,0.3348168435467306,True,True,Esporádico
49,HERR,Herramientas,2019-01-01,2019,1,119.49,77.76,41.72999999999999,0.3492342455435601,False,True,Esporádico
49,HERR,Herramientas,2019-02-01,2019,2,136.0,72.48,63.519999999999996,0.46705882352941175,True,True,Febrero
49,HERR,Herramientas,2019-03-01,2019,3,135.52,72.39,63.13000000000001,0.4658353010625738,False,False,Ninguno
49,HERR,Herramientas,2019-04-01,2019,4,136.09,72.42,63.67,0.46785215666103314,False,False,Ninguno
49,HERR,Herramientas,2019-05-01,2019,5,136.26,72.38,63.879999999999995,0.4688096286511082,False,False,Ninguno
49,HERR,Herramientas,2019-06-01,2019,6,135.68,72.41,63.27000000000001,0.46631780660377364,False,False,Ninguno
49,HERR,Herramientas,2019-07-01,2019,7,134.54,72.35,62.19,0.4622417125018582,False,True,Julio
49,HERR,Herramientas,2019-08-01,2019,8,134.42,72.6,61.81999999999999,0.45990180032733224,False,False,Esporádico
49,HERR,Herramientas,2019-09-01,2019,9,134.28,72.43,61.849999999999994,0.4606047065832588,False,True,Esporádico
49,HERR,Herramientas,2019-10-01,2019,10,134.09,72.63,61.46000000000001,0.4583488701618317,False,False,Ninguno
49,HERR,Herramientas,2019-11-01,2019,11,134.25,72.56,61.69,0.45951582867783985,False,False,Ninguno
49,HERR,Herramientas,2019-12-01,2019,12,134.26,72.43,61.829999999999984,0.46052435572769246,False,False,Ninguno
49,HERR,Herramientas,2020-01-01,2020,1,134.54,72.37,62.16999999999999,0.4620930578266686,False,False,Ninguno
49,HERR,Herramientas,2020-02-01,2020,2,128.28,74.08,54.2,0.42251325226067976,True,True,Febrero
49,HERR,Herramientas,2020-03-01,2020,3,128.75,74.06,54.69,0.4247766990291262,False,False,Ninguno
49,HERR,Herramientas,2020-04-01,2020,4,128.5,74.08,54.42,0.42350194552529186,False,False,Ninguno
49,HERR,Herramientas,2020-05-01,2020,5,128.41,74.01,54.39999999999999,0.4236430184565064,False,False,Ninguno
49,HERR,Herramientas,2020-06-01,2020,6,128.47,73.85,54.620000000000005,0.4251576243480969,False,False,Ninguno
49,HERR,Herramientas,2020-07-01,2020,7,128.88,73.84,55.03999999999999,0.42706393544382365,False,False,Julio
49,HERR,Herramientas,2020-08-01,2020,8,133.58,75.43,58.150000000000006,0.43531965863153166,True,True,Esporádico
49,HERR,Herramientas,2020-09-01,2020,9,133.5,75.31,58.19,0.43588014981273404,False,False,Ninguno
49,HERR,Herramientas,2020-10-01,2020,10,133.8,75.36,58.44000000000001,0.43677130044843054,False,False,Ninguno
49,HERR,Herramientas,2020-11-01,2020,11,133.83,75.5,58.33000000000001,0.43585145333632225,False,False,Esporádico
49,HERR,Herramientas,2020-12-01,2020,12,133.28,75.28,58.0,0.43517406962785116,False,False,Ninguno
49,HERR,Herramientas,2021-01-01,2021,1,133.06,75.33,57.730000000000004,0.43386442206523373,False,False,Ninguno
49,HERR,Herramientas,2021-02-01,2021,2,133.25,76.93,56.31999999999999,0.42266416510318944,True,True,Febrero
49,HERR,Herramientas,2021-03-01,2021,3,132.85,76.99,55.86,0.42047421904403465,False,False,Ninguno
49,HERR,Herramientas,2021-04-01,2021,4,132.9,76.89,56.010000000000005,0.4214446952595937,False,False,Ninguno
49,HERR,Herramientas,2021-05-01,2021,5,133.04,76.83,56.209999999999994,0.422504509921828,False,False,Ninguno
49,HERR,Herramientas,2021-06-01,2021,6,133.22,76.89,56.33,0.4228344092478607,False,False,Ninguno
49,HERR,Herramientas,2021-07-01,2021,7,142.34,76.96,65.38000000000001,0.45932274834902354,False,True,Julio
49,HERR,Herramientas,2021-08-01,2021,8,142.69,76.84,65.85,0.4614899432335833,False,False,Ninguno
49,HERR,Herramientas,2021-09-01,2021,9,142.22,76.93,65.28999999999999,0.4590774855857122,False,False,Ninguno
49,HERR,Herramientas,2021-10-01,2021,10,142.69,76.32,66.37,0.46513420702221603,True,False,Esporádico
49,HERR,Herramientas,2021-11-01,2021,11,142.48,76.34,66.13999999999999,0.46420550252667037,False,False,Ninguno
49,HERR,Herramientas,2021-12-01,2021,12,142.52,76.41,66.11000000000001,0.4638647207409487,False,False,Ninguno
49,HERR,Herramientas,2022-01-01,2022,1,142.77,76.54,66.23,0.4638929747145759,False,False,Ninguno
49,HERR,Herramientas,2022-02-01,2022,2,148.44,78.01,70.42999999999999,0.4744677984370789,True,True,Febrero
49,HERR,Herramientas,2022-03-01,2022,3,148.08,78.02,70.06000000000002,0.47312263641274993,False,False,Ninguno
49,HERR,Herramientas,2022-04-01,2022,4,155.46,77.87,77.59,0.49909944680303614,False,True,Esporádico
49,HERR,Herramientas,2022-05-01,2022,5,155.42,77.92,77.49999999999999,0.4986488225453609,False,False,Ninguno
49,HERR,Herramientas,2022-06-01,2022,6,155.14,77.83,77.30999999999999,0.4983240943663787,False,False,Ninguno
49,HERR,Herramientas,2022-07-01,2022,7,167.65,80.46,87.19000000000001,0.5200715776916195,True,True,Julio
49,HERR,Herramientas,2022-08-01,2022,8,167.55,80.37,87.18,0.5203222918531781,False,False,Ninguno
49,HERR,Herramientas,2022-09-01,2022,9,167.54,80.45,87.08999999999999,0.5198161633042855,False,False,Ninguno
49,HERR,Herramientas,2022-10-01,2022,10,167.5,80.48,87.02,0.5195223880597015,False,False,Ninguno
49,HERR,Herramientas,2022-11-01,2022,11,167.28,80.32,86.96000000000001,0.5198469631755142,False,False,Ninguno
49,HERR,Herramientas,2022-12-01,2022,12,167.36,80.26,87.10000000000001,0.5204349904397706,False,False,Ninguno
49,HERR,Herramientas,2023-01-01,2023,1,167.86,80.49,87.37000000000002,0.5204932681996903,False,False,Ninguno
49,HERR,Herramientas,2023-02-01,2023,2,177.45,82.16,95.28999999999999,0.536996336996337,True,True,Febrero
49,HERR,Herramientas,2023-03-01,2023,3,176.79,82.1,94.69,0.5356072176028056,False,False,Ninguno
49,HERR,Herramientas,2023-04-01,2023,4,176.71,81.93,94.78,0.5363590062814781,False,False,Ninguno
49,HERR,Herramientas,2023-05-01,2023,5,177.07,82.09,94.97999999999999,0.536398034675552,False,False,Esporádico
49,HERR,Herramientas,2023-06-01,2023,6,177.06,82.12,94.94,0.536202417259686,False,False,Ninguno
49,HERR,Herramientas,2023-07-01,2023,7,191.39,81.9,109.48999999999998,0.5720779560060608,False,True,Julio
49,HERR,Herramientas,2023-08-01,2023,8,191.67,81.97,109.69999999999999,0.572337872384828,False,False,Esporádico
49,HERR,Herramientas,2023-09-01,2023,9,192.07,81.97,110.1,0.5732285104389024,False,False,Ninguno
49,HERR,Herramientas,2023-10-01,2023,10,191.6,81.89,109.71,0.5725991649269311,False,False,Ninguno
49,HERR,Herramientas,2023-11-01,2023,11,191.27,82.13,109.14000000000001,0.5706069953468919,False,False,Esporádico
49,HERR,Herramientas,2023-12-01,2023,12,192.33,82.17,110.16000000000001,0.5727655591951334,False,False,Ninguno
49,HERR,Herramientas,2024-01-01,2024,1,191.53,81.89,109.64,0.5724429593275205,False,False,Ninguno
49,HERR,Herramientas,2024-02-01,2024,2,214.33,83.43,130.9,0.610740446974292,True,True,Febrero
49,HERR,Herramientas,2024-03-01,2024,3,213.65,83.49,130.16000000000003,0.609220688041189,False,False,Ninguno
49,HERR,Herramientas,2024-04-01,2024,4,214.41,83.51,130.89999999999998,0.6105125693764283,False,False,Esporádico
49,HERR,Herramientas,2024-05-01,2024,5,214.64,83.43,131.20999999999998,0.6113026462914647,False,False,Ninguno
49,HERR,Herramientas,2024-06-01,2024,6,213.76,83.47,130.29,0.6095153443113772,False,False,Ninguno
49,HERR,Herramientas,2024-07-01,2024,7,219.02,83.4,135.62,0.6192128572733083,False,True,Julio
49,HERR,Herramientas,2024-08-01,2024,8,219.12,83.55,135.57,0.6187020810514786,False,False,Ninguno
49,HERR,Herramientas,2024-09-01,2024,9,219.62,83.47,136.15,0.6199344322010746,False,False,Ninguno
49,HERR,Herramientas,2024-10-01,2024,10,234.76,81.27,153.49,0.6538166638268871,True,True,Esporádico
49,HERR,Herramientas,2024-11-01,2024,11,234.19,81.07,153.12,0.6538280883043682,False,False,Ninguno
49,HERR,Herramientas,2024-12-01,2024,12,234.38,81.11,153.26999999999998,0.6539380493216144,False,False,Ninguno
49,HERR,Herramientas,2025-01-01,2025,1,235.38,81.16,154.22,0.6551958535134675,False,False,Ninguno
49,HERR,Herramientas,2025-02-01,2025,2,255.93,86.35,169.58,0.6626030555229946,True,True,Febrero
49,HERR,Herramientas,2025-03-01,2025,3,255.95,86.34,169.60999999999999,0.6626684899394413,False,False,Ninguno
49,HERR,Herramientas,2025-04-01,2025,4,254.82,86.28,168.54,0.6614080527431128,False,False,Ninguno
49,HERR,Herramientas,2025-05-01,2025,5,255.52,86.48,169.04000000000002,0.6615529117094553,False,False,Ninguno
49,HERR,Herramientas,2025-06-01,2025,6,256.06,86.49,169.57,0.6622276029055689,False,False,Ninguno
49,HERR,Herramientas,2025-07-01,2025,7,248.01,86.36,161.64999999999998,0.6517882343453892,False,True,Julio
49,HERR,Herramientas,2025-08-01,2025,8,248.63,86.4,162.23,0.6524956763061577,False,False,Ninguno
49,HERR,Herramientas,2025-09-01,2025,9,248.28,86.28,162.0,0.652489125181247,False,False,Ninguno
49,HERR,Herramientas,2025-10-01,2025,10,247.65,86.43,161.22,0.6509993943064809,False,False,Ninguno
49,HERR,Herramientas,2025-11-01,2025,11,248.35,86.46,161.89,0.6518622911214013,False,False,Ninguno
50,ROPA,Ropa,2018-07-01,2018,7,181.84,114.17,67.67,0.37214034315882094,False,False,Ninguno
50,ROPA,Ropa,2018-08-01,2018,8,182.34,114.16,68.18,0.3739168586157728,False,False,Ninguno
50,ROPA,Ropa,2018-09-01,2018,9,182.11,114.14,67.97000000000001,0.3732359562901543,False,False,Ninguno
50,ROPA,Ropa,2018-10-01,2018,10,181.69,114.36,67.33,0.37057625626066376,False,False,Ninguno
50,ROPA,Ropa,2018-11-01,2018,11,181.96,114.15,67.81,0.3726643218289734,False,False,Ninguno
50,ROPA,Ropa,2018-12-01,2018,12,181.59,114.39,67.2,0.3700644308607302,False,False,Ninguno
50,ROPA,Ropa,2019-01-01,2019,1,181.62,114.54,67.08,0.36934258341592335,False,False,Ninguno
50,ROPA,Ropa,2019-02-01,2019,2,175.3,117.89,57.41000000000001,0.3274957216200799,True,True,Febrero
50,ROPA,Ropa,2019-03-01,2019,3,175.31,117.49,57.82000000000001,0.32981575494837717,False,False,Ninguno
50,ROPA,Ropa,2019-04-01,2019,4,175.45,117.73,57.719999999999985,0.3289826161299515,False,False,Ninguno
50,ROPA,Ropa,2019-05-01,2019,5,174.97,117.78,57.19,0.3268560324627079,False,False,Ninguno
50,ROPA,Ropa,2019-06-01,2019,6,175.77,117.59,58.18000000000001,0.33100073960289017,False,False,Ninguno
50,ROPA,Ropa,2019-07-01,2019,7,175.79,119.85,55.94,0.31822060412992775,True,False,Julio
50,ROPA,Ropa,2019-08-01,2019,8,175.55,119.97,55.58000000000001,0.3166049558530334,False,False,Ninguno
50,ROPA,Ropa,2019-09-01,2019,9,174.98,119.87,55.109999999999985,0.3149502800320036,False,False,Ninguno
50,ROPA,Ropa,2019-10-01,2019,10,175.04,119.91,55.129999999999995,0.3149565813528336,False,False,Ninguno
50,ROPA,Ropa,2019-11-01,2019,11,175.45,119.95,55.499999999999986,0.3163294385864918,False,False,Ninguno
50,ROPA,Ropa,2019-12-01,2019,12,175.74,120.08,55.66000000000001,0.3167178786844202,False,False,Ninguno
50,ROPA,Ropa,2020-01-01,2020,1,175.55,120.12,55.43000000000001,0.31575049843349473,False,False,Ninguno
50,ROPA,Ropa,2020-02-01,2020,2,180.97,123.01,57.959999999999994,0.3202740785765596,True,True,Febrero
50,ROPA,Ropa,2020-03-01,2020,3,181.43,122.6,58.83000000000001,0.32425728931268266,False,False,Ninguno
50,ROPA,Ropa,2020-04-01,2020,4,181.69,122.7,58.989999999999995,0.32467389509604266,False,False,Ninguno
50,ROPA,Ropa,2020-05-01,2020,5,180.8,123.02,57.780000000000015,0.31957964601769917,False,False,Ninguno
50,ROPA,Ropa,2020-06-01,2020,6,181.26,122.65,58.609999999999985,0.32334767736952436,False,False,Ninguno
50,ROPA,Ropa,2020-07-01,2020,7,192.38,126.48,65.89999999999999,0.3425512007485185,True,True,Julio
50,ROPA,Ropa,2020-08-01,2020,8,192.87,126.19,66.68,0.34572509980816096,False,False,Ninguno
50,ROPA,Ropa,2020-09-01,2020,9,196.84,129.0,67.84,0.34464539727697624,True,True,Esporádico
50,ROPA,Ropa,2020-10-01,2020,10,196.25,129.15,67.1,0.3419108280254777,False,False,Ninguno
50,ROPA,Ropa,2020-11-01,2020,11,196.73,128.81,67.91999999999999,0.34524475169013363,False,False,Ninguno
50,ROPA,Ropa,2020-12-01,2020,12,196.04,128.93,67.10999999999999,0.3423280963068761,False,False,Ninguno
50,ROPA,Ropa,2021-01-01,2021,1,196.05,129.17,66.88000000000002,0.3411374649324153,False,False,Ninguno
50,ROPA,Ropa,2021-02-01,2021,2,186.86,128.72,58.140000000000015,0.3111420314674088,False,True,Febrero
50,ROPA,Ropa,2021-03-01,2021,3,186.52,129.05,57.47,0.3081170920008578,False,False,Ninguno
50,ROPA,Ropa,2021-04-01,2021,4,186.55,128.87,57.68000000000001,0.3091932457786116,False,False,Ninguno
50,ROPA,Ropa,2021-05-01,2021,5,186.23,129.06,57.16999999999999,0.30698598507222247,False,False,Ninguno
50,ROPA,Ropa,2021-06-01,2021,6,186.42,129.18,57.23999999999998,0.30704859993562916,False,False,Ninguno
50,ROPA,Ropa,2021-07-01,2021,7,206.82,128.79,78.03,0.3772845953002611,False,True,Julio
50,ROPA,Ropa,2021-08-01,2021,8,205.97,128.82,77.15,0.3745691120066029,False,False,Ninguno
50,ROPA,Ropa,2021-09-01,2021,9,206.93,129.16,77.77000000000001,0.37582757454211574,False,False,Ninguno
50,ROPA,Ropa,2021-10-01,2021,10,213.61,131.73,81.88000000000002,0.38331538785637387,True,True,Esporádico
50,ROPA,Ropa,2021-11-01,2021,11,220.63,131.53,89.1,0.40384353895662417,False,True,Esporádico
50,ROPA,Ropa,2021-12-01,2021,12,220.38,131.75,88.63,0.4021689808512569,False,False,Ninguno
50,ROPA,Ropa,2022-01-01,2022,1,220.92,131.36,89.55999999999997,0.4053956183233749,False,False,Ninguno
50,ROPA,Ropa,2022-02-01,2022,2,227.93,136.23,91.70000000000002,0.4023165006800334,True,True,Febrero
50,ROPA,Ropa,2022-03-01,2022,3,228.6,136.08,92.51999999999998,0.4047244094488188,False,False,Ninguno
50,ROPA,Ropa,2022-04-01,2022,4,228.87,135.96,92.91,0.40595097653689866,False,False,Ninguno
50,ROPA,Ropa,2022-05-01,2022,5,228.22,136.12,92.1,0.4035579703794584,False,False,Ninguno
50,ROPA,Ropa,2022-06-01,2022,6,228.54,136.03,92.50999999999999,0.40478690819987745,False,False,Ninguno
50,ROPA,Ropa,2022-07-01,2022,7,228.0,142.29,85.71000000000001,0.375921052631579,True,False,Julio
50,ROPA,Ropa,2022-08-01,2022,8,227.64,142.21,85.42999999999998,0.37528553856967134,False,False,Ninguno
50,ROPA,Ropa,2022-09-01,2022,9,226.54,142.59,83.94999999999999,0.3705747329389953,False,True,Esporádico
50,ROPA,Ropa,2022-10-01,2022,10,226.45,142.47,83.97999999999999,0.37085449326562153,False,False,Ninguno
50,ROPA,Ropa,2022-11-01,2022,11,226.27,142.57,83.70000000000002,0.3699120519733063,False,False,Ninguno
50,ROPA,Ropa,2022-12-01,2022,12,226.11,142.59,83.52000000000001,0.36937773649993366,False,False,Ninguno
50,ROPA,Ropa,2023-01-01,2023,1,226.57,142.62,83.94999999999999,0.3705256653572847,False,False,Ninguno
50,ROPA,Ropa,2023-02-01,2023,2,227.11,142.41,84.70000000000002,0.3729470300735327,False,True,Febrero
50,ROPA,Ropa,2023-03-01,2023,3,227.18,142.17,85.01000000000002,0.37419667224227493,False,False,Ninguno
50,ROPA,Ropa,2023-04-01,2023,4,244.11,145.3,98.81,0.40477653516857154,True,True,Esporádico
50,ROPA,Ropa,2023-05-01,2023,5,243.35,145.32,98.03,0.40283542223135405,False,False,Ninguno
50,ROPA,Ropa,2023-06-01,2023,6,243.81,145.23,98.58000000000001,0.4043312415405439,False,False,Ninguno
50,ROPA,Ropa,2023-07-01,2023,7,265.72,151.82,113.90000000000003,0.42864669576998354,True,True,Julio
50,ROPA,Ropa,2023-08-01,2023,8,265.28,151.82,113.45999999999998,0.42769903498190587,False,False,Ninguno
50,ROPA,Ropa,2023-09-01,2023,9,265.77,151.84,113.92999999999998,0.4286789329119163,False,False,Ninguno
50,ROPA,Ropa,2023-10-01,2023,10,266.09,151.28,114.80999999999997,0.43147055507535037,False,False,Ninguno
50,ROPA,Ropa,2023-11-01,2023,11,265.38,151.55,113.82999999999998,0.42893209736980925,False,False,Ninguno
50,ROPA,Ropa,2023-12-01,2023,12,264.89,151.6,113.28999999999999,0.4276869644003171,False,False,Ninguno
50,ROPA,Ropa,2024-01-01,2024,1,265.97,151.54,114.43000000000004,0.4302364928375382,False,False,Ninguno
50,ROPA,Ropa,2024-02-01,2024,2,251.32,154.54,96.78,0.38508674200222826,True,True,Febrero
50,ROPA,Ropa,2024-03-01,2024,3,251.65,154.78,96.87,0.3849393999602623,False,False,Ninguno
50,ROPA,Ropa,2024-04-01,2024,4,250.61,154.66,95.95000000000002,0.38286580742987114,False,False,Ninguno
50,ROPA,Ropa,2024-05-01,2024,5,251.39,154.86,96.52999999999997,0.3839850431600301,False,False,Ninguno
50,ROPA,Ropa,2024-06-01,2024,6,251.27,154.64,96.63000000000002,0.38456640267441405,False,False,Ninguno
50,ROPA,Ropa,2024-07-01,2024,7,274.64,154.72,119.91999999999999,0.43664433440139816,False,True,Julio
50,ROPA,Ropa,2024-08-01,2024,8,274.1,154.72,119.38000000000002,0.43553447646844223,False,False,Ninguno
50,ROPA,Ropa,2024-09-01,2024,9,274.7,154.52,120.17999999999998,0.43749544958136144,False,False,Ninguno
50,ROPA,Ropa,2024-10-01,2024,10,274.07,154.39,119.68,0.43667676141131834,False,False,Ninguno
50,ROPA,Ropa,2024-11-01,2024,11,275.11,154.37,120.74000000000001,0.4388789938570027,False,False,Ninguno
50,ROPA,Ropa,2024-12-01,2024,12,275.66,154.78,120.88000000000002,0.4385112094609302,False,False,Ninguno
50,ROPA,Ropa,2025-01-01,2025,1,275.02,154.5,120.51999999999998,0.43822267471456616,False,False,Ninguno
50,ROPA,Ropa,2025-02-01,2025,2,302.36,161.56,140.8,0.4656700621775367,True,True,Febrero
50,ROPA,Ropa,2025-03-01,2025,3,303.68,161.63,142.05,0.4677621180189674,False,False,Ninguno
50,ROPA,Ropa,2025-04-01,2025,4,302.36,161.09,141.27,0.46722450059531684,False,False,Ninguno
50,ROPA,Ropa,2025-05-01,2025,5,302.81,161.1,141.71,0.46798322380370533,False,False,Ninguno
50,ROPA,Ropa,2025-06-01,2025,6,303.17,161.4,141.77,0.4676254246792229,False,False,Ninguno
50,ROPA,Ropa,2025-07-01,2025,7,307.61,164.32,143.29000000000002,0.46581710607587534,True,True,Julio
50,ROPA,Ropa,2025-08-01,2025,8,307.81,164.64,143.17000000000002,0.4651245898443846,False,False,Ninguno
50,ROPA,Ropa,2025-09-01,2025,9,307.3,164.47,142.83,0.46479010738691834,False,False,Ninguno
50,ROPA,Ropa,2025-10-01,2025,10,308.9,164.83,144.06999999999996,0.4663968921981223,False,False,Ninguno
50,ROPA,Ropa,2025-11-01,2025,11,307.76,164.51,143.25,0.46546009877826877,False,False,Ninguno
51,ALIM,Alimentos,2018-07-01,2018,7,20.86,16.02,4.84,0.23202301054650049,False,False,Ninguno
51,ALIM,Alimentos,2018-08-01,2018,8,20.8,16.03,4.77,0.22932692307692304,False,False,Ninguno
51,ALIM,Alimentos,2018-09-01,2018,9,20.86,16.03,4.829999999999998,0.23154362416107374,False,False,Ninguno
51,ALIM,Alimentos,2018-10-01,2018,10,20.75,16.04,4.710000000000001,0.22698795180722894,False,False,Ninguno
51,ALIM,Alimentos,2018-11-01,2018,11,20.8,16.01,4.789999999999999,0.2302884615384615,False,False,Ninguno
51,ALIM,Alimentos,2018-12-01,2018,12,20.83,16.01,4.819999999999997,0.23139702352376365,False,False,Ninguno
51,ALIM,Alimentos,2019-01-01,2019,1,20.83,16.04,4.789999999999999,0.22995679308689387,False,False,Ninguno
51,ALIM,Alimentos,2019-02-01,2019,2,23.61,17.05,6.559999999999999,0.2778483693350275,True,True,Febrero
51,ALIM,Alimentos,2019-03-01,2019,3,23.57,17.05,6.52,0.2766228256257955,False,False,Ninguno
51,ALIM,Alimentos,2019-04-01,2019,4,23.63,17.05,6.579999999999998,0.27845958527295805,False,False,Esporádico
51,ALIM,Alimentos,2019-05-01,2019,5,23.65,17.02,6.629999999999999,0.280338266384778,False,False,Esporádico
51,ALIM,Alimentos,2019-06-01,2019,6,23.59,17.04,6.550000000000001,0.2776600254345062,False,False,Ninguno
51,ALIM,Alimentos,2019-07-01,2019,7,23.62,17.0,6.620000000000001,0.28027095681625747,False,False,Julio
51,ALIM,Alimentos,2019-08-01,2019,8,23.68,17.04,6.640000000000001,0.28040540540540543,False,False,Ninguno
51,ALIM,Alimentos,2019-09-01,2019,9,23.63,17.06,6.57,0.27803639441388067,False,False,Ninguno
51,ALIM,Alimentos,2019-10-01,2019,10,23.62,17.05,6.57,0.2781541066892464,False,False,Ninguno
51,ALIM,Alimentos,2019-11-01,2019,11,23.59,17.05,6.539999999999999,0.27723611699872824,False,False,Ninguno
51,ALIM,Alimentos,2019-12-01,2019,12,23.65,17.02,6.629999999999999,0.280338266384778,False,False,Ninguno
51,ALIM,Alimentos,2020-01-01,2020,1,23.66,17.0,6.66,0.28148774302620455,False,False,Ninguno
51,ALIM,Alimentos,2020-02-01,2020,2,24.63,18.19,6.439999999999998,0.2614697523345513,True,True,Febrero
51,ALIM,Alimentos,2020-03-01,2020,3,24.56,18.15,6.41,0.26099348534201955,False,False,Ninguno
51,ALIM,Alimentos,2020-04-01,2020,4,24.6,18.18,6.420000000000002,0.2609756097560976,False,False,Ninguno
51,ALIM,Alimentos,2020-05-01,2020,5,24.56,18.14,6.419999999999998,0.261400651465798,False,False,Ninguno
51,ALIM,Alimentos,2020-06-01,2020,6,24.62,18.2,6.420000000000002,0.26076360682372063,False,False,Ninguno
51,ALIM,Alimentos,2020-07-01,2020,7,26.25,20.34,5.91,0.22514285714285714,True,True,Julio
51,ALIM,Alimentos,2020-08-01,2020,8,26.22,20.33,5.890000000000001,0.22463768115942032,False,False,Ninguno
51,ALIM,Alimentos,2020-09-01,2020,9,26.29,20.32,5.969999999999999,0.22708254089007224,False,False,Ninguno
51,ALIM,Alimentos,2020-10-01,2020,10,26.35,20.29,6.060000000000002,0.22998102466793177,False,False,Ninguno
51,ALIM,Alimentos,2020-11-01,2020,11,26.22,20.33,5.890000000000001,0.22463768115942032,False,False,Esporádico
51,ALIM,Alimentos,2020-12-01,2020,12,26.28,20.31,5.970000000000002,0.22716894977168958,False,False,Ninguno
51,ALIM,Alimentos,2021-01-01,2021,1,26.35,20.3,6.050000000000001,0.22960151802656548,False,False,Ninguno
51,ALIM,Alimentos,2021-02-01,2021,2,30.37,20.29,10.080000000000002,0.3319064866644716,True,True,Febrero
51,ALIM,Alimentos,2021-03-01,2021,3,30.29,20.33,9.96,0.32882139319907566,False,False,Ninguno
51,ALIM,Alimentos,2021-04-01,2021,4,30.4,20.3,10.099999999999998,0.3322368421052631,False,False,Ninguno
51,ALIM,Alimentos,2021-05-01,2021,5,30.3,20.34,9.96,0.3287128712871287,False,False,Ninguno
51,ALIM,Alimentos,2021-06-01,2021,6,30.26,20.32,9.940000000000001,0.3284864507600793,False,False,Ninguno
51,ALIM,Alimentos,2021-07-01,2021,7,31.42,19.99,11.430000000000003,0.36378103119032473,True,True,Julio
51,ALIM,Alimentos,2021-08-01,2021,8,31.44,20.04,11.400000000000002,0.3625954198473283,False,False,Ninguno
51,ALIM,Alimentos,2021-09-01,2021,9,31.44,20.04,11.400000000000002,0.3625954198473283,False,False,Ninguno
51,ALIM,Alimentos,2021-10-01,2021,10,31.37,20.03,11.34,0.3614918712145362,False,False,Ninguno
51,ALIM,Alimentos,2021-11-01,2021,11,31.38,20.06,11.32,0.36073932441045253,False,False,Ninguno
51,ALIM,Alimentos,2021-12-01,2021,12,31.05,20.04,11.010000000000002,0.35458937198067636,False,True,Esporádico
51,ALIM,Alimentos,2022-01-01,2022,1,30.99,20.05,10.939999999999998,0.3530171022910616,False,False,Ninguno
51,ALIM,Alimentos,2022-02-01,2022,2,31.01,21.86,9.150000000000002,0.29506610770719127,True,False,Febrero
51,ALIM,Alimentos,2022-03-01,2022,3,31.0,21.88,9.120000000000001,0.2941935483870968,False,False,Ninguno
51,ALIM,Alimentos,2022-04-01,2022,4,30.91,21.91,9.0,0.2911679068262698,False,False,Ninguno
51,ALIM,Alimentos,2022-05-01,2022,5,31.0,21.87,9.129999999999999,0.29451612903225804,False,False,Ninguno
51,ALIM,Alimentos,2022-06-01,2022,6,31.3,21.61,9.690000000000001,0.30958466453674127,True,True,Esporádico
51,ALIM,Alimentos,2022-07-01,2022,7,31.33,22.27,9.059999999999999,0.2891796999680817,True,True,Julio
51,ALIM,Alimentos,2022-08-01,2022,8,31.39,22.3,9.09,0.2895826696400127,False,False,Ninguno
51,ALIM,Alimentos,2022-09-01,2022,9,31.36,22.31,9.05,0.28858418367346944,False,False,Ninguno
51,ALIM,Alimentos,2022-10-01,2022,10,31.22,22.25,8.969999999999999,0.2873158231902626,False,False,Ninguno
51,ALIM,Alimentos,2022-11-01,2022,11,31.24,22.26,8.979999999999997,0.28745198463508315,False,False,Ninguno
51,ALIM,Alimentos,2022-12-01,2022,12,31.34,22.29,9.05,0.2887683471601787,False,False,Ninguno
51,ALIM,Alimentos,2023-01-01,2023,1,31.37,22.23,9.14,0.291361173095314,False,False,Ninguno
51,ALIM,Alimentos,2023-02-01,2023,2,34.25,22.71,11.54,0.33693430656934303,True,True,Febrero
51,ALIM,Alimentos,2023-03-01,2023,3,34.25,22.68,11.57,0.3378102189781022,False,False,Ninguno
51,ALIM,Alimentos,2023-04-01,2023,4,34.35,22.74,11.610000000000003,0.33799126637554594,False,False,Ninguno
51,ALIM,Alimentos,2023-05-01,2023,5,34.25,22.71,11.54,0.33693430656934303,False,False,Ninguno
51,ALIM,Alimentos,2023-06-01,2023,6,35.94,22.76,13.179999999999996,0.36672231496939334,False,True,Esporádico
51,ALIM,Alimentos,2023-07-01,2023,7,35.91,23.27,12.639999999999997,0.351991088833194,True,False,Julio
51,ALIM,Alimentos,2023-08-01,2023,8,35.92,23.27,12.650000000000002,0.3521714922048998,False,False,Ninguno
51,ALIM,Alimentos,2023-09-01,2023,9,36.0,23.26,12.739999999999998,0.35388888888888886,False,False,Ninguno
51,ALIM,Alimentos,2023-10-01,2023,10,35.98,23.3,12.679999999999996,0.35241801000555856,False,False,Ninguno
51,ALIM,Alimentos,2023-11-01,2023,11,35.93,23.24,12.690000000000001,0.35318675201781247,False,False,Ninguno
51,ALIM,Alimentos,2023-12-01,2023,12,35.92,23.3,12.620000000000001,0.35133630289532297,False,False,Ninguno
51,ALIM,Alimentos,2024-01-01,2024,1,35.92,23.26,12.66,0.3524498886414254,False,False,Ninguno
51,ALIM,Alimentos,2024-02-01,2024,2,37.75,26.06,11.690000000000001,0.30966887417218547,True,True,Febrero
51,ALIM,Alimentos,2024-03-01,2024,3,37.8,26.12,11.679999999999996,0.30899470899470893,False,False,Ninguno
51,ALIM,Alimentos,2024-04-01,2024,4,37.88,26.1,11.780000000000001,0.3109820485744456,False,False,Ninguno
51,ALIM,Alimentos,2024-05-01,2024,5,37.75,26.12,11.629999999999999,0.3080794701986755,False,False,Ninguno
51,ALIM,Alimentos,2024-06-01,2024,6,37.68,26.13,11.55,0.3065286624203822,False,False,Ninguno
51,ALIM,Alimentos,2024-07-01,2024,7,37.73,26.58,11.149999999999999,0.29552080572488737,True,False,Julio
51,ALIM,Alimentos,2024-08-01,2024,8,37.81,26.58,11.230000000000004,0.29701137265273747,False,False,Ninguno
51,ALIM,Alimentos,2024-09-01,2024,9,37.84,26.59,11.250000000000004,0.2973044397463003,False,False,Ninguno
51,ALIM,Alimentos,2024-10-01,2024,10,37.83,26.64,11.189999999999998,0.29579698651863595,False,False,Ninguno
51,ALIM,Alimentos,2024-11-01,2024,11,37.88,26.57,11.310000000000002,0.29857444561774027,False,False,Ninguno
51,ALIM,Alimentos,2024-12-01,2024,12,37.71,26.58,11.130000000000003,0.29514717581543365,False,False,Ninguno
51,ALIM,Alimentos,2025-01-01,2025,1,37.8,26.56,11.239999999999998,0.2973544973544973,False,False,Ninguno
51,ALIM,Alimentos,2025-02-01,2025,2,38.21,27.11,11.100000000000001,0.2904998691442031,True,True,Febrero
51,ALIM,Alimentos,2025-03-01,2025,3,38.24,27.17,11.07,0.28948744769874474,False,False,Ninguno
51,ALIM,Alimentos,2025-04-01,2025,4,38.12,27.11,11.009999999999998,0.28882476390346273,False,False,Ninguno
51,ALIM,Alimentos,2025-05-01,2025,5,38.07,27.18,10.89,0.2860520094562648,False,False,Ninguno
51,ALIM,Alimentos,2025-06-01,2025,6,38.11,27.17,10.939999999999998,0.2870637627919181,False,False,Ninguno
51,ALIM,Alimentos,2025-07-01,2025,7,39.2,28.54,10.660000000000004,0.2719387755102042,True,True,Julio
51,ALIM,Alimentos,2025-08-01,2025,8,39.2,28.5,10.700000000000003,0.27295918367346944,False,False,Ninguno
51,ALIM,Alimentos,2025-09-01,2025,9,39.08,28.55,10.529999999999998,0.26944728761514836,False,False,Ninguno
51,ALIM,Alimentos,2025-10-01,2025,10,38.97,29.11,9.86,0.2530151398511676,True,True,Esporádico
51,ALIM,Alimentos,2025-11-01,2025,11,38.97,29.08,9.89,0.2537849627918912,False,False,Ninguno
52,LIBRO,Libros,2018-07-01,2018,7,36.99,27.34,9.650000000000002,0.2608813192754799,False,False,Ninguno
52,LIBRO,Libros,2018-08-01,2018,8,37.01,27.44,9.569999999999997,0.2585787624966225,False,False,Ninguno
52,LIBRO,Libros,2018-09-01,2018,9,36.99,27.41,9.580000000000002,0.25898891592322254,False,False,Ninguno
52,LIBRO,Libros,2018-10-01,2018,10,37.09,27.35,9.740000000000002,0.2626044755998922,False,False,Ninguno
52,LIBRO,Libros,2018-11-01,2018,11,37.19,27.39,9.799999999999997,0.2635116966926593,False,False,Ninguno
52,LIBRO,Libros,2018-12-01,2018,12,37.15,27.44,9.709999999999997,0.2613728129205921,False,False,Ninguno
52,LIBRO,Libros,2019-01-01,2019,1,37.08,27.4,9.68,0.26105717367853293,False,False,Ninguno
52,LIBRO,Libros,2019-02-01,2019,2,42.73,27.75,14.979999999999997,0.3505733676573835,True,True,Febrero
52,LIBRO,Libros,2019-03-01,2019,3,42.59,27.71,14.880000000000003,0.3493777882131956,False,False,Ninguno
52,LIBRO,Libros,2019-04-01,2019,4,42.66,27.79,14.869999999999997,0.3485700890764182,False,False,Ninguno
52,LIBRO,Libros,2019-05-01,2019,5,42.61,27.73,14.879999999999999,0.34921379957756393,False,False,Ninguno
52,LIBRO,Libros,2019-06-01,2019,6,42.59,27.77,14.820000000000004,0.3479690068091102,False,False,Ninguno
52,LIBRO,Libros,2019-07-01,2019,7,46.34,28.6,17.740000000000002,0.38282261545101426,True,True,Julio
52,LIBRO,Libros,2019-08-01,2019,8,46.38,28.58,17.800000000000004,0.3837861147046141,False,False,Ninguno
52,LIBRO,Libros,2019-09-01,2019,9,46.54,28.53,18.009999999999998,0.3869789428448646,False,False,Ninguno
52,LIBRO,Libros,2019-10-01,2019,10,46.41,28.56,17.849999999999998,0.3846153846153846,False,False,Ninguno
52,LIBRO,Libros,2019-11-01,2019,11,46.54,28.28,18.259999999999998,0.3923506660936828,True,False,Esporádico
52,LIBRO,Libros,2019-12-01,2019,12,46.56,28.28,18.28,0.39261168384879724,False,False,Ninguno
52,LIBRO,Libros,2020-01-01,2020,1,46.34,28.35,17.990000000000002,0.38821752265861026,False,False,Ninguno
52,LIBRO,Libros,2020-02-01,2020,2,52.41,27.32,25.089999999999996,0.4787254340774661,True,True,Febrero
52,LIBRO,Libros,2020-03-01,2020,3,52.6,27.31,25.290000000000003,0.4807984790874525,False,False,Ninguno
52,LIBRO,Libros,2020-04-01,2020,4,52.45,27.37,25.080000000000002,0.47816968541468063,False,False,Ninguno
52,LIBRO,Libros,2020-05-01,2020,5,52.7,27.29,25.410000000000004,0.48216318785578755,False,False,Ninguno
52,LIBRO,Libros,2020-06-01,2020,6,52.59,27.36,25.230000000000004,0.479749001711352,False,False,Ninguno
52,LIBRO,Libros,2020-07-01,2020,7,56.32,27.33,28.990000000000002,0.5147372159090909,False,True,Julio
52,LIBRO,Libros,2020-08-01,2020,8,56.15,27.32,28.83,0.5134461264470169,False,False,Ninguno
52,LIBRO,Libros,2020-09-01,2020,9,56.21,27.36,28.85,0.513253869418253,False,False,Ninguno
52,LIBRO,Libros,2020-10-01,2020,10,56.18,27.39,28.79,0.5124599501601993,False,False,Ninguno
52,LIBRO,Libros,2020-11-01,2020,11,56.38,27.38,29.000000000000004,0.5143667967364314,False,False,Ninguno
52,LIBRO,Libros,2020-12-01,2020,12,56.34,27.31,29.030000000000005,0.515264465743699,False,False,Ninguno
52,LIBRO,Libros,2021-01-01,2021,1,56.38,27.33,29.050000000000004,0.5152536360411494,False,False,Ninguno
52,LIBRO,Libros,2021-02-01,2021,2,58.84,28.2,30.640000000000004,0.5207341944255609,True,True,Febrero
52,LIBRO,Libros,2021-03-01,2021,3,59.04,28.22,30.82,0.5220189701897019,False,False,Ninguno
52,LIBRO,Libros,2021-04-01,2021,4,61.23,28.25,32.98,0.5386248570961947,False,True,Esporádico
52,LIBRO,Libros,2021-05-01,2021,5,61.14,28.23,32.91,0.5382728164867516,False,False,Ninguno
52,LIBRO,Libros,2021-06-01,2021,6,64.9,28.28,36.620000000000005,0.5642526964560863,False,True,Esporádico
52,LIBRO,Libros,2021-07-01,2021,7,68.76,28.81,39.95,0.5810063990692262,True,True,Julio
52,LIBRO,Libros,2021-08-01,2021,8,68.75,28.77,39.980000000000004,0.5815272727272728,False,False,Ninguno
52,LIBRO,Libros,2021-09-01,2021,9,68.56,28.82,39.74,0.5796382730455076,False,False,Esporádico
52,LIBRO,Libros,2021-10-01,2021,10,68.49,28.8,39.69,0.5795006570302234,False,False,Ninguno
52,LIBRO,Libros,2021-11-01,2021,11,68.79,28.79,40.00000000000001,0.5814798662596308,False,False,Ninguno
52,LIBRO,Libros,2021-12-01,2021,12,68.78,28.79,39.99,0.5814190171561501,False,False,Ninguno
52,LIBRO,Libros,2022-01-01,2022,1,71.48,28.76,42.72,0.5976496922216004,False,True,Esporádico
52,LIBRO,Libros,2022-02-01,2022,2,69.39,29.72,39.67,0.5716962098285056,True,True,Febrero
52,LIBRO,Libros,2022-03-01,2022,3,69.53,29.68,39.85,0.5731338990363872,False,False,Ninguno
52,LIBRO,Libros,2022-04-01,2022,4,69.74,29.71,40.029999999999994,0.5739891023802696,False,False,Esporádico
52,LIBRO,Libros,2022-05-01,2022,5,69.67,29.72,39.95,0.5734175398306302,False,False,Ninguno
52,LIBRO,Libros,2022-06-01,2022,6,69.65,29.74,39.91000000000001,0.5730078966259872,False,False,Ninguno
52,LIBRO,Libros,2022-07-01,2022,7,69.86,29.78,40.08,0.5737188663040367,False,True,Julio
52,LIBRO,Libros,2022-08-01,2022,8,69.79,29.77,40.02000000000001,0.573434589482734,False,False,Esporádico
52,LIBRO,Libros,2022-09-01,2022,9,69.92,29.68,40.24,0.5755148741418764,False,False,Ninguno
52,LIBRO,Libros,2022-10-01,2022,10,69.83,29.67,40.16,0.5751109838178433,False,False,Ninguno
52,LIBRO,Libros,2022-11-01,2022,11,69.9,29.7,40.2,0.575107296137339,False,False,Ninguno
52,LIBRO,Libros,2022-12-01,2022,12,69.83,29.79,40.04,0.5733925247028497,False,False,Ninguno
52,LIBRO,Libros,2023-01-01,2023,1,69.85,29.77,40.08,0.5738010021474589,False,False,Ninguno
52,LIBRO,Libros,2023-02-01,2023,2,79.77,31.16,48.61,0.6093769587564247,True,True,Febrero
52,LIBRO,Libros,2023-03-01,2023,3,79.74,31.13,48.61,0.6096062202157011,False,False,Ninguno
52,LIBRO,Libros,2023-04-01,2023,4,84.78,31.85,52.93,0.6243217740033027,True,True,Esporádico
52,LIBRO,Libros,2023-05-01,2023,5,85.01,31.74,53.27000000000001,0.6266321609222445,False,False,Ninguno
52,LIBRO,Libros,2023-06-01,2023,6,84.89,31.76,53.129999999999995,0.6258687713511603,False,False,Ninguno
52,LIBRO,Libros,2023-07-01,2023,7,86.55,30.4,56.15,0.6487579433853264,True,True,Julio
52,LIBRO,Libros,2023-08-01,2023,8,89.15,30.32,58.830000000000005,0.6598990465507572,False,True,Esporádico
52,LIBRO,Libros,2023-09-01,2023,9,88.8,30.39,58.41,0.6577702702702702,False,False,Ninguno
52,LIBRO,Libros,2023-10-01,2023,10,89.01,30.29,58.720000000000006,0.6597011571733513,False,False,Ninguno
52,LIBRO,Libros,2023-11-01,2023,11,89.03,30.32,58.71,0.6594406379871953,False,False,Ninguno
52,LIBRO,Libros,2023-12-01,2023,12,88.74,30.29,58.449999999999996,0.6586657651566373,False,False,Ninguno
52,LIBRO,Libros,2024-01-01,2024,1,88.78,30.37,58.41,0.6579184501013742,False,False,Ninguno
52,LIBRO,Libros,2024-02-01,2024,2,85.45,34.64,50.81,0.5946167349327092,True,True,Febrero
52,LIBRO,Libros,2024-03-01,2024,3,85.3,34.67,50.629999999999995,0.5935521688159437,False,False,Ninguno
52,LIBRO,Libros,2024-04-01,2024,4,85.25,34.64,50.61,0.5936656891495601,False,False,Ninguno
52,LIBRO,Libros,2024-05-01,2024,5,85.1,34.71,50.38999999999999,0.5921269095182138,False,False,Ninguno
52,LIBRO,Libros,2024-06-01,2024,6,90.26,34.7,55.56,0.6155550631508974,False,True,Esporádico
52,LIBRO,Libros,2024-07-01,2024,7,94.06,34.69,59.370000000000005,0.6311928556240698,False,True,Julio
52,LIBRO,Libros,2024-08-01,2024,8,94.16,34.67,59.489999999999995,0.6317969413763806,False,False,Esporádico
52,LIBRO,Libros,2024-09-01,2024,9,94.5,35.37,59.13,0.6257142857142858,True,False,Esporádico
52,LIBRO,Libros,2024-10-01,2024,10,94.2,35.35,58.85,0.6247346072186837,False,False,Ninguno
52,LIBRO,Libros,2024-11-01,2024,11,94.28,35.42,58.86,0.6243105642766228,False,False,Ninguno
52,LIBRO,Libros,2024-12-01,2024,12,97.46,35.31,62.14999999999999,0.6376975169300225,False,True,Esporádico
52,LIBRO,Libros,2025-01-01,2025,1,97.81,35.34,62.47,0.6386872507923524,False,False,Ninguno
52,LIBRO,Libros,2025-02-01,2025,2,106.68,36.06,70.62,0.6619797525309337,True,True,Febrero
52,LIBRO,Libros,2025-03-01,2025,3,106.89,36.13,70.75999999999999,0.6619889606137149,False,False,Ninguno
52,LIBRO,Libros,2025-04-01,2025,4,106.55,36.03,70.52,0.6618488972313468,False,False,Ninguno
52,LIBRO,Libros,2025-05-01,2025,5,106.35,36.06,70.28999999999999,0.6609308885754583,False,False,Ninguno
52,LIBRO,Libros,2025-06-01,2025,6,106.87,36.1,70.77000000000001,0.6622064190137551,False,False,Ninguno
52,LIBRO,Libros,2025-07-01,2025,7,112.01,36.79,75.22,0.6715471832872064,True,True,Julio
52,LIBRO,Libros,2025-08-01,2025,8,117.26,38.57,78.69,0.671072829609415,True,True,Esporádico
52,LIBRO,Libros,2025-09-01,2025,9,117.51,38.58,78.93,0.6716875159560889,False,False,Ninguno
52,LIBRO,Libros,2025-10-01,2025,10,117.19,38.69,78.5,0.6698523764826351,False,False,Ninguno
52,LIBRO,Libros,2025-11-01,2025,11,117.5,38.7,78.8,0.6706382978723404,False,False,Ninguno
53,DEPOR,Deportes,2018-07-01,2018,7,380.52,256.17,124.34999999999997,0.32678965625985484,False,False,Ninguno
53,DEPOR,Deportes,2018-08-01,2018,8,379.36,256.21,123.15000000000003,0.32462568536482506,False,False,Ninguno
53,DEPOR,Deportes,2018-09-01,2018,9,380.53,256.96,123.57,0.32473129582424515,False,False,Ninguno
53,DEPOR,Deportes,2018-10-01,2018,10,379.82,256.6,123.21999999999997,0.3244168290242746,False,False,Ninguno
53,DEPOR,Deportes,2018-11-01,2018,11,380.36,256.81,123.55000000000001,0.32482385108844253,False,False,Ninguno
53,DEPOR,Deportes,2018-12-01,2018,12,380.31,256.21,124.10000000000002,0.3263127448660304,False,False,Ninguno
53,DEPOR,Deportes,2019-01-01,2019,1,379.49,256.58,122.91000000000003,0.32388205222799027,False,False,Esporádico
53,DEPOR,Deportes,2019-02-01,2019,2,438.19,263.11,175.07999999999998,0.3995527054474086,True,True,Febrero
53,DEPOR,Deportes,2019-03-01,2019,3,437.59,262.73,174.85999999999996,0.399597797024612,False,False,Esporádico
53,DEPOR,Deportes,2019-04-01,2019,4,456.46,280.93,175.52999999999997,0.3845462910222144,True,True,Esporádico
53,DEPOR,Deportes,2019-05-01,2019,5,457.16,281.22,175.94,0.38485431796307634,False,False,Ninguno
53,DEPOR,Deportes,2019-06-01,2019,6,457.24,280.39,176.85000000000002,0.38677718484821977,False,False,Ninguno
53,DEPOR,Deportes,2019-07-01,2019,7,455.36,286.96,168.40000000000003,0.3698172874209417,True,True,Julio
53,DEPOR,Deportes,2019-08-01,2019,8,454.89,286.89,168.0,0.36932005539800833,False,False,Ninguno
53,DEPOR,Deportes,2019-09-01,2019,9,455.53,285.97,169.55999999999995,0.3722257590059929,False,False,Ninguno
53,DEPOR,Deportes,2019-10-01,2019,10,456.24,286.08,170.16000000000003,0.37296159915833776,False,False,Esporádico
53,DEPOR,Deportes,2019-11-01,2019,11,452.05,292.02,160.03000000000003,0.35400951222209937,True,True,Esporádico
53,DEPOR,Deportes,2019-12-01,2019,12,451.69,291.86,159.82999999999998,0.3538488786557152,False,False,Ninguno
53,DEPOR,Deportes,2020-01-01,2020,1,451.78,292.76,159.01999999999998,0.35198547965824073,False,False,Ninguno
53,DEPOR,Deportes,2020-02-01,2020,2,450.58,302.12,148.45999999999998,0.32948643969994224,True,True,Febrero
53,DEPOR,Deportes,2020-03-01,2020,3,450.44,301.81,148.63,0.32996625521712103,False,False,Ninguno
53,DEPOR,Deportes,2020-04-01,2020,4,448.77,301.54,147.22999999999996,0.32807451478485633,False,False,Ninguno
53,DEPOR,Deportes,2020-05-01,2020,5,450.48,301.99,148.49,0.3296261765228201,False,False,Ninguno
53,DEPOR,Deportes,2020-06-01,2020,6,451.07,301.61,149.45999999999998,0.3313454674440774,False,False,Ninguno
53,DEPOR,Deportes,2020-07-01,2020,7,487.99,308.04,179.95,0.36875755650730546,True,True,Julio
53,DEPOR,Deportes,2020-08-01,2020,8,487.11,307.22,179.89,0.3693005686600562,False,False,Ninguno
53,DEPOR,Deportes,2020-09-01,2020,9,509.03,307.54,201.48999999999995,0.39583128695754666,False,True,Esporádico
53,DEPOR,Deportes,2020-10-01,2020,10,508.94,308.23,200.70999999999998,0.3943686878610445,False,False,Ninguno
53,DEPOR,Deportes,2020-11-01,2020,11,508.89,307.53,201.36,0.3956847255792018,False,False,Ninguno
53,DEPOR,Deportes,2020-12-01,2020,12,513.49,307.27,206.22000000000003,0.4016047050575474,False,True,Esporádico
53,DEPOR,Deportes,2021-01-01,2021,1,516.18,307.54,208.63999999999993,0.4042000852415823,False,False,Ninguno
53,DEPOR,Deportes,2021-02-01,2021,2,598.1,313.23,284.87,0.4762915900351112,True,True,Febrero
53,DEPOR,Deportes,2021-03-01,2021,3,595.42,313.61,281.80999999999995,0.47329616069329206,False,False,Ninguno
53,DEPOR,Deportes,2021-04-01,2021,4,595.78,314.35,281.42999999999995,0.47237235221054746,False,False,Ninguno
53,DEPOR,Deportes,2021-05-01,2021,5,616.45,313.55,302.90000000000003,0.4913618298321032,False,True,Esporádico
53,DEPOR,Deportes,2021-06-01,2021,6,616.64,313.27,303.37,0.4919726258432797,False,False,Ninguno
53,DEPOR,Deportes,2021-07-01,2021,7,617.48,320.09,297.39000000000004,0.48161883785709664,True,False,Julio
53,DEPOR,Deportes,2021-08-01,2021,8,619.66,320.0,299.65999999999997,0.483587773940548,False,False,Ninguno
53,DEPOR,Deportes,2021-09-01,2021,9,618.87,320.63,298.24,0.48191057895842426,False,False,Ninguno
53,DEPOR,Deportes,2021-10-01,2021,10,617.4,320.6,296.79999999999995,0.4807256235827664,False,False,Ninguno
53,DEPOR,Deportes,2021-11-01,2021,11,618.49,319.95,298.54,0.48269171692347496,False,False,Ninguno
53,DEPOR,Deportes,2021-12-01,2021,12,618.0,320.27,297.73,0.48176375404530747,False,False,Ninguno
53,DEPOR,Deportes,2022-01-01,2022,1,619.87,319.98,299.89,0.4837949892719441,False,False,Ninguno
53,DEPOR,Deportes,2022-02-01,2022,2,644.1,363.17,280.93,0.43615898152460797,True,True,Febrero
53,DEPOR,Deportes,2022-03-01,2022,3,644.42,362.26,282.15999999999997,0.43785109090344804,False,False,Ninguno
53,DEPOR,Deportes,2022-04-01,2022,4,643.12,362.7,280.42,0.43603060082099765,False,False,Ninguno
53,DEPOR,Deportes,2022-05-01,2022,5,644.44,363.3,281.14000000000004,0.43625473279126065,False,False,Ninguno
53,DEPOR,Deportes,2022-06-01,2022,6,647.54,371.2,276.34,0.4267535596256602,True,True,Esporádico
53,DEPOR,Deportes,2022-07-01,2022,7,661.32,411.59,249.73000000000008,0.37762354079719357,True,True,Julio
53,DEPOR,Deportes,2022-08-01,2022,8,660.41,412.74,247.66999999999996,0.3750246059266213,False,False,Ninguno
53,DEPOR,Deportes,2022-09-01,2022,9,661.01,412.41,248.59999999999997,0.37609113326575994,False,False,Ninguno
53,DEPOR,Deportes,2022-10-01,2022,10,660.19,411.68,248.51000000000005,0.37642193913873284,False,False,Ninguno
53,DEPOR,Deportes,2022-11-01,2022,11,660.64,412.47,248.16999999999996,0.3756508839912811,False,False,Esporádico
53,DEPOR,Deportes,2022-12-01,2022,12,659.25,411.13,248.12,0.37636708380735684,False,False,Ninguno
53,DEPOR,Deportes,2023-01-01,2023,1,658.84,411.34,247.50000000000006,0.3756602513508592,False,False,Ninguno
53,DEPOR,Deportes,2023-02-01,2023,2,629.21,475.41,153.8,0.24443349597113842,True,True,Febrero
53,DEPOR,Deportes,2023-03-01,2023,3,630.06,476.17,153.88999999999993,0.244246579690823,False,False,Ninguno
53,DEPOR,Deportes,2023-04-01,2023,4,628.66,475.41,153.24999999999994,0.2437724684249037,False,False,Ninguno
53,DEPOR,Deportes,2023-05-01,2023,5,629.94,475.45,154.49000000000007,0.2452455789440265,False,False,Ninguno
53,DEPOR,Deportes,2023-06-01,2023,6,631.62,475.51,156.11,0.24715810139007632,False,False,Esporádico
53,DEPOR,Deportes,2023-07-01,2023,7,628.26,475.88,152.38,0.2425428962531436,False,False,Julio
53,DEPOR,Deportes,2023-08-01,2023,8,629.28,476.38,152.89999999999998,0.24297609966946349,False,False,Ninguno
53,DEPOR,Deportes,2023-09-01,2023,9,629.1,476.24,152.86,0.24298203783182326,False,False,Ninguno
53,DEPOR,Deportes,2023-10-01,2023,10,630.96,476.08,154.88000000000005,0.2454672245467225,False,False,Ninguno
53,DEPOR,Deportes,2023-11-01,2023,11,629.03,476.76,152.26999999999998,0.24207112538352699,False,False,Ninguno
53,DEPOR,Deportes,2023-12-01,2023,12,629.79,475.63,154.15999999999997,0.24478000603375724,False,False,Ninguno
53,DEPOR,Deportes,2024-01-01,2024,1,628.38,515.45,112.92999999999995,0.17971609535631297,True,False,Esporádico
53,DEPOR,Deportes,2024-02-01,2024,2,612.85,524.59,88.25999999999999,0.14401566451823447,True,True,Febrero
53,DEPOR,Deportes,2024-03-01,2024,3,615.81,525.2,90.6099999999999,0.14713953979311786,False,False,Ninguno
53,DEPOR,Deportes,2024-04-01,2024,4,613.69,525.96,87.73000000000002,0.14295491208916555,False,False,Ninguno
53,DEPOR,Deportes,2024-05-01,2024,5,615.46,525.12,90.34000000000003,0.14678451889643523,False,False,Ninguno
53,DEPOR,Deportes,2024-06-01,2024,6,614.85,524.11,90.74000000000001,0.14758071074245752,False,False,Ninguno
53,DEPOR,Deportes,2024-07-01,2024,7,627.66,524.3,103.36000000000001,0.16467514259312369,False,True,Julio
53,DEPOR,Deportes,2024-08-01,2024,8,628.76,524.02,104.74000000000001,0.16658184362872958,False,False,Ninguno
53,DEPOR,Deportes,2024-09-01,2024,9,627.31,524.4,102.90999999999997,0.16404967241076976,False,False,Ninguno
53,DEPOR,Deportes,2024-10-01,2024,10,629.4,524.12,105.27999999999997,0.16727041626946296,False,False,Esporádico
53,DEPOR,Deportes,2024-11-01,2024,11,628.3,524.9,103.39999999999998,0.1645710647779723,False,False,Ninguno
53,DEPOR,Deportes,2024-12-01,2024,12,627.69,525.06,102.63000000000011,0.163504277589256,False,False,Ninguno
53,DEPOR,Deportes,2025-01-01,2025,1,627.22,534.56,92.66000000000008,0.14773125856956104,True,True,Esporádico
53,DEPOR,Deportes,2025-02-01,2025,2,633.76,521.6,112.15999999999997,0.1769755112345367,True,True,Febrero
53,DEPOR,Deportes,2025-03-01,2025,3,634.42,522.09,112.32999999999993,0.17705936130639,False,False,Ninguno
53,DEPOR,Deportes,2025-04-01,2025,4,634.76,521.95,112.80999999999995,0.17772071334047507,False,False,Ninguno
53,DEPOR,Deportes,2025-05-01,2025,5,633.27,521.22,112.04999999999995,0.1769387465062295,False,False,Ninguno
53,DEPOR,Deportes,2025-06-01,2025,6,633.22,521.52,111.70000000000005,0.17639998736616033,False,False,Ninguno
53,DEPOR,Deportes,2025-07-01,2025,7,635.14,522.66,112.48000000000002,0.17709481374185224,False,False,Julio
53,DEPOR,Deportes,2025-08-01,2025,8,632.07,520.95,111.12,0.17580331292420143,False,False,Ninguno
53,DEPOR,Deportes,2025-09-01,2025,9,632.97,520.7,112.26999999999998,0.17737017552174664,False,False,Ninguno
53,DEPOR,Deportes,2025-10-01,2025,10,634.07,520.85,113.22000000000003,0.17856072673364143,False,False,Ninguno
53,DEPOR,Deportes,2025-11-01,2025,11,634.85,522.4,112.45000000000005,0.17712845554067896,False,False,Ninguno
54,ALIM,Alimentos,2018-07-01,2018,7,8.37,6.57,1.799999999999999,0.2150537634408601,False,False,Ninguno
54,ALIM,Alimentos,2018-08-01,2018,8,8.37,6.58,1.7899999999999991,0.21385902031063314,False,False,Ninguno
54,ALIM,Alimentos,2018-09-01,2018,9,8.36,6.57,1.7899999999999991,0.2141148325358851,False,False,Ninguno
54,ALIM,Alimentos,2018-10-01,2018,10,8.35,6.56,1.79,0.21437125748502994,False,False,Ninguno
54,ALIM,Alimentos,2018-11-01,2018,11,8.35,6.56,1.79,0.21437125748502994,False,False,Ninguno
54,ALIM,Alimentos,2018-12-01,2018,12,8.34,6.57,1.7699999999999996,0.2122302158273381,False,False,Ninguno
54,ALIM,Alimentos,2019-01-01,2019,1,8.33,6.56,1.7700000000000005,0.2124849939975991,False,False,Ninguno
54,ALIM,Alimentos,2019-02-01,2019,2,8.06,6.69,1.37,0.16997518610421836,True,True,Febrero
54,ALIM,Alimentos,2019-03-01,2019,3,8.07,6.71,1.3600000000000003,0.16852540272614625,False,False,Ninguno
54,ALIM,Alimentos,2019-04-01,2019,4,8.08,6.69,1.3899999999999997,0.172029702970297,False,False,Ninguno
54,ALIM,Alimentos,2019-05-01,2019,5,8.08,6.71,1.37,0.16955445544554457,False,False,Ninguno
54,ALIM,Alimentos,2019-06-01,2019,6,8.08,6.69,1.3899999999999997,0.172029702970297,False,False,Ninguno
54,ALIM,Alimentos,2019-07-01,2019,7,8.55,7.09,1.4600000000000009,0.17076023391812875,True,True,Julio
54,ALIM,Alimentos,2019-08-01,2019,8,8.53,7.09,1.4399999999999995,0.16881594372801872,False,False,Ninguno
54,ALIM,Alimentos,2019-09-01,2019,9,8.55,7.09,1.4600000000000009,0.17076023391812875,False,False,Esporádico
54,ALIM,Alimentos,2019-10-01,2019,10,8.55,7.07,1.4800000000000004,0.1730994152046784,False,False,Ninguno
54,ALIM,Alimentos,2019-11-01,2019,11,8.53,7.07,1.459999999999999,0.17116060961313004,False,False,Ninguno
54,ALIM,Alimentos,2019-12-01,2019,12,8.52,7.09,1.4299999999999997,0.16784037558685444,False,False,Ninguno
54,ALIM,Alimentos,2020-01-01,2020,1,8.51,7.08,1.4299999999999997,0.1680376028202115,False,False,Ninguno
54,ALIM,Alimentos,2020-02-01,2020,2,8.77,7.07,1.6999999999999993,0.19384264538198395,False,True,Febrero
54,ALIM,Alimentos,2020-03-01,2020,3,8.8,7.08,1.7200000000000006,0.19545454545454552,False,False,Ninguno
54,ALIM,Alimentos,2020-04-01,2020,4,8.76,7.1,1.6600000000000001,0.1894977168949772,False,False,Ninguno
54,ALIM,Alimentos,2020-05-01,2020,5,8.75,7.09,1.6600000000000001,0.18971428571428572,False,False,Ninguno
54,ALIM,Alimentos,2020-06-01,2020,6,8.76,7.07,1.6899999999999995,0.1929223744292237,False,False,Ninguno
54,ALIM,Alimentos,2020-07-01,2020,7,9.17,7.84,1.33,0.14503816793893132,True,True,Julio
54,ALIM,Alimentos,2020-08-01,2020,8,9.19,7.85,1.3399999999999999,0.1458106637649619,False,False,Ninguno
54,ALIM,Alimentos,2020-09-01,2020,9,9.38,8.02,1.3600000000000012,0.1449893390191899,True,True,Esporádico
54,ALIM,Alimentos,2020-10-01,2020,10,9.39,8.01,1.3800000000000008,0.14696485623003203,False,False,Ninguno
54,ALIM,Alimentos,2020-11-01,2020,11,9.36,8.02,1.3399999999999999,0.14316239316239315,False,False,Ninguno
54,ALIM,Alimentos,2020-12-01,2020,12,9.4,8.0,1.4000000000000004,0.14893617021276598,False,False,Ninguno
54,ALIM,Alimentos,2021-01-01,2021,1,9.35,8.0,1.3499999999999996,0.14438502673796788,False,False,Ninguno
54,ALIM,Alimentos,2021-02-01,2021,2,10.46,8.3,2.16,0.20650095602294455,True,True,Febrero
54,ALIM,Alimentos,2021-03-01,2021,3,10.46,8.27,2.1900000000000013,0.20936902485659667,False,False,Ninguno
54,ALIM,Alimentos,2021-04-01,2021,4,10.43,8.29,2.1400000000000006,0.20517737296260793,False,False,Ninguno
54,ALIM,Alimentos,2021-05-01,2021,5,10.42,8.27,2.1500000000000004,0.20633397312859889,False,False,Ninguno
54,ALIM,Alimentos,2021-06-01,2021,6,10.48,8.29,2.1900000000000013,0.20896946564885507,False,False,Ninguno
54,ALIM,Alimentos,2021-07-01,2021,7,11.05,8.3,2.75,0.24886877828054296,False,True,Julio
54,ALIM,Alimentos,2021-08-01,2021,8,11.1,8.3,2.799999999999999,0.2522522522522522,False,False,Ninguno
54,ALIM,Alimentos,2021-09-01,2021,9,11.11,8.28,2.83,0.25472547254725475,False,False,Ninguno
54,ALIM,Alimentos,2021-10-01,2021,10,11.1,8.28,2.8200000000000003,0.25405405405405407,False,False,Ninguno
54,ALIM,Alimentos,2021-11-01,2021,11,11.09,8.3,2.789999999999999,0.2515779981965734,False,False,Ninguno
54,ALIM,Alimentos,2021-12-01,2021,12,11.05,8.29,2.7600000000000016,0.2497737556561087,False,False,Ninguno
54,ALIM,Alimentos,2022-01-01,2022,1,11.07,8.29,2.780000000000001,0.25112917795844636,False,False,Ninguno
54,ALIM,Alimentos,2022-02-01,2022,2,12.75,9.1,3.6500000000000004,0.2862745098039216,True,True,Febrero
54,ALIM,Alimentos,2022-03-01,2022,3,12.75,9.13,3.619999999999999,0.28392156862745094,False,False,Esporádico
54,ALIM,Alimentos,2022-04-01,2022,4,12.7,9.1,3.5999999999999996,0.28346456692913385,False,False,Ninguno
54,ALIM,Alimentos,2022-05-01,2022,5,12.74,9.1,3.6400000000000006,0.28571428571428575,False,False,Ninguno
54,ALIM,Alimentos,2022-06-01,2022,6,12.77,9.12,3.6500000000000004,0.2858261550509006,False,False,Ninguno
54,ALIM,Alimentos,2022-07-01,2022,7,13.47,9.31,4.16,0.3088344469190794,True,True,Julio
54,ALIM,Alimentos,2022-08-01,2022,8,14.25,9.3,4.949999999999999,0.34736842105263155,False,True,Esporádico
54,ALIM,Alimentos,2022-09-01,2022,9,15.14,9.3,5.84,0.3857331571994716,False,True,Esporádico
54,ALIM,Alimentos,2022-10-01,2022,10,15.12,9.29,5.83,0.3855820105820106,False,False,Ninguno
54,ALIM,Alimentos,2022-11-01,2022,11,15.94,9.28,6.66,0.41781681304893353,False,True,Esporádico
54,ALIM,Alimentos,2022-12-01,2022,12,15.97,9.29,6.6800000000000015,0.4182842830306826,False,False,Ninguno
54,ALIM,Alimentos,2023-01-01,2023,1,15.98,9.3,6.68,0.41802252816020025,False,False,Ninguno
54,ALIM,Alimentos,2023-02-01,2023,2,15.31,9.29,6.020000000000001,0.3932070542129328,False,True,Febrero
54,ALIM,Alimentos,2023-03-01,2023,3,15.29,9.29,6.0,0.3924133420536298,False,False,Ninguno
54,ALIM,Alimentos,2023-04-01,2023,4,15.21,9.31,5.9,0.3879026955950033,False,True,Esporádico
54,ALIM,Alimentos,2023-05-01,2023,5,15.16,9.29,5.870000000000001,0.387203166226913,False,False,Ninguno
54,ALIM,Alimentos,2023-06-01,2023,6,15.21,9.32,5.890000000000001,0.38724523339907957,False,False,Ninguno
54,ALIM,Alimentos,2023-07-01,2023,7,15.22,9.5,5.720000000000001,0.37582128777923784,True,False,Julio
54,ALIM,Alimentos,2023-08-01,2023,8,15.19,9.49,5.699999999999999,0.37524687294272546,False,False,Ninguno
54,ALIM,Alimentos,2023-09-01,2023,9,15.24,9.47,5.77,0.3786089238845144,False,False,Ninguno
54,ALIM,Alimentos,2023-10-01,2023,10,15.87,9.48,6.389999999999999,0.4026465028355387,False,True,Esporádico
54,ALIM,Alimentos,2023-11-01,2023,11,16.84,10.26,6.58,0.39073634204275537,True,True,Esporádico
54,ALIM,Alimentos,2023-12-01,2023,12,16.9,10.26,6.639999999999999,0.39289940828402364,False,False,Ninguno
54,ALIM,Alimentos,2024-01-01,2024,1,16.83,10.23,6.599999999999998,0.392156862745098,False,False,Ninguno
54,ALIM,Alimentos,2024-02-01,2024,2,19.13,10.89,8.239999999999998,0.43073706220595914,True,True,Febrero
54,ALIM,Alimentos,2024-03-01,2024,3,19.16,10.92,8.24,0.430062630480167,False,False,Ninguno
54,ALIM,Alimentos,2024-04-01,2024,4,19.2,10.92,8.28,0.43124999999999997,False,False,Ninguno
54,ALIM,Alimentos,2024-05-01,2024,5,19.15,10.9,8.249999999999998,0.4308093994778067,False,False,Ninguno
54,ALIM,Alimentos,2024-06-01,2024,6,19.18,11.15,8.03,0.4186652763295099,True,False,Esporádico
54,ALIM,Alimentos,2024-07-01,2024,7,19.19,11.12,8.070000000000002,0.4205315268368943,False,False,Julio
54,ALIM,Alimentos,2024-08-01,2024,8,19.15,11.12,8.03,0.41932114882506527,False,False,Ninguno
54,ALIM,Alimentos,2024-09-01,2024,9,19.23,11.12,8.110000000000001,0.42173686947477906,False,False,Ninguno
54,ALIM,Alimentos,2024-10-01,2024,10,20.31,12.03,8.28,0.4076809453471196,True,True,Esporádico
54,ALIM,Alimentos,2024-11-01,2024,11,20.37,12.04,8.330000000000002,0.4089347079037801,False,False,Ninguno
54,ALIM,Alimentos,2024-12-01,2024,12,20.29,12.06,8.229999999999999,0.40561853129620495,False,False,Ninguno
54,ALIM,Alimentos,2025-01-01,2025,1,20.36,12.01,8.35,0.41011787819253437,False,False,Ninguno
54,ALIM,Alimentos,2025-02-01,2025,2,22.25,13.49,8.76,0.39370786516853934,True,True,Febrero
54,ALIM,Alimentos,2025-03-01,2025,3,22.32,13.48,8.84,0.39605734767025086,False,False,Ninguno
54,ALIM,Alimentos,2025-04-01,2025,4,22.23,13.48,8.75,0.39361223571749887,False,False,Ninguno
54,ALIM,Alimentos,2025-05-01,2025,5,22.26,13.45,8.810000000000002,0.3957771787960468,False,False,Ninguno
54,ALIM,Alimentos,2025-06-01,2025,6,22.3,13.46,8.84,0.39641255605381165,False,False,Ninguno
54,ALIM,Alimentos,2025-07-01,2025,7,23.79,13.71,10.079999999999998,0.4237074401008827,True,True,Julio
54,ALIM,Alimentos,2025-08-01,2025,8,23.83,13.73,10.099999999999998,0.42383550146873683,False,False,Ninguno
54,ALIM,Alimentos,2025-09-01,2025,9,23.86,13.71,10.149999999999999,0.4253981559094719,False,False,Ninguno
54,ALIM,Alimentos,2025-10-01,2025,10,23.87,13.73,10.14,0.4248010054461667,False,False,Ninguno
54,ALIM,Alimentos,2025-11-01,2025,11,23.78,13.73,10.05,0.42262405382674517,False,False,Ninguno
55,DEPOR,Deportes,2018-07-01,2018,7,243.57,179.88,63.69,0.2614854046064786,False,False,Ninguno
55,DEPOR,Deportes,2018-08-01,2018,8,244.28,179.78,64.5,0.2640412641231374,False,False,Ninguno
55,DEPOR,Deportes,2018-09-01,2018,9,243.67,179.69,63.97999999999999,0.2625682275208273,False,False,Ninguno
55,DEPOR,Deportes,2018-10-01,2018,10,244.8,180.05,64.75,0.2645016339869281,False,False,Ninguno
55,DEPOR,Deportes,2018-11-01,2018,11,243.64,179.57,64.07,0.2629699556723034,False,False,Esporádico
55,DEPOR,Deportes,2018-12-01,2018,12,243.47,180.19,63.28,0.2599088183349078,False,False,Esporádico
55,DEPOR,Deportes,2019-01-01,2019,1,243.42,180.2,63.22,0.25971571768959,False,False,Ninguno
55,DEPOR,Deportes,2019-02-01,2019,2,243.88,190.82,53.06,0.21756601607347878,True,False,Febrero
55,DEPOR,Deportes,2019-03-01,2019,3,243.53,190.6,52.93000000000001,0.21734488564037288,False,False,Ninguno
55,DEPOR,Deportes,2019-04-01,2019,4,244.55,190.29,54.26000000000002,0.2218769167859334,False,False,Ninguno
55,DEPOR,Deportes,2019-05-01,2019,5,244.69,196.61,48.079999999999984,0.19649352241611828,True,False,Esporádico
55,DEPOR,Deportes,2019-06-01,2019,6,244.85,196.63,48.22,0.19693690014294465,False,False,Ninguno
55,DEPOR,Deportes,2019-07-01,2019,7,268.58,196.53,72.04999999999998,0.26826271501973337,False,True,Julio
55,DEPOR,Deportes,2019-08-01,2019,8,267.49,196.94,70.55000000000001,0.2637481775019627,False,False,Ninguno
55,DEPOR,Deportes,2019-09-01,2019,9,267.27,196.76,70.50999999999999,0.26381561716616153,False,False,Ninguno
55,DEPOR,Deportes,2019-10-01,2019,10,267.44,196.93,70.50999999999999,0.2636479210290158,False,False,Ninguno
55,DEPOR,Deportes,2019-11-01,2019,11,267.8,196.33,71.47,0.26687826736370424,False,False,Ninguno
55,DEPOR,Deportes,2019-12-01,2019,12,286.16,203.78,82.38000000000002,0.2878809057869724,True,True,Esporádico
55,DEPOR,Deportes,2020-01-01,2020,1,287.03,204.04,82.98999999999998,0.28913354004807856,False,False,Ninguno
55,DEPOR,Deportes,2020-02-01,2020,2,302.48,208.81,93.67000000000002,0.3096733668341709,True,True,Febrero
55,DEPOR,Deportes,2020-03-01,2020,3,302.69,208.98,93.71000000000001,0.3095906703227725,False,False,Ninguno
55,DEPOR,Deportes,2020-04-01,2020,4,301.54,208.98,92.56000000000003,0.3069576175631758,False,False,Ninguno
55,DEPOR,Deportes,2020-05-01,2020,5,302.11,209.24,92.87,0.30740458773294493,False,False,Ninguno
55,DEPOR,Deportes,2020-06-01,2020,6,302.23,208.7,93.53000000000003,0.3094663004996196,False,False,Ninguno
55,DEPOR,Deportes,2020-07-01,2020,7,305.57,209.24,96.32999999999998,0.3152469156003534,False,True,Julio
55,DEPOR,Deportes,2020-08-01,2020,8,304.92,209.14,95.78000000000003,0.31411517775154146,False,False,Ninguno
55,DEPOR,Deportes,2020-09-01,2020,9,306.54,208.86,97.68,0.31865335682129575,False,False,Ninguno
55,DEPOR,Deportes,2020-10-01,2020,10,305.03,209.21,95.81999999999996,0.31413303609481025,False,False,Ninguno
55,DEPOR,Deportes,2020-11-01,2020,11,305.35,208.76,96.59000000000003,0.31632552808252834,False,False,Ninguno
55,DEPOR,Deportes,2020-12-01,2020,12,306.13,209.07,97.06,0.31705484598046585,False,False,Ninguno
55,DEPOR,Deportes,2021-01-01,2021,1,305.68,209.16,96.52000000000001,0.3157550379481811,False,False,Esporádico
55,DEPOR,Deportes,2021-02-01,2021,2,318.52,235.93,82.58999999999997,0.25929298003265094,True,True,Febrero
55,DEPOR,Deportes,2021-03-01,2021,3,341.29,236.56,104.73000000000002,0.30686512936212607,False,True,Esporádico
55,DEPOR,Deportes,2021-04-01,2021,4,342.01,236.42,105.59,0.3087336627583989,False,False,Ninguno
55,DEPOR,Deportes,2021-05-01,2021,5,340.79,236.21,104.58000000000001,0.30687520173714017,False,False,Ninguno
55,DEPOR,Deportes,2021-06-01,2021,6,341.88,236.73,105.15,0.3075640575640576,False,False,Ninguno
55,DEPOR,Deportes,2021-07-01,2021,7,350.13,240.67,109.46000000000001,0.3126267386399338,True,True,Julio
55,DEPOR,Deportes,2021-08-01,2021,8,349.95,240.91,109.03999999999999,0.311587369624232,False,False,Ninguno
55,DEPOR,Deportes,2021-09-01,2021,9,349.27,240.71,108.55999999999997,0.31081970968019007,False,False,Ninguno
55,DEPOR,Deportes,2021-10-01,2021,10,349.43,245.91,103.52000000000001,0.29625389920728046,True,False,Esporádico
55,DEPOR,Deportes,2021-11-01,2021,11,348.56,245.39,103.17000000000002,0.29598921276107415,False,False,Ninguno
55,DEPOR,Deportes,2021-12-01,2021,12,348.72,245.41,103.31000000000003,0.29625487497132375,False,False,Ninguno
55,DEPOR,Deportes,2022-01-01,2022,1,349.31,245.95,103.36000000000001,0.29589762674987835,False,False,Ninguno
55,DEPOR,Deportes,2022-02-01,2022,2,377.57,245.87,131.7,0.34880949227957725,False,True,Febrero
55,DEPOR,Deportes,2022-03-01,2022,3,377.27,245.58,131.68999999999997,0.3490603546531661,False,False,Ninguno
55,DEPOR,Deportes,2022-04-01,2022,4,378.35,246.17,132.18000000000004,0.34935905907228765,False,False,Ninguno
55,DEPOR,Deportes,2022-05-01,2022,5,377.36,245.52,131.84,0.34937460250158997,False,False,Ninguno
55,DEPOR,Deportes,2022-06-01,2022,6,378.64,246.19,132.45,0.3498045637016691,False,False,Ninguno
55,DEPOR,Deportes,2022-07-01,2022,7,380.37,255.44,124.93,0.3284433577832111,True,True,Julio
55,DEPOR,Deportes,2022-08-01,2022,8,380.48,254.75,125.73000000000002,0.33045100925147186,False,False,Ninguno
55,DEPOR,Deportes,2022-09-01,2022,9,379.23,255.22,124.01000000000002,0.32700472009071013,False,False,Ninguno
55,DEPOR,Deportes,2022-10-01,2022,10,378.98,254.88,124.10000000000002,0.32745791334635077,False,False,Ninguno
55,DEPOR,Deportes,2022-11-01,2022,11,380.2,254.56,125.63999999999999,0.3304576538663861,False,False,Esporádico
55,DEPOR,Deportes,2022-12-01,2022,12,380.42,254.72,125.70000000000002,0.33042426791441043,False,False,Ninguno
55,DEPOR,Deportes,2023-01-01,2023,1,378.73,255.46,123.27000000000001,0.32548253373115416,False,False,Esporádico
55,DEPOR,Deportes,2023-02-01,2023,2,427.47,266.22,161.25,0.3772194539967717,True,True,Febrero
55,DEPOR,Deportes,2023-03-01,2023,3,426.68,265.75,160.93,0.37716790100309366,False,False,Ninguno
55,DEPOR,Deportes,2023-04-01,2023,4,428.01,266.01,162.0,0.3784958295366931,False,False,Ninguno
55,DEPOR,Deportes,2023-05-01,2023,5,427.88,265.73,162.14999999999998,0.37896139104421794,False,False,Ninguno
55,DEPOR,Deportes,2023-06-01,2023,6,428.05,265.67,162.38,0.37934820698516525,False,False,Ninguno
55,DEPOR,Deportes,2023-07-01,2023,7,448.82,276.4,172.42000000000002,0.38416291609108333,True,True,Julio
55,DEPOR,Deportes,2023-08-01,2023,8,448.38,276.22,172.15999999999997,0.38396003389981703,False,False,Ninguno
55,DEPOR,Deportes,2023-09-01,2023,9,450.13,276.48,173.64999999999998,0.3857774420722902,False,False,Ninguno
55,DEPOR,Deportes,2023-10-01,2023,10,448.35,276.77,171.58000000000004,0.382692093230735,False,False,Ninguno
55,DEPOR,Deportes,2023-11-01,2023,11,449.7,277.04,172.65999999999997,0.38394485212363794,False,False,Ninguno
55,DEPOR,Deportes,2023-12-01,2023,12,449.88,277.16,172.71999999999997,0.3839246021161198,False,False,Ninguno
55,DEPOR,Deportes,2024-01-01,2024,1,449.35,276.29,173.06,0.38513408256370313,False,False,Ninguno
55,DEPOR,Deportes,2024-02-01,2024,2,487.72,276.13,211.59000000000003,0.43383498728778813,False,True,Febrero
55,DEPOR,Deportes,2024-03-01,2024,3,488.41,276.24,212.17000000000002,0.43440961487275037,False,False,Ninguno
55,DEPOR,Deportes,2024-04-01,2024,4,489.1,276.57,212.53000000000003,0.43453281537517896,False,False,Ninguno
55,DEPOR,Deportes,2024-05-01,2024,5,489.65,276.25,213.39999999999998,0.43582150515674456,False,False,Ninguno
55,DEPOR,Deportes,2024-06-01,2024,6,488.54,276.75,211.79000000000002,0.4335161911000123,False,False,Ninguno
55,DEPOR,Deportes,2024-07-01,2024,7,498.64,281.79,216.84999999999997,0.43488288143750997,True,True,Julio
55,DEPOR,Deportes,2024-08-01,2024,8,519.12,282.23,236.89,0.4563299429804284,False,True,Esporádico
55,DEPOR,Deportes,2024-09-01,2024,9,520.32,282.01,238.31000000000006,0.45800661131611325,False,False,Ninguno
55,DEPOR,Deportes,2024-10-01,2024,10,520.75,282.59,238.16000000000003,0.45734037445991366,False,False,Ninguno
55,DEPOR,Deportes,2024-11-01,2024,11,519.53,282.24,237.28999999999996,0.45673974553923735,False,False,Ninguno
55,DEPOR,Deportes,2024-12-01,2024,12,555.24,285.55,269.69,0.4857178877602478,True,True,Esporádico
55,DEPOR,Deportes,2025-01-01,2025,1,554.22,286.27,267.95000000000005,0.48347226733066295,False,False,Ninguno
55,DEPOR,Deportes,2025-02-01,2025,2,581.26,291.34,289.92,0.49877851563844067,True,True,Febrero
55,DEPOR,Deportes,2025-03-01,2025,3,582.21,292.25,289.96000000000004,0.4980333556620464,False,False,Ninguno
55,DEPOR,Deportes,2025-04-01,2025,4,580.54,291.7,288.84,0.4975367761050057,False,False,Ninguno
55,DEPOR,Deportes,2025-05-01,2025,5,582.74,292.05,290.69,0.49883309880907434,False,False,Ninguno
55,DEPOR,Deportes,2025-06-01,2025,6,594.81,301.27,293.53999999999996,0.49350212672954386,True,True,Esporádico
55,DEPOR,Deportes,2025-07-01,2025,7,596.08,301.69,294.39000000000004,0.49387666085089255,False,False,Julio
55,DEPOR,Deportes,2025-08-01,2025,8,595.59,300.93,294.66,0.49473631189240924,False,False,Ninguno
55,DEPOR,Deportes,2025-09-01,2025,9,594.56,301.53,293.03,0.4928518568353068,False,False,Ninguno
55,DEPOR,Deportes,2025-10-01,2025,10,596.41,300.91,295.49999999999994,0.4954645294344494,False,False,Ninguno
55,DEPOR,Deportes,2025-11-01,2025,11,596.71,306.73,289.98,0.4859647064738315,True,False,Esporádico
56,ALIM,Alimentos,2018-07-01,2018,7,3.85,3.11,0.7400000000000002,0.19220779220779227,False,False,Ninguno
56,ALIM,Alimentos,2018-08-01,2018,8,3.84,3.1,0.7399999999999998,0.1927083333333333,False,False,Ninguno
56,ALIM,Alimentos,2018-09-01,2018,9,3.85,3.11,0.7400000000000002,0.19220779220779227,False,False,Ninguno
56,ALIM,Alimentos,2018-10-01,2018,10,3.86,3.11,0.75,0.19430051813471502,False,False,Ninguno
56,ALIM,Alimentos,2018-11-01,2018,11,3.85,3.11,0.7400000000000002,0.19220779220779227,False,False,Ninguno
56,ALIM,Alimentos,2018-12-01,2018,12,3.85,3.11,0.7400000000000002,0.19220779220779227,False,False,Ninguno
56,ALIM,Alimentos,2019-01-01,2019,1,3.84,3.1,0.7399999999999998,0.1927083333333333,False,False,Ninguno
56,ALIM,Alimentos,2019-02-01,2019,2,3.84,2.91,0.9299999999999997,0.24218749999999994,True,False,Febrero
56,ALIM,Alimentos,2019-03-01,2019,3,3.86,2.92,0.94,0.24352331606217617,False,False,Ninguno
56,ALIM,Alimentos,2019-04-01,2019,4,3.9,3.0,0.8999999999999999,0.23076923076923075,True,True,Esporádico
56,ALIM,Alimentos,2019-05-01,2019,5,3.9,3.0,0.8999999999999999,0.23076923076923075,False,False,Ninguno
56,ALIM,Alimentos,2019-06-01,2019,6,3.89,3.01,0.8800000000000003,0.22622107969151678,False,False,Ninguno
56,ALIM,Alimentos,2019-07-01,2019,7,4.02,2.96,1.0599999999999996,0.2636815920398009,True,True,Julio
56,ALIM,Alimentos,2019-08-01,2019,8,4.01,2.96,1.0499999999999998,0.2618453865336658,False,False,Ninguno
56,ALIM,Alimentos,2019-09-01,2019,9,4.0,2.97,1.0299999999999998,0.25749999999999995,False,False,Ninguno
56,ALIM,Alimentos,2019-10-01,2019,10,4.02,2.95,1.0699999999999994,0.2661691542288556,False,False,Ninguno
56,ALIM,Alimentos,2019-11-01,2019,11,4.0,2.96,1.04,0.26,False,False,Ninguno
56,ALIM,Alimentos,2019-12-01,2019,12,4.0,2.95,1.0499999999999998,0.26249999999999996,False,False,Ninguno
56,ALIM,Alimentos,2020-01-01,2020,1,4.01,2.95,1.0599999999999996,0.26433915211970066,False,False,Ninguno
56,ALIM,Alimentos,2020-02-01,2020,2,4.47,3.32,1.15,0.25727069351230425,True,True,Febrero
56,ALIM,Alimentos,2020-03-01,2020,3,4.47,3.32,1.15,0.25727069351230425,False,False,Ninguno
56,ALIM,Alimentos,2020-04-01,2020,4,4.52,3.32,1.1999999999999997,0.2654867256637168,False,True,Esporádico
56,ALIM,Alimentos,2020-05-01,2020,5,4.53,3.32,1.2100000000000004,0.2671081677704195,False,False,Ninguno
56,ALIM,Alimentos,2020-06-01,2020,6,4.52,3.32,1.1999999999999997,0.2654867256637168,False,False,Ninguno
56,ALIM,Alimentos,2020-07-01,2020,7,4.5,3.38,1.12,0.2488888888888889,True,False,Julio
56,ALIM,Alimentos,2020-08-01,2020,8,4.52,3.38,1.1399999999999997,0.2522123893805309,False,False,Ninguno
56,ALIM,Alimentos,2020-09-01,2020,9,4.53,3.38,1.1500000000000004,0.2538631346578367,False,False,Ninguno
56,ALIM,Alimentos,2020-10-01,2020,10,4.53,3.38,1.1500000000000004,0.2538631346578367,False,False,Ninguno
56,ALIM,Alimentos,2020-11-01,2020,11,4.57,3.57,1.0000000000000004,0.21881838074398258,True,True,Esporádico
56,ALIM,Alimentos,2020-12-01,2020,12,4.57,3.57,1.0000000000000004,0.21881838074398258,False,False,Ninguno
56,ALIM,Alimentos,2021-01-01,2021,1,4.57,3.57,1.0000000000000004,0.21881838074398258,False,False,Ninguno
56,ALIM,Alimentos,2021-02-01,2021,2,4.75,3.76,0.9900000000000002,0.20842105263157898,True,True,Febrero
56,ALIM,Alimentos,2021-03-01,2021,3,4.73,3.77,0.9600000000000004,0.2029598308668077,False,False,Ninguno
56,ALIM,Alimentos,2021-04-01,2021,4,4.72,3.76,0.96,0.2033898305084746,False,False,Ninguno
56,ALIM,Alimentos,2021-05-01,2021,5,4.74,3.76,0.9800000000000004,0.20675105485232076,False,False,Ninguno
56,ALIM,Alimentos,2021-06-01,2021,6,4.74,3.77,0.9700000000000002,0.2046413502109705,False,False,Ninguno
56,ALIM,Alimentos,2021-07-01,2021,7,4.74,3.77,0.9700000000000002,0.2046413502109705,False,True,Julio
56,ALIM,Alimentos,2021-08-01,2021,8,4.76,3.84,0.9199999999999999,0.19327731092436976,True,False,Esporádico
56,ALIM,Alimentos,2021-09-01,2021,9,4.74,3.85,0.8900000000000001,0.1877637130801688,False,False,Ninguno
56,ALIM,Alimentos,2021-10-01,2021,10,4.76,3.85,0.9099999999999997,0.19117647058823523,False,False,Ninguno
56,ALIM,Alimentos,2021-11-01,2021,11,4.73,3.93,0.8000000000000003,0.16913319238900637,True,False,Esporádico
56,ALIM,Alimentos,2021-12-01,2021,12,4.75,3.93,0.8199999999999998,0.17263157894736839,False,False,Ninguno
56,ALIM,Alimentos,2022-01-01,2022,1,4.81,4.05,0.7599999999999998,0.15800415800415799,True,True,Esporádico
56,ALIM,Alimentos,2022-02-01,2022,2,4.83,4.14,0.6900000000000004,0.14285714285714293,True,True,Febrero
56,ALIM,Alimentos,2022-03-01,2022,3,4.82,4.14,0.6800000000000006,0.14107883817427397,False,False,Ninguno
56,ALIM,Alimentos,2022-04-01,2022,4,4.83,4.13,0.7000000000000002,0.1449275362318841,False,False,Ninguno
56,ALIM,Alimentos,2022-05-01,2022,5,4.84,4.14,0.7000000000000002,0.14462809917355376,False,False,Ninguno
56,ALIM,Alimentos,2022-06-01,2022,6,4.85,4.13,0.7199999999999998,0.14845360824742265,False,False,Ninguno
56,ALIM,Alimentos,2022-07-01,2022,7,4.85,4.13,0.7199999999999998,0.14845360824742265,False,True,Julio
56,ALIM,Alimentos,2022-08-01,2022,8,4.85,4.14,0.71,0.1463917525773196,False,False,Ninguno
56,ALIM,Alimentos,2022-09-01,2022,9,4.82,4.13,0.6900000000000004,0.14315352697095443,False,False,Ninguno
56,ALIM,Alimentos,2022-10-01,2022,10,4.84,4.13,0.71,0.14669421487603304,False,False,Ninguno
56,ALIM,Alimentos,2022-11-01,2022,11,4.83,4.14,0.6900000000000004,0.14285714285714293,False,False,Ninguno
56,ALIM,Alimentos,2022-12-01,2022,12,4.83,4.14,0.6900000000000004,0.14285714285714293,False,False,Ninguno
56,ALIM,Alimentos,2023-01-01,2023,1,4.84,4.13,0.71,0.14669421487603304,False,False,Ninguno
56,ALIM,Alimentos,2023-02-01,2023,2,4.84,4.28,0.5599999999999996,0.1157024793388429,True,False,Febrero
56,ALIM,Alimentos,2023-03-01,2023,3,4.83,4.28,0.5499999999999998,0.113871635610766,False,False,Ninguno
56,ALIM,Alimentos,2023-04-01,2023,4,5.05,4.29,0.7599999999999998,0.15049504950495046,False,True,Esporádico
56,ALIM,Alimentos,2023-05-01,2023,5,5.06,4.28,0.7799999999999994,0.15415019762845839,False,False,Ninguno
56,ALIM,Alimentos,2023-06-01,2023,6,5.07,4.28,0.79,0.15581854043392504,False,False,Ninguno
56,ALIM,Alimentos,2023-07-01,2023,7,5.43,4.64,0.79,0.14548802946593004,True,True,Julio
56,ALIM,Alimentos,2023-08-01,2023,8,5.43,4.63,0.7999999999999998,0.14732965009208102,False,False,Ninguno
56,ALIM,Alimentos,2023-09-01,2023,9,5.43,4.63,0.7999999999999998,0.14732965009208102,False,False,Ninguno
56,ALIM,Alimentos,2023-10-01,2023,10,5.44,4.63,0.8100000000000005,0.1488970588235295,False,False,Ninguno
56,ALIM,Alimentos,2023-11-01,2023,11,5.42,4.63,0.79,0.14575645756457564,False,False,Ninguno
56,ALIM,Alimentos,2023-12-01,2023,12,5.41,4.64,0.7700000000000005,0.14232902033271727,False,False,Ninguno
56,ALIM,Alimentos,2024-01-01,2024,1,5.42,4.63,0.79,0.14575645756457564,False,False,Ninguno
56,ALIM,Alimentos,2024-02-01,2024,2,5.41,4.73,0.6799999999999997,0.12569316081330864,True,False,Febrero
56,ALIM,Alimentos,2024-03-01,2024,3,5.43,4.73,0.6999999999999993,0.12891344383057077,False,False,Ninguno
56,ALIM,Alimentos,2024-04-01,2024,4,5.42,4.74,0.6799999999999997,0.12546125461254606,False,False,Ninguno
56,ALIM,Alimentos,2024-05-01,2024,5,5.43,4.73,0.6999999999999993,0.12891344383057077,False,False,Ninguno
56,ALIM,Alimentos,2024-06-01,2024,6,5.42,4.73,0.6899999999999995,0.12730627306273054,False,False,Ninguno
56,ALIM,Alimentos,2024-07-01,2024,7,5.53,4.73,0.7999999999999998,0.14466546112115727,False,True,Julio
56,ALIM,Alimentos,2024-08-01,2024,8,5.53,4.74,0.79,0.14285714285714285,False,False,Ninguno
56,ALIM,Alimentos,2024-09-01,2024,9,5.55,4.73,0.8199999999999994,0.14774774774774765,False,False,Ninguno
56,ALIM,Alimentos,2024-10-01,2024,10,5.55,4.73,0.8199999999999994,0.14774774774774765,False,False,Ninguno
56,ALIM,Alimentos,2024-11-01,2024,11,5.53,4.74,0.79,0.14285714285714285,False,False,Ninguno
56,ALIM,Alimentos,2024-12-01,2024,12,5.75,4.72,1.0300000000000002,0.17913043478260873,False,True,Esporádico
56,ALIM,Alimentos,2025-01-01,2025,1,5.76,4.72,1.04,0.18055555555555558,False,False,Ninguno
56,ALIM,Alimentos,2025-02-01,2025,2,5.76,4.91,0.8499999999999996,0.1475694444444444,True,True,Febrero
56,ALIM,Alimentos,2025-03-01,2025,3,5.76,4.89,0.8700000000000001,0.15104166666666669,False,False,Ninguno
56,ALIM,Alimentos,2025-04-01,2025,4,5.79,4.91,0.8799999999999999,0.15198618307426595,False,False,Ninguno
56,ALIM,Alimentos,2025-05-01,2025,5,5.79,4.9,0.8899999999999997,0.15371329879101894,False,False,Ninguno
56,ALIM,Alimentos,2025-06-01,2025,6,5.79,4.89,0.9000000000000004,0.15544041450777207,False,False,Ninguno
56,ALIM,Alimentos,2025-07-01,2025,7,5.85,5.0,0.8499999999999996,0.14529914529914525,True,True,Julio
56,ALIM,Alimentos,2025-08-01,2025,8,5.86,4.99,0.8700000000000001,0.1484641638225256,False,False,Ninguno
56,ALIM,Alimentos,2025-09-01,2025,9,5.83,4.99,0.8399999999999999,0.14408233276157803,False,False,Ninguno
56,ALIM,Alimentos,2025-10-01,2025,10,5.85,4.99,0.8599999999999994,0.14700854700854693,False,False,Ninguno
56,ALIM,Alimentos,2025-11-01,2025,11,5.84,5.0,0.8399999999999999,0.14383561643835616,False,False,Ninguno
57,BELLE,Belleza,2018-07-01,2018,7,62.46,39.88,22.58,0.361511367275056,False,True,Esporádico
57,BELLE,Belleza,2018-08-01,2018,8,66.45,39.81,26.64,0.400902934537246,False,True,Esporádico
57,BELLE,Belleza,2018-09-01,2018,9,66.54,39.88,26.660000000000004,0.40066125638713557,False,False,Ninguno
57,BELLE,Belleza,2018-10-01,2018,10,67.27,39.75,27.519999999999996,0.4090976661215995,False,True,Esporádico
57,BELLE,Belleza,2018-11-01,2018,11,67.42,39.86,27.560000000000002,0.40878077721744294,False,False,Ninguno
57,BELLE,Belleza,2018-12-01,2018,12,67.27,39.87,27.4,0.4073138100193251,False,False,Ninguno
57,BELLE,Belleza,2019-01-01,2019,1,67.58,40.6,26.979999999999997,0.39923054158034915,True,False,Esporádico
57,BELLE,Belleza,2019-02-01,2019,2,76.33,42.47,33.86,0.44360015721210533,True,True,Febrero
57,BELLE,Belleza,2019-03-01,2019,3,76.46,42.48,33.98,0.44441538059115876,False,False,Ninguno
57,BELLE,Belleza,2019-04-01,2019,4,76.43,42.36,34.07000000000001,0.44576736883422746,False,False,Esporádico
57,BELLE,Belleza,2019-05-01,2019,5,76.52,42.42,34.099999999999994,0.44563512807109246,False,False,Ninguno
57,BELLE,Belleza,2019-06-01,2019,6,76.4,42.39,34.010000000000005,0.44515706806282723,False,False,Ninguno
57,BELLE,Belleza,2019-07-01,2019,7,82.03,42.51,39.52,0.48177496038034867,False,True,Julio
57,BELLE,Belleza,2019-08-01,2019,8,81.77,42.39,39.379999999999995,0.4815947168888345,False,False,Ninguno
57,BELLE,Belleza,2019-09-01,2019,9,81.71,42.37,39.339999999999996,0.48145881777016275,False,False,Ninguno
57,BELLE,Belleza,2019-10-01,2019,10,81.94,42.43,39.51,0.4821820844520381,False,False,Ninguno
57,BELLE,Belleza,2019-11-01,2019,11,81.98,42.46,39.52,0.48206879726762625,False,False,Ninguno
57,BELLE,Belleza,2019-12-01,2019,12,81.81,42.39,39.42,0.48184818481848185,False,False,Ninguno
57,BELLE,Belleza,2020-01-01,2020,1,81.82,42.45,39.36999999999999,0.48117819604008794,False,False,Ninguno
57,BELLE,Belleza,2020-02-01,2020,2,83.68,41.34,42.34,0.5059751434034416,True,True,Febrero
57,BELLE,Belleza,2020-03-01,2020,3,84.07,41.43,42.63999999999999,0.5071963839657428,False,False,Ninguno
57,BELLE,Belleza,2020-04-01,2020,4,83.67,41.33,42.34,0.506035616110912,False,False,Ninguno
57,BELLE,Belleza,2020-05-01,2020,5,83.74,41.41,42.33,0.5054931932171005,False,False,Ninguno
57,BELLE,Belleza,2020-06-01,2020,6,83.67,41.36,42.31,0.5056770646587786,False,False,Ninguno
57,BELLE,Belleza,2020-07-01,2020,7,90.07,42.15,47.919999999999995,0.5320306428333518,True,True,Julio
57,BELLE,Belleza,2020-08-01,2020,8,89.93,42.14,47.790000000000006,0.5314133214722563,False,False,Ninguno
57,BELLE,Belleza,2020-09-01,2020,9,90.24,42.28,47.959999999999994,0.5314716312056738,False,False,Ninguno
57,BELLE,Belleza,2020-10-01,2020,10,93.13,42.25,50.879999999999995,0.5463330827875014,False,True,Esporádico
57,BELLE,Belleza,2020-11-01,2020,11,92.67,42.25,50.42,0.5440811481601381,False,False,Ninguno
57,BELLE,Belleza,2020-12-01,2020,12,93.02,42.15,50.87,0.5468716405074178,False,False,Ninguno
57,BELLE,Belleza,2021-01-01,2021,1,93.21,42.18,51.029999999999994,0.547473447055037,False,False,Esporádico
57,BELLE,Belleza,2021-02-01,2021,2,101.32,42.28,59.03999999999999,0.5827082510856691,False,True,Febrero
57,BELLE,Belleza,2021-03-01,2021,3,101.4,42.26,59.14000000000001,0.5832347140039448,False,False,Ninguno
57,BELLE,Belleza,2021-04-01,2021,4,101.3,42.28,59.019999999999996,0.5826258637709772,False,False,Ninguno
57,BELLE,Belleza,2021-05-01,2021,5,101.68,42.2,59.480000000000004,0.5849724626278521,False,False,Ninguno
57,BELLE,Belleza,2021-06-01,2021,6,101.49,42.19,59.3,0.5842940191151837,False,False,Ninguno
57,BELLE,Belleza,2021-07-01,2021,7,112.13,42.19,69.94,0.6237403014358334,False,True,Julio
57,BELLE,Belleza,2021-08-01,2021,8,112.29,42.13,70.16,0.6248107578591148,False,False,Ninguno
57,BELLE,Belleza,2021-09-01,2021,9,111.99,42.23,69.75999999999999,0.6229127600678631,False,False,Ninguno
57,BELLE,Belleza,2021-10-01,2021,10,112.12,42.12,70.0,0.624331073849447,False,False,Ninguno
57,BELLE,Belleza,2021-11-01,2021,11,111.72,42.12,69.6,0.6229860365198711,False,False,Ninguno
57,BELLE,Belleza,2021-12-01,2021,12,111.85,42.22,69.63,0.6225301743406347,False,False,Ninguno
57,BELLE,Belleza,2022-01-01,2022,1,112.16,42.15,70.00999999999999,0.62419757489301,False,False,Ninguno
57,BELLE,Belleza,2022-02-01,2022,2,109.95,43.06,66.89,0.6083674397453388,True,True,Febrero
57,BELLE,Belleza,2022-03-01,2022,3,109.68,43.08,66.60000000000001,0.6072210065645515,False,False,Ninguno
57,BELLE,Belleza,2022-04-01,2022,4,109.57,42.97,66.6,0.6078306105685862,False,False,Ninguno
57,BELLE,Belleza,2022-05-01,2022,5,110.14,43.03,67.11,0.6093154167423279,False,False,Ninguno
57,BELLE,Belleza,2022-06-01,2022,6,109.69,43.0,66.69,0.6079861427659768,False,False,Ninguno
57,BELLE,Belleza,2022-07-01,2022,7,117.04,43.93,73.11000000000001,0.6246582365003418,True,True,Julio
57,BELLE,Belleza,2022-08-01,2022,8,116.53,43.9,72.63,0.6232729769158156,False,False,Ninguno
57,BELLE,Belleza,2022-09-01,2022,9,116.9,43.87,73.03,0.6247219846022241,False,False,Ninguno
57,BELLE,Belleza,2022-10-01,2022,10,116.81,43.93,72.88,0.6239191850012841,False,False,Ninguno
57,BELLE,Belleza,2022-11-01,2022,11,116.88,43.94,72.94,0.6240588637919233,False,False,Ninguno
57,BELLE,Belleza,2022-12-01,2022,12,116.85,43.97,72.88,0.6237056054771074,False,False,Ninguno
57,BELLE,Belleza,2023-01-01,2023,1,116.61,43.95,72.66,0.6231026498585027,False,False,Esporádico
57,BELLE,Belleza,2023-02-01,2023,2,120.67,47.86,72.81,0.6033811220684512,True,True,Febrero
57,BELLE,Belleza,2023-03-01,2023,3,120.57,47.72,72.85,0.6042133200630339,False,False,Ninguno
57,BELLE,Belleza,2023-04-01,2023,4,120.22,48.82,71.4,0.5939111628680752,True,False,Esporádico
57,BELLE,Belleza,2023-05-01,2023,5,120.58,48.69,71.89,0.5962016918228562,False,False,Ninguno
57,BELLE,Belleza,2023-06-01,2023,6,120.17,48.73,71.44,0.5944911375551302,False,False,Ninguno
57,BELLE,Belleza,2023-07-01,2023,7,123.29,50.73,72.56,0.5885311055235624,True,True,Julio
57,BELLE,Belleza,2023-08-01,2023,8,123.25,50.9,72.35,0.5870182555780933,False,False,Ninguno
57,BELLE,Belleza,2023-09-01,2023,9,122.85,50.88,71.97,0.5858363858363859,False,False,Ninguno
57,BELLE,Belleza,2023-10-01,2023,10,122.85,50.77,72.07999999999998,0.5867317867317866,False,False,Ninguno
57,BELLE,Belleza,2023-11-01,2023,11,123.39,50.87,72.52000000000001,0.5877299619093931,False,False,Ninguno
57,BELLE,Belleza,2023-12-01,2023,12,123.35,50.86,72.49,0.5876773408998783,False,False,Esporádico
57,BELLE,Belleza,2024-01-01,2024,1,122.98,50.84,72.14,0.5865994470645634,False,False,Ninguno
57,BELLE,Belleza,2024-02-01,2024,2,117.1,51.91,65.19,0.5567036720751495,True,True,Febrero
57,BELLE,Belleza,2024-03-01,2024,3,117.19,51.88,65.31,0.5573001109309669,False,False,Ninguno
57,BELLE,Belleza,2024-04-01,2024,4,117.13,51.83,65.3,0.5575002134380602,False,False,Ninguno
57,BELLE,Belleza,2024-05-01,2024,5,117.07,51.87,65.19999999999999,0.5569317502349022,False,False,Ninguno
57,BELLE,Belleza,2024-06-01,2024,6,117.11,51.94,65.17,0.5564853556485356,False,False,Ninguno
57,BELLE,Belleza,2024-07-01,2024,7,117.42,51.89,65.53,0.5580820984500086,False,False,Julio
57,BELLE,Belleza,2024-08-01,2024,8,117.42,51.95,65.47,0.557571112246636,False,False,Ninguno
57,BELLE,Belleza,2024-09-01,2024,9,116.82,51.82,65.0,0.5564115733607259,False,False,Ninguno
57,BELLE,Belleza,2024-10-01,2024,10,116.99,51.82,65.16999999999999,0.5570561586460381,False,False,Ninguno
57,BELLE,Belleza,2024-11-01,2024,11,116.85,56.01,60.839999999999996,0.5206675224646983,True,False,Esporádico
57,BELLE,Belleza,2024-12-01,2024,12,116.9,55.9,61.00000000000001,0.521813515825492,False,False,Ninguno
57,BELLE,Belleza,2025-01-01,2025,1,117.31,56.01,61.300000000000004,0.5225470974341488,False,False,Ninguno
57,BELLE,Belleza,2025-02-01,2025,2,115.65,63.55,52.10000000000001,0.45049718979680076,True,True,Febrero
57,BELLE,Belleza,2025-03-01,2025,3,116.12,63.56,52.56,0.4526352049603858,False,False,Ninguno
57,BELLE,Belleza,2025-04-01,2025,4,116.0,63.62,52.38,0.45155172413793104,False,False,Ninguno
57,BELLE,Belleza,2025-05-01,2025,5,115.5,63.6,51.9,0.44935064935064933,False,False,Ninguno
57,BELLE,Belleza,2025-06-01,2025,6,115.86,63.49,52.37,0.45201104781633006,False,False,Ninguno
57,BELLE,Belleza,2025-07-01,2025,7,123.39,65.67,57.72,0.46778507172380257,True,True,Julio
57,BELLE,Belleza,2025-08-01,2025,8,123.38,65.65,57.72999999999999,0.46790403631058514,False,False,Ninguno
57,BELLE,Belleza,2025-09-01,2025,9,123.65,65.63,58.02000000000001,0.4692276587141125,False,False,Ninguno
57,BELLE,Belleza,2025-10-01,2025,10,123.34,65.72,57.620000000000005,0.46716393708448195,False,False,Ninguno
57,BELLE,Belleza,2025-11-01,2025,11,123.21,65.56,57.64999999999999,0.4679003327651976,False,False,Ninguno
58,ELEC,Electrónica,2018-07-01,2018,7,105.35,83.5,21.849999999999994,0.20740389178927382,False,False,Ninguno
58,ELEC,Electrónica,2018-08-01,2018,8,105.28,83.26,22.019999999999996,0.20915653495440725,False,False,Ninguno
58,ELEC,Electrónica,2018-09-01,2018,9,105.28,83.35,21.930000000000007,0.20830167173252287,False,False,Ninguno
58,ELEC,Electrónica,2018-10-01,2018,10,105.56,83.28,22.28,0.21106479727169383,False,False,Ninguno
58,ELEC,Electrónica,2018-11-01,2018,11,105.44,83.2,22.239999999999995,0.21092564491654017,False,False,Ninguno
58,ELEC,Electrónica,2018-12-01,2018,12,105.27,83.46,21.810000000000002,0.207181533200342,False,False,Ninguno
58,ELEC,Electrónica,2019-01-01,2019,1,105.52,83.4,22.11999999999999,0.20962850644427589,False,False,Ninguno
58,ELEC,Electrónica,2019-02-01,2019,2,109.97,90.84,19.129999999999995,0.1739565336000727,True,True,Febrero
58,ELEC,Electrónica,2019-03-01,2019,3,109.63,90.99,18.64,0.17002645261333577,False,False,Ninguno
58,ELEC,Electrónica,2019-04-01,2019,4,109.46,90.75,18.709999999999994,0.17093002009866612,False,False,Ninguno
58,ELEC,Electrónica,2019-05-01,2019,5,109.8,90.75,19.049999999999997,0.1734972677595628,False,False,Ninguno
58,ELEC,Electrónica,2019-06-01,2019,6,109.64,90.73,18.909999999999997,0.17247354979934326,False,False,Ninguno
58,ELEC,Electrónica,2019-07-01,2019,7,117.45,90.82,26.63000000000001,0.22673478075776934,False,True,Julio
58,ELEC,Electrónica,2019-08-01,2019,8,117.08,90.98,26.099999999999994,0.2229244960710625,False,False,Ninguno
58,ELEC,Electrónica,2019-09-01,2019,9,117.44,90.98,26.459999999999994,0.22530653950953675,False,False,Ninguno
58,ELEC,Electrónica,2019-10-01,2019,10,117.06,90.86,26.200000000000003,0.22381684606184865,False,False,Ninguno
58,ELEC,Electrónica,2019-11-01,2019,11,117.56,90.9,26.659999999999997,0.22677781558353177,False,False,Ninguno
58,ELEC,Electrónica,2019-12-01,2019,12,117.03,90.94,26.090000000000003,0.222934290352901,False,False,Ninguno
58,ELEC,Electrónica,2020-01-01,2020,1,117.21,90.96,26.25,0.22395700025595086,False,False,Ninguno
58,ELEC,Electrónica,2020-02-01,2020,2,125.75,90.98,34.769999999999996,0.27650099403578526,False,True,Febrero
58,ELEC,Electrónica,2020-03-01,2020,3,125.9,91.01,34.89,0.27712470214455914,False,False,Ninguno
58,ELEC,Electrónica,2020-04-01,2020,4,125.47,90.93,34.53999999999999,0.2752849286682075,False,False,Ninguno
58,ELEC,Electrónica,2020-05-01,2020,5,126.06,91.01,35.05,0.27804220212597175,False,False,Ninguno
58,ELEC,Electrónica,2020-06-01,2020,6,125.73,90.76,34.97,0.27813568758450646,False,False,Ninguno
58,ELEC,Electrónica,2020-07-01,2020,7,133.97,92.58,41.39,0.30894976487273274,True,True,Julio
58,ELEC,Electrónica,2020-08-01,2020,8,133.91,92.59,41.31999999999999,0.3085654544096781,False,False,Ninguno
58,ELEC,Electrónica,2020-09-01,2020,9,133.53,92.69,40.84,0.30584887291245416,False,False,Ninguno
58,ELEC,Electrónica,2020-10-01,2020,10,133.41,92.58,40.83,0.30604902181245786,False,False,Ninguno
58,ELEC,Electrónica,2020-11-01,2020,11,133.71,92.77,40.94000000000001,0.30618502729788355,False,False,Ninguno
58,ELEC,Electrónica,2020-12-01,2020,12,133.36,92.57,40.79000000000002,0.3058638272345532,False,False,Ninguno
58,ELEC,Electrónica,2021-01-01,2021,1,133.87,92.55,41.32000000000001,0.3086576529468888,False,False,Ninguno
58,ELEC,Electrónica,2021-02-01,2021,2,127.73,102.48,25.25,0.1976826117591795,True,True,Febrero
58,ELEC,Electrónica,2021-03-01,2021,3,136.79,102.62,34.16999999999999,0.24979896191242043,False,True,Esporádico
58,ELEC,Electrónica,2021-04-01,2021,4,136.89,102.63,34.25999999999999,0.2502739425816348,False,False,Ninguno
58,ELEC,Electrónica,2021-05-01,2021,5,136.69,102.59,34.099999999999994,0.24946960275074984,False,False,Ninguno
58,ELEC,Electrónica,2021-06-01,2021,6,136.4,102.37,34.03,0.24948680351906158,False,False,Ninguno
58,ELEC,Electrónica,2021-07-01,2021,7,136.74,102.38,34.360000000000014,0.25127980108234615,False,False,Julio
58,ELEC,Electrónica,2021-08-01,2021,8,136.43,102.32,34.110000000000014,0.25001832441545124,False,False,Ninguno
58,ELEC,Electrónica,2021-09-01,2021,9,136.41,102.44,33.97,0.2490286635877135,False,False,Ninguno
58,ELEC,Electrónica,2021-10-01,2021,10,136.98,102.49,34.489999999999995,0.2517885822747846,False,False,Ninguno
58,ELEC,Electrónica,2021-11-01,2021,11,136.77,102.56,34.21000000000001,0.2501279520362653,False,False,Ninguno
58,ELEC,Electrónica,2021-12-01,2021,12,136.62,102.49,34.13000000000001,0.24981701068657597,False,False,Ninguno
58,ELEC,Electrónica,2022-01-01,2022,1,136.95,102.33,34.61999999999999,0.2527929901423877,False,False,Ninguno
58,ELEC,Electrónica,2022-02-01,2022,2,131.92,100.98,30.939999999999984,0.2345360824742267,True,True,Febrero
58,ELEC,Electrónica,2022-03-01,2022,3,131.8,100.83,30.970000000000013,0.23497723823975727,False,False,Ninguno
58,ELEC,Electrónica,2022-04-01,2022,4,131.91,100.73,31.179999999999993,0.2363732848154044,False,False,Ninguno
58,ELEC,Electrónica,2022-05-01,2022,5,132.3,100.7,31.60000000000001,0.23885109599395318,False,False,Ninguno
58,ELEC,Electrónica,2022-06-01,2022,6,132.07,101.01,31.059999999999988,0.23517831453017332,False,False,Ninguno
58,ELEC,Electrónica,2022-07-01,2022,7,144.0,100.76,43.239999999999995,0.30027777777777775,False,True,Julio
58,ELEC,Electrónica,2022-08-01,2022,8,144.26,100.74,43.519999999999996,0.3016775266879246,False,False,Ninguno
58,ELEC,Electrónica,2022-09-01,2022,9,144.25,100.85,43.400000000000006,0.3008665511265165,False,False,Ninguno
58,ELEC,Electrónica,2022-10-01,2022,10,144.19,100.98,43.209999999999994,0.2996740411956446,False,False,Ninguno
58,ELEC,Electrónica,2022-11-01,2022,11,144.53,100.93,43.599999999999994,0.30166747388085513,False,False,Ninguno
58,ELEC,Electrónica,2022-12-01,2022,12,144.03,100.8,43.230000000000004,0.30014580295771714,False,False,Ninguno
58,ELEC,Electrónica,2023-01-01,2023,1,144.25,100.97,43.28,0.3000346620450607,False,False,Ninguno
58,ELEC,Electrónica,2023-02-01,2023,2,151.08,102.86,48.22000000000001,0.31916865236960557,True,True,Febrero
58,ELEC,Electrónica,2023-03-01,2023,3,151.61,103.07,48.54000000000002,0.32016357760042224,False,False,Ninguno
58,ELEC,Electrónica,2023-04-01,2023,4,151.04,105.66,45.379999999999995,0.3004502118644068,True,False,Esporádico
58,ELEC,Electrónica,2023-05-01,2023,5,151.41,105.39,46.019999999999996,0.3039429363978601,False,False,Ninguno
58,ELEC,Electrónica,2023-06-01,2023,6,150.95,105.62,45.329999999999984,0.30029811195760175,False,False,Ninguno
58,ELEC,Electrónica,2023-07-01,2023,7,153.67,112.18,41.48999999999998,0.2699941432940716,True,True,Julio
58,ELEC,Electrónica,2023-08-01,2023,8,154.39,112.41,41.97999999999999,0.271908802383574,False,False,Ninguno
58,ELEC,Electrónica,2023-09-01,2023,9,154.39,112.24,42.14999999999999,0.2730099099682622,False,False,Ninguno
58,ELEC,Electrónica,2023-10-01,2023,10,153.95,112.42,41.52999999999999,0.26976291003572583,False,False,Ninguno
58,ELEC,Electrónica,2023-11-01,2023,11,153.91,112.35,41.56,0.2700279384055617,False,False,Ninguno
58,ELEC,Electrónica,2023-12-01,2023,12,153.56,112.3,41.260000000000005,0.26868976295910396,False,False,Ninguno
58,ELEC,Electrónica,2024-01-01,2024,1,153.56,112.36,41.2,0.2682990362073457,False,False,Ninguno
58,ELEC,Electrónica,2024-02-01,2024,2,173.4,127.01,46.39,0.26753171856978086,True,True,Febrero
58,ELEC,Electrónica,2024-03-01,2024,3,173.68,127.14,46.540000000000006,0.26796407185628746,False,False,Ninguno
58,ELEC,Electrónica,2024-04-01,2024,4,173.68,127.04,46.64,0.2685398433901428,False,False,Ninguno
58,ELEC,Electrónica,2024-05-01,2024,5,173.12,127.04,46.08,0.266173752310536,False,False,Ninguno
58,ELEC,Electrónica,2024-06-01,2024,6,173.17,126.89,46.27999999999999,0.26725183345845116,False,False,Ninguno
58,ELEC,Electrónica,2024-07-01,2024,7,177.57,137.6,39.97,0.22509432899701526,True,True,Julio
58,ELEC,Electrónica,2024-08-01,2024,8,177.57,137.62,39.94999999999999,0.22498169735878804,False,False,Ninguno
58,ELEC,Electrónica,2024-09-01,2024,9,178.41,137.66,40.75,0.22840647945742953,False,False,Ninguno
58,ELEC,Electrónica,2024-10-01,2024,10,178.23,137.43,40.79999999999998,0.22891769062447392,False,False,Esporádico
58,ELEC,Electrónica,2024-11-01,2024,11,177.81,137.33,40.47999999999999,0.22765873685394517,False,False,Ninguno
58,ELEC,Electrónica,2024-12-01,2024,12,177.79,137.38,40.41,0.22729062376961584,False,False,Ninguno
58,ELEC,Electrónica,2025-01-01,2025,1,177.81,137.42,40.390000000000015,0.22715257859512972,False,False,Ninguno
58,ELEC,Electrónica,2025-02-01,2025,2,180.29,141.61,38.67999999999998,0.21454323589772023,True,True,Febrero
58,ELEC,Electrónica,2025-03-01,2025,3,179.51,141.47,38.03999999999999,0.21191019998885852,False,False,Ninguno
58,ELEC,Electrónica,2025-04-01,2025,4,181.51,141.72,39.78999999999999,0.219216572089692,False,True,Esporádico
58,ELEC,Electrónica,2025-05-01,2025,5,181.05,141.5,39.55000000000001,0.21844794255730465,False,False,Ninguno
58,ELEC,Electrónica,2025-06-01,2025,6,181.19,141.5,39.69,0.2190518240521,False,False,Ninguno
58,ELEC,Electrónica,2025-07-01,2025,7,198.52,141.74,56.78,0.2860165222647592,False,True,Julio
58,ELEC,Electrónica,2025-08-01,2025,8,198.69,141.53,57.16,0.2876843323770698,False,False,Ninguno
58,ELEC,Electrónica,2025-09-01,2025,9,199.47,141.47,58.0,0.2907705419361307,False,False,Ninguno
58,ELEC,Electrónica,2025-10-01,2025,10,198.82,141.54,57.28,0.28809978875364656,False,False,Esporádico
58,ELEC,Electrónica,2025-11-01,2025,11,199.38,141.36,58.01999999999998,0.29100210653024366,False,False,Ninguno
59,BELLE,Belleza,2018-07-01,2018,7,124.1,80.32,43.78,0.3527800161160355,False,False,Ninguno
59,BELLE,Belleza,2018-08-01,2018,8,124.24,80.56,43.67999999999999,0.3515775917578879,False,False,Ninguno
59,BELLE,Belleza,2018-09-01,2018,9,124.24,80.38,43.86,0.353026400515132,False,False,Ninguno
59,BELLE,Belleza,2018-10-01,2018,10,124.1,80.51,43.58999999999999,0.351248992747784,False,False,Ninguno
59,BELLE,Belleza,2018-11-01,2018,11,124.28,80.31,43.97,0.35379787576440297,False,False,Ninguno
59,BELLE,Belleza,2018-12-01,2018,12,124.38,80.47,43.91,0.3530310339282843,False,False,Ninguno
59,BELLE,Belleza,2019-01-01,2019,1,124.12,80.54,43.58,0.3511118272639381,False,False,Ninguno
59,BELLE,Belleza,2019-02-01,2019,2,129.15,82.06,47.09,0.3646147890050329,True,True,Febrero
59,BELLE,Belleza,2019-03-01,2019,3,128.8,82.04,46.760000000000005,0.3630434782608696,False,False,Ninguno
59,BELLE,Belleza,2019-04-01,2019,4,129.26,82.11,47.14999999999999,0.3647686832740213,False,False,Ninguno
59,BELLE,Belleza,2019-05-01,2019,5,129.02,82.04,46.980000000000004,0.36412959231126957,False,False,Ninguno
59,BELLE,Belleza,2019-06-01,2019,6,128.7,81.9,46.79999999999998,0.36363636363636354,False,False,Ninguno
59,BELLE,Belleza,2019-07-01,2019,7,141.63,83.76,57.86999999999999,0.4085998729082821,True,True,Julio
59,BELLE,Belleza,2019-08-01,2019,8,141.21,83.67,57.540000000000006,0.4074782239218186,False,False,Ninguno
59,BELLE,Belleza,2019-09-01,2019,9,141.39,83.82,57.56999999999999,0.4071716528750265,False,False,Ninguno
59,BELLE,Belleza,2019-10-01,2019,10,141.49,83.53,57.96000000000001,0.4096402572619973,False,False,Ninguno
59,BELLE,Belleza,2019-11-01,2019,11,149.78,83.79,65.99,0.4405795166243824,False,True,Esporádico
59,BELLE,Belleza,2019-12-01,2019,12,150.02,83.79,66.23,0.44147447007065727,False,False,Ninguno
59,BELLE,Belleza,2020-01-01,2020,1,150.54,83.51,67.02999999999999,0.4452637172844426,False,False,Ninguno
59,BELLE,Belleza,2020-02-01,2020,2,160.79,91.67,69.11999999999999,0.42987747994278247,True,True,Febrero
59,BELLE,Belleza,2020-03-01,2020,3,160.56,91.7,68.86,0.42887394120577976,False,False,Ninguno
59,BELLE,Belleza,2020-04-01,2020,4,160.99,91.72,69.27000000000001,0.43027517237095475,False,False,Ninguno
59,BELLE,Belleza,2020-05-01,2020,5,160.85,91.41,69.44,0.4317065589058129,False,False,Ninguno
59,BELLE,Belleza,2020-06-01,2020,6,166.49,93.57,72.92000000000002,0.4379842633191183,True,True,Esporádico
59,BELLE,Belleza,2020-07-01,2020,7,166.93,97.15,69.78,0.4180195291439525,True,False,Julio
59,BELLE,Belleza,2020-08-01,2020,8,166.35,97.15,69.19999999999999,0.41599038172527797,False,False,Ninguno
59,BELLE,Belleza,2020-09-01,2020,9,166.51,97.15,69.35999999999999,0.416551558464957,False,False,Ninguno
59,BELLE,Belleza,2020-10-01,2020,10,166.79,97.23,69.55999999999999,0.4170513819773367,False,False,Ninguno
59,BELLE,Belleza,2020-11-01,2020,11,166.81,97.16,69.65,0.4175409148132606,False,False,Ninguno
59,BELLE,Belleza,2020-12-01,2020,12,166.33,97.19,69.14000000000001,0.4156796729393375,False,False,Ninguno
59,BELLE,Belleza,2021-01-01,2021,1,166.71,97.24,69.47000000000001,0.4167116549697079,False,False,Ninguno
59,BELLE,Belleza,2021-02-01,2021,2,166.27,99.24,67.03000000000002,0.40313947194322497,True,False,Febrero
59,BELLE,Belleza,2021-03-01,2021,3,167.8,99.44,68.36000000000001,0.4073897497020263,False,True,Esporádico
59,BELLE,Belleza,2021-04-01,2021,4,168.05,99.47,68.58000000000001,0.40809282951502535,False,False,Ninguno
59,BELLE,Belleza,2021-05-01,2021,5,168.32,99.29,69.02999999999999,0.4101116920152091,False,False,Ninguno
59,BELLE,Belleza,2021-06-01,2021,6,168.68,99.25,69.43,0.4116077780412616,False,False,Ninguno
59,BELLE,Belleza,2021-07-01,2021,7,164.79,99.34,65.44999999999999,0.39717215850476356,False,True,Julio
59,BELLE,Belleza,2021-08-01,2021,8,164.24,99.41,64.83000000000001,0.39472722844617636,False,False,Ninguno
59,BELLE,Belleza,2021-09-01,2021,9,164.64,99.34,65.29999999999998,0.39662293488824096,False,False,Ninguno
59,BELLE,Belleza,2021-10-01,2021,10,164.83,99.55,65.28000000000002,0.3960444093914943,False,False,Ninguno
59,BELLE,Belleza,2021-11-01,2021,11,164.93,99.3,65.63000000000001,0.3979263930152186,False,False,Ninguno
59,BELLE,Belleza,2021-12-01,2021,12,163.97,99.17,64.8,0.3951942428493017,False,False,Ninguno
59,BELLE,Belleza,2022-01-01,2022,1,164.14,99.5,64.63999999999999,0.39381016205678077,False,False,Ninguno
59,BELLE,Belleza,2022-02-01,2022,2,164.62,92.96,71.66000000000001,0.43530555218078004,True,True,Febrero
59,BELLE,Belleza,2022-03-01,2022,3,164.13,93.03,71.1,0.4331932005117894,False,False,Ninguno
59,BELLE,Belleza,2022-04-01,2022,4,164.81,92.99,71.82000000000001,0.4357745282446454,False,False,Ninguno
59,BELLE,Belleza,2022-05-01,2022,5,164.22,93.1,71.12,0.43307757885763004,False,False,Ninguno
59,BELLE,Belleza,2022-06-01,2022,6,164.6,93.17,71.42999999999999,0.43396111786148234,False,False,Ninguno
59,BELLE,Belleza,2022-07-01,2022,7,160.05,89.21,70.84000000000002,0.44261168384879734,True,True,Julio
59,BELLE,Belleza,2022-08-01,2022,8,159.03,91.27,67.76,0.4260831289693769,True,True,Esporádico
59,BELLE,Belleza,2022-09-01,2022,9,159.6,91.26,68.33999999999999,0.42819548872180446,False,False,Ninguno
59,BELLE,Belleza,2022-10-01,2022,10,159.14,90.93,68.20999999999998,0.4286163126806585,False,False,Ninguno
59,BELLE,Belleza,2022-11-01,2022,11,159.56,90.94,68.62,0.4300576585610429,False,False,Esporádico
59,BELLE,Belleza,2022-12-01,2022,12,158.77,91.12,67.65,0.42608805189897336,False,False,Ninguno
59,BELLE,Belleza,2023-01-01,2023,1,159.06,90.97,68.09,0.42807745504840944,False,False,Ninguno
59,BELLE,Belleza,2023-02-01,2023,2,174.93,106.25,68.68,0.3926141885325559,True,True,Febrero
59,BELLE,Belleza,2023-03-01,2023,3,175.57,105.9,69.66999999999999,0.39682178048641564,False,False,Ninguno
59,BELLE,Belleza,2023-04-01,2023,4,175.54,105.89,69.64999999999999,0.39677566366640077,False,False,Ninguno
59,BELLE,Belleza,2023-05-01,2023,5,174.56,106.04,68.52,0.39252978918423465,False,False,Ninguno
59,BELLE,Belleza,2023-06-01,2023,6,175.58,106.18,69.4,0.3952614192960474,False,False,Ninguno
59,BELLE,Belleza,2023-07-01,2023,7,173.83,109.85,63.98000000000002,0.36806074900765123,True,True,Julio
59,BELLE,Belleza,2023-08-01,2023,8,173.36,109.93,63.43000000000001,0.3658860175357637,False,False,Ninguno
59,BELLE,Belleza,2023-09-01,2023,9,173.84,110.03,63.81,0.36706166589967787,False,False,Ninguno
59,BELLE,Belleza,2023-10-01,2023,10,184.61,109.84,74.77000000000001,0.40501597963273933,False,True,Esporádico
59,BELLE,Belleza,2023-11-01,2023,11,184.8,110.04,74.76,0.40454545454545454,False,False,Ninguno
59,BELLE,Belleza,2023-12-01,2023,12,185.21,109.99,75.22000000000001,0.4061335781005346,False,False,Ninguno
59,BELLE,Belleza,2024-01-01,2024,1,184.76,109.9,74.85999999999999,0.40517428014721796,False,False,Ninguno
59,BELLE,Belleza,2024-02-01,2024,2,182.48,111.88,70.6,0.3868917141604559,True,True,Febrero
59,BELLE,Belleza,2024-03-01,2024,3,182.59,111.93,70.66,0.3869872391697245,False,False,Ninguno
59,BELLE,Belleza,2024-04-01,2024,4,182.94,114.06,68.88,0.3765168907838635,True,False,Esporádico
59,BELLE,Belleza,2024-05-01,2024,5,182.68,114.28,68.4,0.37442522443617254,False,False,Ninguno
59,BELLE,Belleza,2024-06-01,2024,6,183.1,114.33,68.77,0.3755871108683779,False,False,Ninguno
59,BELLE,Belleza,2024-07-01,2024,7,200.79,116.91,83.88,0.41774988794262663,True,True,Julio
59,BELLE,Belleza,2024-08-01,2024,8,200.49,116.82,83.67000000000002,0.41732754750860396,False,False,Ninguno
59,BELLE,Belleza,2024-09-01,2024,9,201.46,116.78,84.68,0.42033157946987,False,False,Ninguno
59,BELLE,Belleza,2024-10-01,2024,10,201.48,120.36,81.11999999999999,0.40262060750446693,True,False,Esporádico
59,BELLE,Belleza,2024-11-01,2024,11,200.33,120.45,79.88000000000001,0.3987420755753008,False,False,Ninguno
59,BELLE,Belleza,2024-12-01,2024,12,200.61,120.45,80.16000000000001,0.39958127710483027,False,False,Ninguno
59,BELLE,Belleza,2025-01-01,2025,1,201.27,120.18,81.09,0.4028916380980772,False,False,Ninguno
59,BELLE,Belleza,2025-02-01,2025,2,224.62,119.31,105.31,0.46883625678924407,True,True,Febrero
59,BELLE,Belleza,2025-03-01,2025,3,224.85,119.63,105.22,0.46795641538803645,False,False,Ninguno
59,BELLE,Belleza,2025-04-01,2025,4,225.18,119.46,105.72000000000001,0.4694910738076206,False,False,Ninguno
59,BELLE,Belleza,2025-05-01,2025,5,225.6,119.44,106.16,0.4705673758865248,False,False,Ninguno
59,BELLE,Belleza,2025-06-01,2025,6,224.91,119.49,105.42,0.46872082166199813,False,False,Ninguno
59,BELLE,Belleza,2025-07-01,2025,7,224.6,119.58,105.02,0.46758682101513804,False,False,Julio
59,BELLE,Belleza,2025-08-01,2025,8,225.64,119.43,106.20999999999998,0.47070554866158476,False,False,Ninguno
59,BELLE,Belleza,2025-09-01,2025,9,225.46,119.47,105.99000000000001,0.4701055619622106,False,False,Ninguno
59,BELLE,Belleza,2025-10-01,2025,10,225.49,119.48,106.01,0.47013171315801144,False,False,Ninguno
59,BELLE,Belleza,2025-11-01,2025,11,224.73,119.62,105.10999999999999,0.46771681573443685,False,False,Ninguno
60,HERR,Herramientas,2018-07-01,2018,7,46.44,33.78,12.659999999999997,0.272609819121447,False,False,Ninguno
60,HERR,Herramientas,2018-08-01,2018,8,46.47,33.69,12.780000000000001,0.27501613944480313,False,False,Ninguno
60,HERR,Herramientas,2018-09-01,2018,9,46.57,33.82,12.75,0.2737814043375564,False,False,Ninguno
60,HERR,Herramientas,2018-10-01,2018,10,46.43,33.74,12.689999999999998,0.27331466724100795,False,False,Ninguno
60,HERR,Herramientas,2018-11-01,2018,11,47.09,33.71,13.380000000000003,0.2841367593968996,False,True,Esporádico
60,HERR,Herramientas,2018-12-01,2018,12,47.03,36.34,10.689999999999998,0.2273017223049117,True,True,Esporádico
60,HERR,Herramientas,2019-01-01,2019,1,46.99,36.4,10.590000000000003,0.2253670993828475,False,False,Ninguno
60,HERR,Herramientas,2019-02-01,2019,2,52.46,37.17,15.29,0.2914601601219977,True,True,Febrero
60,HERR,Herramientas,2019-03-01,2019,3,52.55,37.12,15.43,0.29362511893434823,False,False,Ninguno
60,HERR,Herramientas,2019-04-01,2019,4,56.02,37.09,18.93,0.3379150303463049,False,True,Esporádico
60,HERR,Herramientas,2019-05-01,2019,5,57.78,37.08,20.700000000000003,0.3582554517133957,False,True,Esporádico
60,HERR,Herramientas,2019-06-01,2019,6,57.81,37.15,20.660000000000004,0.35737761632935483,False,False,Ninguno
60,HERR,Herramientas,2019-07-01,2019,7,63.49,37.83,25.660000000000004,0.4041581351393921,True,True,Julio
60,HERR,Herramientas,2019-08-01,2019,8,63.27,37.81,25.46,0.4024024024024024,False,False,Ninguno
60,HERR,Herramientas,2019-09-01,2019,9,63.28,37.89,25.39,0.40123261694058154,False,False,Ninguno
60,HERR,Herramientas,2019-10-01,2019,10,63.31,37.81,25.5,0.40277997156847256,False,False,Ninguno
60,HERR,Herramientas,2019-11-01,2019,11,63.51,37.89,25.619999999999997,0.4034010392064242,False,False,Ninguno
60,HERR,Herramientas,2019-12-01,2019,12,63.5,37.83,25.67,0.404251968503937,False,False,Ninguno
60,HERR,Herramientas,2020-01-01,2020,1,63.48,37.83,25.65,0.4040642722117202,False,False,Ninguno
60,HERR,Herramientas,2020-02-01,2020,2,73.44,38.88,34.559999999999995,0.4705882352941176,True,True,Febrero
60,HERR,Herramientas,2020-03-01,2020,3,73.47,38.87,34.6,0.47094051994011166,False,False,Ninguno
60,HERR,Herramientas,2020-04-01,2020,4,73.56,38.88,34.68,0.47145187601957583,False,False,Ninguno
60,HERR,Herramientas,2020-05-01,2020,5,73.48,38.79,34.690000000000005,0.4721012520413718,False,False,Ninguno
60,HERR,Herramientas,2020-06-01,2020,6,73.76,38.75,35.010000000000005,0.47464750542299355,False,False,Ninguno
60,HERR,Herramientas,2020-07-01,2020,7,73.78,41.77,32.01,0.43385741393331523,True,False,Julio
60,HERR,Herramientas,2020-08-01,2020,8,73.46,41.7,31.75999999999999,0.4323441328614211,False,False,Ninguno
60,HERR,Herramientas,2020-09-01,2020,9,73.59,41.65,31.940000000000005,0.4340263622774834,False,False,Ninguno
60,HERR,Herramientas,2020-10-01,2020,10,73.47,41.69,31.78,0.4325575064652239,False,False,Ninguno
60,HERR,Herramientas,2020-11-01,2020,11,73.5,41.68,31.82,0.4329251700680272,False,False,Ninguno
60,HERR,Herramientas,2020-12-01,2020,12,73.5,41.8,31.700000000000003,0.43129251700680277,False,False,Ninguno
60,HERR,Herramientas,2021-01-01,2021,1,73.7,41.74,31.96,0.43364993215739484,False,False,Ninguno
60,HERR,Herramientas,2021-02-01,2021,2,74.76,42.66,32.10000000000001,0.4293739967897272,True,True,Febrero
60,HERR,Herramientas,2021-03-01,2021,3,74.83,42.69,32.14,0.42950688226647066,False,False,Ninguno
60,HERR,Herramientas,2021-04-01,2021,4,74.82,42.77,32.04999999999999,0.4283614006950012,False,False,Ninguno
60,HERR,Herramientas,2021-05-01,2021,5,74.75,42.73,32.02,0.42836120401337796,False,False,Ninguno
60,HERR,Herramientas,2021-06-01,2021,6,74.68,42.8,31.88000000000001,0.4268880557043386,False,False,Ninguno
60,HERR,Herramientas,2021-07-01,2021,7,79.89,42.78,37.11,0.4645137063462261,False,True,Julio
60,HERR,Herramientas,2021-08-01,2021,8,79.91,42.71,37.199999999999996,0.46552371417845073,False,False,Ninguno
60,HERR,Herramientas,2021-09-01,2021,9,79.71,42.67,37.03999999999999,0.4646844812445113,False,False,Ninguno
60,HERR,Herramientas,2021-10-01,2021,10,79.78,42.67,37.11,0.4651541739784407,False,False,Ninguno
60,HERR,Herramientas,2021-11-01,2021,11,80.09,42.74,37.35,0.4663503558496691,False,False,Ninguno
60,HERR,Herramientas,2021-12-01,2021,12,80.14,42.7,37.44,0.46718243074619414,False,False,Ninguno
60,HERR,Herramientas,2022-01-01,2022,1,80.15,42.82,37.330000000000005,0.46575171553337497,False,False,Ninguno
60,HERR,Herramientas,2022-02-01,2022,2,77.02,45.44,31.58,0.41002337055310306,True,True,Febrero
60,HERR,Herramientas,2022-03-01,2022,3,77.22,45.49,31.729999999999997,0.4109039109039109,False,False,Ninguno
60,HERR,Herramientas,2022-04-01,2022,4,76.92,45.43,31.490000000000002,0.4093863754550182,False,False,Ninguno
60,HERR,Herramientas,2022-05-01,2022,5,76.76,45.37,31.390000000000008,0.40893694632621164,False,False,Ninguno
60,HERR,Herramientas,2022-06-01,2022,6,77.01,45.43,31.580000000000005,0.4100766134268277,False,False,Ninguno
60,HERR,Herramientas,2022-07-01,2022,7,76.99,45.49,31.499999999999993,0.40914404468112736,False,False,Julio
60,HERR,Herramientas,2022-08-01,2022,8,77.05,45.5,31.549999999999997,0.4094743672939649,False,False,Ninguno
60,HERR,Herramientas,2022-09-01,2022,9,76.83,45.49,31.339999999999996,0.4079135754262657,False,False,Ninguno
60,HERR,Herramientas,2022-10-01,2022,10,77.41,47.89,29.519999999999996,0.38134607931791753,True,True,Esporádico
60,HERR,Herramientas,2022-11-01,2022,11,77.19,47.86,29.33,0.3799714988988211,False,False,Ninguno
60,HERR,Herramientas,2022-12-01,2022,12,77.29,47.91,29.38000000000001,0.3801267951869583,False,False,Ninguno
60,HERR,Herramientas,2023-01-01,2023,1,77.15,48.01,29.140000000000008,0.37770576798444594,False,False,Ninguno
60,HERR,Herramientas,2023-02-01,2023,2,86.45,49.5,36.95,0.42741469057258535,True,True,Febrero
60,HERR,Herramientas,2023-03-01,2023,3,86.43,49.37,37.06000000000001,0.42878630105287524,False,False,Ninguno
60,HERR,Herramientas,2023-04-01,2023,4,86.28,49.47,36.81,0.42663421418637,False,False,Ninguno
60,HERR,Herramientas,2023-05-01,2023,5,86.24,49.38,36.85999999999999,0.4274118738404452,False,False,Ninguno
60,HERR,Herramientas,2023-06-01,2023,6,86.65,49.41,37.24000000000001,0.4297749567224467,False,False,Esporádico
60,HERR,Herramientas,2023-07-01,2023,7,86.7,47.19,39.510000000000005,0.4557093425605537,True,False,Julio
60,HERR,Herramientas,2023-08-01,2023,8,86.58,47.11,39.47,0.4558789558789559,False,False,Ninguno
60,HERR,Herramientas,2023-09-01,2023,9,86.72,47.25,39.47,0.4551429889298893,False,False,Ninguno
60,HERR,Herramientas,2023-10-01,2023,10,86.27,47.11,39.16,0.45392372783122753,False,False,Ninguno
60,HERR,Herramientas,2023-11-01,2023,11,86.58,47.1,39.48,0.455994455994456,False,False,Ninguno
60,HERR,Herramientas,2023-12-01,2023,12,86.57,47.2,39.36999999999999,0.45477648146009003,False,False,Esporádico
60,HERR,Herramientas,2024-01-01,2024,1,86.31,47.13,39.18,0.45394508168230796,False,False,Ninguno
60,HERR,Herramientas,2024-02-01,2024,2,95.57,49.26,46.309999999999995,0.48456628649157685,True,True,Febrero
60,HERR,Herramientas,2024-03-01,2024,3,95.49,49.23,46.26,0.48444863336475025,False,False,Ninguno
60,HERR,Herramientas,2024-04-01,2024,4,95.43,49.22,46.21000000000001,0.48422927800482035,False,False,Ninguno
60,HERR,Herramientas,2024-05-01,2024,5,95.39,49.24,46.15,0.48380333368277595,False,False,Ninguno
60,HERR,Herramientas,2024-06-01,2024,6,95.8,49.21,46.589999999999996,0.4863256784968685,False,False,Ninguno
60,HERR,Herramientas,2024-07-01,2024,7,102.25,50.27,51.98,0.508361858190709,True,True,Julio
60,HERR,Herramientas,2024-08-01,2024,8,102.11,50.16,51.95,0.5087650572911566,False,False,Ninguno
60,HERR,Herramientas,2024-09-01,2024,9,102.19,50.35,51.839999999999996,0.5072903415206967,False,False,Ninguno
60,HERR,Herramientas,2024-10-01,2024,10,101.86,50.19,51.67,0.5072648733555861,False,False,Ninguno
60,HERR,Herramientas,2024-11-01,2024,11,102.03,50.19,51.84,0.5080858571008527,False,False,Ninguno
60,HERR,Herramientas,2024-12-01,2024,12,101.85,50.3,51.55,0.5061364752086401,False,False,Ninguno
60,HERR,Herramientas,2025-01-01,2025,1,102.08,50.26,51.82,0.507641065830721,False,False,Esporádico
60,HERR,Herramientas,2025-02-01,2025,2,113.74,51.58,62.16,0.5465095832600668,True,True,Febrero
60,HERR,Herramientas,2025-03-01,2025,3,113.7,51.61,62.09,0.5460861917326297,False,False,Ninguno
60,HERR,Herramientas,2025-04-01,2025,4,113.92,51.76,62.160000000000004,0.5456460674157304,False,False,Ninguno
60,HERR,Herramientas,2025-05-01,2025,5,113.52,51.65,61.87,0.5450140944326991,False,False,Ninguno
60,HERR,Herramientas,2025-06-01,2025,6,113.68,51.61,62.07000000000001,0.54600633356791,False,False,Ninguno
60,HERR,Herramientas,2025-07-01,2025,7,113.7,51.59,62.11,0.5462620932277924,False,False,Julio
60,HERR,Herramientas,2025-08-01,2025,8,113.54,51.57,61.970000000000006,0.5457988374141272,False,False,Ninguno
60,HERR,Herramientas,2025-09-01,2025,9,113.98,51.61,62.370000000000005,0.5472012633795403,False,False,Ninguno
60,HERR,Herramientas,2025-10-01,2025,10,113.56,51.72,61.84,0.5445579429376541,False,False,Ninguno
60,HERR,Herramientas,2025-11-01,2025,11,112.65,51.67,60.980000000000004,0.5413226808699512,False,True,Esporádico
61,ELEC,Electrónica,2018-07-01,2018,7,248.48,194.79,53.69,0.21607372826786864,False,False,Ninguno
61,ELEC,Electrónica,2018-08-01,2018,8,248.91,194.74,54.16999999999999,0.21762886183761193,False,False,Ninguno
61,ELEC,Electrónica,2018-09-01,2018,9,248.3,195.04,53.26000000000002,0.21449859041482086,False,False,Ninguno
61,ELEC,Electrónica,2018-10-01,2018,10,248.22,194.55,53.66999999999999,0.2162194827169446,False,False,Ninguno
61,ELEC,Electrónica,2018-11-01,2018,11,248.48,194.46,54.01999999999998,0.21740180296200895,False,False,Ninguno
61,ELEC,Electrónica,2018-12-01,2018,12,247.69,194.7,52.99000000000001,0.21393677580847031,False,False,Ninguno
61,ELEC,Electrónica,2019-01-01,2019,1,248.25,194.47,53.78,0.21663645518630414,False,False,Ninguno
61,ELEC,Electrónica,2019-02-01,2019,2,248.04,213.17,34.870000000000005,0.14058216416706984,True,False,Febrero
61,ELEC,Electrónica,2019-03-01,2019,3,248.2,213.08,35.119999999999976,0.14149879129734078,False,False,Ninguno
61,ELEC,Electrónica,2019-04-01,2019,4,247.61,213.16,34.45000000000002,0.1391300835992085,False,False,Ninguno
61,ELEC,Electrónica,2019-05-01,2019,5,247.97,213.01,34.96000000000001,0.14098479654796955,False,False,Ninguno
61,ELEC,Electrónica,2019-06-01,2019,6,248.96,212.87,36.09,0.1449630462724936,False,False,Ninguno
61,ELEC,Electrónica,2019-07-01,2019,7,256.68,217.6,39.08000000000001,0.15225183107371051,True,True,Julio
61,ELEC,Electrónica,2019-08-01,2019,8,257.35,217.49,39.860000000000014,0.15488634155818928,False,False,Ninguno
61,ELEC,Electrónica,2019-09-01,2019,9,256.64,217.11,39.52999999999997,0.15402899002493756,False,False,Ninguno
61,ELEC,Electrónica,2019-10-01,2019,10,257.32,217.16,40.16,0.15607026270791233,False,False,Ninguno
61,ELEC,Electrónica,2019-11-01,2019,11,256.51,216.88,39.629999999999995,0.1544969007056255,False,False,Ninguno
61,ELEC,Electrónica,2019-12-01,2019,12,256.91,217.44,39.47000000000003,0.1536335681756258,False,False,Ninguno
61,ELEC,Electrónica,2020-01-01,2020,1,256.87,217.22,39.650000000000006,0.15435823568341964,False,False,Ninguno
61,ELEC,Electrónica,2020-02-01,2020,2,253.06,217.22,35.84,0.14162649174108907,False,True,Febrero
61,ELEC,Electrónica,2020-03-01,2020,3,252.7,217.63,35.06999999999999,0.13878116343490302,False,False,Ninguno
61,ELEC,Electrónica,2020-04-01,2020,4,253.28,217.6,35.68000000000001,0.14087176247631084,False,False,Ninguno
61,ELEC,Electrónica,2020-05-01,2020,5,253.4,216.86,36.53999999999999,0.14419889502762429,False,False,Ninguno
61,ELEC,Electrónica,2020-06-01,2020,6,253.81,216.88,36.93000000000001,0.14550254127102955,False,False,Ninguno
61,ELEC,Electrónica,2020-07-01,2020,7,273.99,217.1,56.890000000000015,0.20763531515748754,False,True,Julio
61,ELEC,Electrónica,2020-08-01,2020,8,277.95,220.59,57.359999999999985,0.20636805180787907,True,True,Esporádico
61,ELEC,Electrónica,2020-09-01,2020,9,277.69,220.81,56.879999999999995,0.20483272714177678,False,False,Ninguno
61,ELEC,Electrónica,2020-10-01,2020,10,278.77,221.01,57.75999999999999,0.20719589625856438,False,False,Ninguno
61,ELEC,Electrónica,2020-11-01,2020,11,278.84,220.69,58.14999999999998,0.20854253335246012,False,False,Ninguno
61,ELEC,Electrónica,2020-12-01,2020,12,277.45,220.48,56.97,0.20533429446747162,False,False,Ninguno
61,ELEC,Electrónica,2021-01-01,2021,1,278.18,220.81,57.370000000000005,0.20623337407434036,False,False,Esporádico
61,ELEC,Electrónica,2021-02-01,2021,2,298.7,221.06,77.63999999999999,0.2599263475058587,False,True,Febrero
61,ELEC,Electrónica,2021-03-01,2021,3,298.33,220.83,77.49999999999997,0.25977943887641197,False,False,Esporádico
61,ELEC,Electrónica,2021-04-01,2021,4,297.25,220.34,76.91,0.25873843566021865,False,False,Ninguno
61,ELEC,Electrónica,2021-05-01,2021,5,297.73,220.91,76.82000000000002,0.25801901051288084,False,False,Ninguno
61,ELEC,Electrónica,2021-06-01,2021,6,297.52,220.66,76.85999999999999,0.2583355740790535,False,False,Ninguno
61,ELEC,Electrónica,2021-07-01,2021,7,313.17,220.43,92.74000000000001,0.29613309065363863,False,True,Julio
61,ELEC,Electrónica,2021-08-01,2021,8,312.11,220.42,91.69000000000003,0.29377463073916255,False,False,Ninguno
61,ELEC,Electrónica,2021-09-01,2021,9,312.43,220.56,91.87,0.29404986717024617,False,False,Ninguno
61,ELEC,Electrónica,2021-10-01,2021,10,312.1,221.05,91.05000000000001,0.2917334187760333,False,False,Ninguno
61,ELEC,Electrónica,2021-11-01,2021,11,313.02,220.42,92.6,0.2958277426362533,False,False,Ninguno
61,ELEC,Electrónica,2021-12-01,2021,12,312.08,220.69,91.38999999999999,0.2928415790822866,False,False,Ninguno
61,ELEC,Electrónica,2022-01-01,2022,1,313.85,220.27,93.58000000000001,0.29816791460888964,False,False,Ninguno
61,ELEC,Electrónica,2022-02-01,2022,2,312.49,230.84,81.65,0.2612883612275593,True,False,Febrero
61,ELEC,Electrónica,2022-03-01,2022,3,313.21,230.73,82.47999999999999,0.26333769675297725,False,False,Ninguno
61,ELEC,Electrónica,2022-04-01,2022,4,312.34,231.22,81.11999999999998,0.25971697509124664,False,False,Ninguno
61,ELEC,Electrónica,2022-05-01,2022,5,312.22,231.19,81.03000000000003,0.2595285375696625,False,False,Ninguno
61,ELEC,Electrónica,2022-06-01,2022,6,312.06,230.61,81.44999999999999,0.26100749855796956,False,False,Ninguno
61,ELEC,Electrónica,2022-07-01,2022,7,323.87,235.09,88.78,0.27412233303485967,True,True,Julio
61,ELEC,Electrónica,2022-08-01,2022,8,323.47,235.85,87.62000000000003,0.270875197081646,False,False,Ninguno
61,ELEC,Electrónica,2022-09-01,2022,9,325.74,255.15,70.59,0.21670657579664765,True,True,Esporádico
61,ELEC,Electrónica,2022-10-01,2022,10,325.95,255.18,70.76999999999998,0.21711919005982508,False,False,Esporádico
61,ELEC,Electrónica,2022-11-01,2022,11,324.9,258.04,66.85999999999996,0.20578639581409652,True,False,Esporádico
61,ELEC,Electrónica,2022-12-01,2022,12,324.6,257.58,67.02000000000004,0.2064695009242145,False,False,Ninguno
61,ELEC,Electrónica,2023-01-01,2023,1,324.96,258.2,66.75999999999999,0.2054406696208764,False,False,Ninguno
61,ELEC,Electrónica,2023-02-01,2023,2,377.74,266.3,111.44,0.2950177370678244,True,True,Febrero
61,ELEC,Electrónica,2023-03-01,2023,3,376.97,266.85,110.12,0.292118736238958,False,False,Ninguno
61,ELEC,Electrónica,2023-04-01,2023,4,377.67,266.34,111.33000000000004,0.294781158153944,False,False,Ninguno
61,ELEC,Electrónica,2023-05-01,2023,5,402.63,266.75,135.88,0.33748106201723665,False,True,Esporádico
61,ELEC,Electrónica,2023-06-01,2023,6,403.01,266.89,136.12,0.33775836827870276,False,False,Ninguno
61,ELEC,Electrónica,2023-07-01,2023,7,400.74,278.32,122.42000000000002,0.3054848530219095,True,True,Julio
61,ELEC,Electrónica,2023-08-01,2023,8,399.72,278.44,121.28000000000003,0.3034123886720705,False,False,Ninguno
61,ELEC,Electrónica,2023-09-01,2023,9,401.31,277.91,123.39999999999998,0.307492960554185,False,False,Ninguno
61,ELEC,Electrónica,2023-10-01,2023,10,399.57,277.46,122.11000000000001,0.3056035237880722,False,False,Ninguno
61,ELEC,Electrónica,2023-11-01,2023,11,401.65,302.44,99.20999999999998,0.24700609983816751,True,False,Esporádico
61,ELEC,Electrónica,2023-12-01,2023,12,400.17,302.32,97.85000000000002,0.24452107854161986,False,False,Esporádico
61,ELEC,Electrónica,2024-01-01,2024,1,400.88,303.01,97.87,0.2441378966274197,False,False,Ninguno
61,ELEC,Electrónica,2024-02-01,2024,2,453.01,316.62,136.39,0.30107503145625925,True,True,Febrero
61,ELEC,Electrónica,2024-03-01,2024,3,453.42,316.52,136.90000000000003,0.3019275726699308,False,False,Ninguno
61,ELEC,Electrónica,2024-04-01,2024,4,452.71,316.64,136.07,0.3005676923416757,False,False,Ninguno
61,ELEC,Electrónica,2024-05-01,2024,5,451.88,316.92,134.95999999999998,0.29866336195450116,False,False,Ninguno
61,ELEC,Electrónica,2024-06-01,2024,6,453.67,316.44,137.23000000000002,0.30248859303017617,False,False,Ninguno
61,ELEC,Electrónica,2024-07-01,2024,7,465.23,317.42,147.81,0.3177138189712615,False,True,Julio
61,ELEC,Electrónica,2024-08-01,2024,8,465.01,316.33,148.68,0.3197350594610869,False,False,Ninguno
61,ELEC,Electrónica,2024-09-01,2024,9,465.47,316.44,149.03000000000003,0.3201710099469354,False,False,Ninguno
61,ELEC,Electrónica,2024-10-01,2024,10,464.77,317.58,147.19,0.31669427889063406,False,False,Ninguno
61,ELEC,Electrónica,2024-11-01,2024,11,463.95,317.19,146.76,0.31632719043000324,False,False,Ninguno
61,ELEC,Electrónica,2024-12-01,2024,12,465.68,316.87,148.81,0.3195542003092252,False,False,Ninguno
61,ELEC,Electrónica,2025-01-01,2025,1,464.03,316.53,147.5,0.3178673792642717,False,False,Ninguno
61,ELEC,Electrónica,2025-02-01,2025,2,476.19,327.42,148.76999999999998,0.31241731241731235,True,True,Febrero
61,ELEC,Electrónica,2025-03-01,2025,3,477.95,326.69,151.26,0.3164766188931897,False,False,Ninguno
61,ELEC,Electrónica,2025-04-01,2025,4,476.39,326.12,150.26999999999998,0.31543483280505463,True,False,Esporádico
61,ELEC,Electrónica,2025-05-01,2025,5,476.27,325.34,150.93,0.31690007768702627,False,False,Ninguno
61,ELEC,Electrónica,2025-06-01,2025,6,477.5,326.48,151.01999999999998,0.31627225130890047,False,False,Ninguno
61,ELEC,Electrónica,2025-07-01,2025,7,477.34,339.65,137.69,0.2884526752419659,True,False,Julio
61,ELEC,Electrónica,2025-08-01,2025,8,478.06,340.13,137.93,0.2885202694222483,False,False,Ninguno
61,ELEC,Electrónica,2025-09-01,2025,9,476.06,339.84,136.22000000000003,0.2861404024702769,False,False,Ninguno
61,ELEC,Electrónica,2025-10-01,2025,10,477.26,339.59,137.67000000000002,0.28845912081465036,False,False,Ninguno
61,ELEC,Electrónica,2025-11-01,2025,11,480.8,351.55,129.25,0.26882279534109815,True,True,Esporádico
62,MUEB,Muebles,2018-07-01,2018,7,187.38,112.37,75.00999999999999,0.4003095314334507,False,False,Ninguno
62,MUEB,Muebles,2018-08-01,2018,8,186.73,112.49,74.24,0.39757939270604614,False,False,Ninguno
62,MUEB,Muebles,2018-09-01,2018,9,193.44,112.16,81.28,0.42018196856906537,False,True,Esporádico
62,MUEB,Muebles,2018-10-01,2018,10,192.84,112.3,80.54,0.4176519394316532,False,False,Ninguno
62,MUEB,Muebles,2018-11-01,2018,11,192.91,112.25,80.66,0.41812244051630293,False,False,Ninguno
62,MUEB,Muebles,2018-12-01,2018,12,192.82,112.23,80.58999999999999,0.41795456902810907,False,False,Ninguno
62,MUEB,Muebles,2019-01-01,2019,1,193.35,112.48,80.86999999999999,0.41825704680630976,False,False,Ninguno
62,MUEB,Muebles,2019-02-01,2019,2,219.62,114.38,105.24000000000001,0.4791913304799199,True,True,Febrero
62,MUEB,Muebles,2019-03-01,2019,3,219.34,114.46,104.88000000000001,0.4781617580012766,False,False,Ninguno
62,MUEB,Muebles,2019-04-01,2019,4,219.17,114.63,104.53999999999999,0.47698133868686404,False,False,Ninguno
62,MUEB,Muebles,2019-05-01,2019,5,232.12,114.41,117.71000000000001,0.5071083922109254,False,True,Esporádico
62,MUEB,Muebles,2019-06-01,2019,6,232.77,114.61,118.16000000000001,0.5076255531211067,False,False,Ninguno
62,MUEB,Muebles,2019-07-01,2019,7,237.08,116.74,120.34000000000002,0.5075923738822339,True,True,Julio
62,MUEB,Muebles,2019-08-01,2019,8,236.74,116.69,120.05000000000001,0.507096392667061,False,False,Ninguno
62,MUEB,Muebles,2019-09-01,2019,9,236.51,116.68,119.82999999999998,0.5066593378715487,False,False,Ninguno
62,MUEB,Muebles,2019-10-01,2019,10,236.8,116.93,119.87,0.5062077702702703,False,False,Ninguno
62,MUEB,Muebles,2019-11-01,2019,11,238.14,119.2,118.93999999999998,0.49945410262870577,True,True,Esporádico
62,MUEB,Muebles,2019-12-01,2019,12,236.99,119.39,117.60000000000001,0.49622346934469813,False,False,Ninguno
62,MUEB,Muebles,2020-01-01,2020,1,238.11,119.0,119.11000000000001,0.5002309856788879,False,False,Ninguno
62,MUEB,Muebles,2020-02-01,2020,2,264.53,123.88,140.64999999999998,0.5316977280459683,True,True,Febrero
62,MUEB,Muebles,2020-03-01,2020,3,264.83,124.21,140.62,0.5309821394857078,False,False,Ninguno
62,MUEB,Muebles,2020-04-01,2020,4,263.98,123.8,140.18,0.5310250776573983,False,False,Ninguno
62,MUEB,Muebles,2020-05-01,2020,5,264.98,123.83,141.15000000000003,0.5326817118273078,False,False,Ninguno
62,MUEB,Muebles,2020-06-01,2020,6,263.8,123.87,139.93,0.5304397270659591,False,False,Esporádico
62,MUEB,Muebles,2020-07-01,2020,7,264.14,128.11,136.02999999999997,0.5149920496706292,True,False,Julio
62,MUEB,Muebles,2020-08-01,2020,8,264.43,128.22,136.21,0.5151079680822902,False,False,Ninguno
62,MUEB,Muebles,2020-09-01,2020,9,265.16,128.57,136.59000000000003,0.5151229446372002,False,False,Ninguno
62,MUEB,Muebles,2020-10-01,2020,10,264.42,128.33,136.09,0.5146736252930944,False,False,Ninguno
62,MUEB,Muebles,2020-11-01,2020,11,264.15,128.39,135.76,0.5139504069657391,False,False,Ninguno
62,MUEB,Muebles,2020-12-01,2020,12,265.25,128.13,137.12,0.5169462770970783,False,False,Ninguno
62,MUEB,Muebles,2021-01-01,2021,1,264.08,128.2,135.88,0.514541048167222,False,False,Ninguno
62,MUEB,Muebles,2021-02-01,2021,2,250.91,132.18,118.72999999999999,0.4731975608784026,True,True,Febrero
62,MUEB,Muebles,2021-03-01,2021,3,250.68,132.46,118.22,0.4715972554651348,False,False,Ninguno
62,MUEB,Muebles,2021-04-01,2021,4,251.18,132.32,118.86000000000001,0.47320646548292067,False,False,Ninguno
62,MUEB,Muebles,2021-05-01,2021,5,250.83,132.57,118.26000000000002,0.47147470398277724,False,False,Ninguno
62,MUEB,Muebles,2021-06-01,2021,6,251.07,132.17,118.9,0.47357310710160516,False,False,Ninguno
62,MUEB,Muebles,2021-07-01,2021,7,250.36,135.8,114.56,0.4575810832401342,True,False,Julio
62,MUEB,Muebles,2021-08-01,2021,8,251.06,135.59,115.47,0.45992989723572053,False,False,Ninguno
62,MUEB,Muebles,2021-09-01,2021,9,251.61,135.73,115.88000000000002,0.46055403203370304,False,False,Ninguno
62,MUEB,Muebles,2021-10-01,2021,10,251.02,135.9,115.12,0.4586088757867899,False,False,Ninguno
62,MUEB,Muebles,2021-11-01,2021,11,251.09,135.79,115.30000000000001,0.459197897168346,False,False,Ninguno
62,MUEB,Muebles,2021-12-01,2021,12,251.68,135.59,116.09,0.4612603305785124,False,False,Ninguno
62,MUEB,Muebles,2022-01-01,2022,1,250.61,136.11,114.5,0.45688520011172734,False,False,Ninguno
62,MUEB,Muebles,2022-02-01,2022,2,244.75,135.65,109.1,0.44576098059244124,False,True,Febrero
62,MUEB,Muebles,2022-03-01,2022,3,245.03,135.93,109.1,0.44525160184467205,False,False,Ninguno
62,MUEB,Muebles,2022-04-01,2022,4,255.05,141.12,113.93,0.44669672613213096,True,True,Esporádico
62,MUEB,Muebles,2022-05-01,2022,5,255.26,141.0,114.25999999999999,0.4476220324375147,False,False,Ninguno
62,MUEB,Muebles,2022-06-01,2022,6,255.26,141.05,114.20999999999998,0.44742615372561306,False,False,Ninguno
62,MUEB,Muebles,2022-07-01,2022,7,268.97,141.14,127.83000000000004,0.4752574636576571,False,True,Julio
62,MUEB,Muebles,2022-08-01,2022,8,269.03,141.03,127.99999999999997,0.47578336988439945,False,False,Ninguno
62,MUEB,Muebles,2022-09-01,2022,9,268.32,140.99,127.32999999999998,0.47454531902206315,False,False,Ninguno
62,MUEB,Muebles,2022-10-01,2022,10,268.84,140.73,128.10999999999999,0.4765287903585776,False,False,Ninguno
62,MUEB,Muebles,2022-11-01,2022,11,269.5,141.07,128.43,0.4765491651205937,False,False,Ninguno
62,MUEB,Muebles,2022-12-01,2022,12,268.57,140.94,127.63,0.4752206128756004,False,False,Ninguno
62,MUEB,Muebles,2023-01-01,2023,1,270.52,140.77,129.74999999999997,0.4796318201981368,False,True,Esporádico
62,MUEB,Muebles,2023-02-01,2023,2,270.25,140.87,129.38,0.4787419056429232,False,False,Febrero
62,MUEB,Muebles,2023-03-01,2023,3,270.03,141.12,128.90999999999997,0.47739140095544935,False,False,Ninguno
62,MUEB,Muebles,2023-04-01,2023,4,269.99,141.23,128.76000000000002,0.4769065520945221,False,False,Esporádico
62,MUEB,Muebles,2023-05-01,2023,5,270.72,140.89,129.83000000000004,0.4795729905437353,False,False,Ninguno
62,MUEB,Muebles,2023-06-01,2023,6,269.53,141.22,128.30999999999997,0.4760509034244796,False,False,Ninguno
62,MUEB,Muebles,2023-07-01,2023,7,272.05,144.11,127.94,0.47028119830913434,True,True,Julio
62,MUEB,Muebles,2023-08-01,2023,8,277.45,144.06,133.39,0.48077131014597224,False,True,Esporádico
62,MUEB,Muebles,2023-09-01,2023,9,282.35,144.09,138.26000000000002,0.4896759341243138,False,True,Esporádico
62,MUEB,Muebles,2023-10-01,2023,10,281.78,144.03,137.74999999999997,0.48885655475903184,False,False,Ninguno
62,MUEB,Muebles,2023-11-01,2023,11,281.22,144.0,137.22000000000003,0.48794538084062306,False,False,Ninguno
62,MUEB,Muebles,2023-12-01,2023,12,282.58,143.88,138.7,0.4908344539599405,False,False,Ninguno
62,MUEB,Muebles,2024-01-01,2024,1,284.98,144.0,140.98000000000002,0.49470138255316165,False,True,Esporádico
62,MUEB,Muebles,2024-02-01,2024,2,285.22,146.52,138.70000000000002,0.48629128392118365,True,False,Febrero
62,MUEB,Muebles,2024-03-01,2024,3,285.76,146.47,139.29,0.48743701007838747,False,False,Ninguno
62,MUEB,Muebles,2024-04-01,2024,4,284.53,146.59,137.93999999999997,0.48479949390222465,False,False,Ninguno
62,MUEB,Muebles,2024-05-01,2024,5,285.76,146.49,139.26999999999998,0.4873670212765957,False,False,Ninguno
62,MUEB,Muebles,2024-06-01,2024,6,285.41,146.84,138.57000000000002,0.48551207035492805,False,False,Ninguno
62,MUEB,Muebles,2024-07-01,2024,7,284.95,146.71,138.23999999999998,0.48513774346376554,False,False,Julio
62,MUEB,Muebles,2024-08-01,2024,8,285.1,146.48,138.62000000000003,0.4862153630305157,False,False,Ninguno
62,MUEB,Muebles,2024-09-01,2024,9,287.64,146.99,140.64999999999998,0.4889792796551244,False,True,Esporádico
62,MUEB,Muebles,2024-10-01,2024,10,286.53,146.66,139.86999999999998,0.48815132795867794,False,False,Ninguno
62,MUEB,Muebles,2024-11-01,2024,11,286.48,146.88,139.60000000000002,0.4872940519407987,False,False,Ninguno
62,MUEB,Muebles,2024-12-01,2024,12,286.63,146.53,140.1,0.48878344904580817,False,False,Ninguno
62,MUEB,Muebles,2025-01-01,2025,1,290.74,151.34,139.4,0.4794661897227764,True,True,Esporádico
62,MUEB,Muebles,2025-02-01,2025,2,289.5,158.08,131.42,0.4539550949913644,True,True,Febrero
62,MUEB,Muebles,2025-03-01,2025,3,289.25,158.11,131.14,0.4533794295592048,False,False,Ninguno
62,MUEB,Muebles,2025-04-01,2025,4,288.21,157.6,130.60999999999999,0.4531765032441622,False,False,Esporádico
62,MUEB,Muebles,2025-05-01,2025,5,288.4,157.7,130.7,0.45319001386962554,False,False,Ninguno
62,MUEB,Muebles,2025-06-01,2025,6,289.21,158.08,131.12999999999997,0.4534075585214895,False,False,Ninguno
62,MUEB,Muebles,2025-07-01,2025,7,286.52,169.61,116.90999999999997,0.4080343431523104,True,True,Julio
62,MUEB,Muebles,2025-08-01,2025,8,285.23,172.56,112.67000000000002,0.3950145496616766,True,False,Esporádico
62,MUEB,Muebles,2025-09-01,2025,9,286.22,172.82,113.40000000000003,0.39619872825099584,False,False,Ninguno
62,MUEB,Muebles,2025-10-01,2025,10,285.64,172.43,113.20999999999998,0.396338047892452,False,False,Ninguno
62,MUEB,Muebles,2025-11-01,2025,11,299.6,184.06,115.54000000000002,0.3856475300400534,True,True,Esporádico
63,JUGUE,Juguetes,2018-07-01,2018,7,40.13,27.12,13.010000000000002,0.3241963618240718,False,False,Ninguno
63,JUGUE,Juguetes,2018-08-01,2018,8,40.17,27.16,13.010000000000002,0.3238735374657705,False,False,Ninguno
63,JUGUE,Juguetes,2018-09-01,2018,9,40.13,27.19,12.940000000000001,0.3224520308995764,False,False,Ninguno
63,JUGUE,Juguetes,2018-10-01,2018,10,40.09,27.15,12.940000000000005,0.3227737590421552,False,False,Ninguno
63,JUGUE,Juguetes,2018-11-01,2018,11,40.1,27.15,12.950000000000003,0.32294264339152123,False,False,Ninguno
63,JUGUE,Juguetes,2018-12-01,2018,12,40.28,27.2,13.080000000000002,0.32472691161866934,False,False,Ninguno
63,JUGUE,Juguetes,2019-01-01,2019,1,40.11,27.15,12.96,0.3231114435302917,False,False,Ninguno
63,JUGUE,Juguetes,2019-02-01,2019,2,44.65,29.13,15.52,0.34759238521836505,True,True,Febrero
63,JUGUE,Juguetes,2019-03-01,2019,3,44.71,29.2,15.510000000000002,0.3469022590024603,False,False,Ninguno
63,JUGUE,Juguetes,2019-04-01,2019,4,44.74,29.2,15.540000000000003,0.34734018775145287,False,False,Ninguno
63,JUGUE,Juguetes,2019-05-01,2019,5,44.61,29.21,15.399999999999999,0.3452140775610849,False,False,Ninguno
63,JUGUE,Juguetes,2019-06-01,2019,6,44.71,29.17,15.54,0.34757324983225224,False,False,Ninguno
63,JUGUE,Juguetes,2019-07-01,2019,7,44.6,31.09,13.510000000000002,0.30291479820627804,True,False,Julio
63,JUGUE,Juguetes,2019-08-01,2019,8,44.57,31.13,13.440000000000001,0.3015481265425174,False,False,Ninguno
63,JUGUE,Juguetes,2019-09-01,2019,9,44.69,31.12,13.569999999999997,0.30364734840008945,False,False,Ninguno
63,JUGUE,Juguetes,2019-10-01,2019,10,44.7,31.1,13.600000000000001,0.3042505592841163,False,False,Ninguno
63,JUGUE,Juguetes,2019-11-01,2019,11,44.57,31.18,13.39,0.3004262957146063,False,False,Ninguno
63,JUGUE,Juguetes,2019-12-01,2019,12,44.67,31.12,13.55,0.30333557197224087,False,False,Ninguno
63,JUGUE,Juguetes,2020-01-01,2020,1,44.74,31.19,13.55,0.3028609745194457,False,False,Ninguno
63,JUGUE,Juguetes,2020-02-01,2020,2,44.74,35.44,9.300000000000004,0.2078676799284757,True,False,Febrero
63,JUGUE,Juguetes,2020-03-01,2020,3,44.74,35.47,9.270000000000003,0.20719713902548062,False,False,Ninguno
63,JUGUE,Juguetes,2020-04-01,2020,4,43.87,35.5,8.369999999999997,0.19079097333029402,False,True,Esporádico
63,JUGUE,Juguetes,2020-05-01,2020,5,43.78,35.47,8.310000000000002,0.18981269986295116,False,False,Ninguno
63,JUGUE,Juguetes,2020-06-01,2020,6,44.32,36.09,8.229999999999997,0.18569494584837537,True,True,Esporádico
63,JUGUE,Juguetes,2020-07-01,2020,7,42.53,36.11,6.420000000000002,0.15095226898659772,False,True,Julio
63,JUGUE,Juguetes,2020-08-01,2020,8,42.55,36.15,6.399999999999999,0.15041128084606342,False,False,Ninguno
63,JUGUE,Juguetes,2020-09-01,2020,9,42.61,36.1,6.509999999999998,0.1527810373151842,False,False,Ninguno
63,JUGUE,Juguetes,2020-10-01,2020,10,42.51,36.16,6.350000000000001,0.14937661726652557,False,False,Ninguno
63,JUGUE,Juguetes,2020-11-01,2020,11,42.54,36.09,6.449999999999996,0.15162200282087437,False,False,Esporádico
63,JUGUE,Juguetes,2020-12-01,2020,12,42.58,36.21,6.369999999999997,0.14960075152653823,False,False,Ninguno
63,JUGUE,Juguetes,2021-01-01,2021,1,42.54,36.15,6.390000000000001,0.15021156558533147,False,False,Ninguno
63,JUGUE,Juguetes,2021-02-01,2021,2,43.19,36.93,6.259999999999998,0.14494095855522107,True,True,Febrero
63,JUGUE,Juguetes,2021-03-01,2021,3,43.26,36.88,6.3799999999999955,0.1474803513638464,False,False,Ninguno
63,JUGUE,Juguetes,2021-04-01,2021,4,43.19,37.01,6.18,0.14308867793470711,False,False,Ninguno
63,JUGUE,Juguetes,2021-05-01,2021,5,43.34,36.95,6.390000000000001,0.14743885556068298,False,False,Ninguno
63,JUGUE,Juguetes,2021-06-01,2021,6,43.21,36.99,6.219999999999999,0.14394816014811385,False,False,Ninguno
63,JUGUE,Juguetes,2021-07-01,2021,7,46.2,36.88,9.32,0.20173160173160173,False,True,Julio
63,JUGUE,Juguetes,2021-08-01,2021,8,46.1,36.9,9.200000000000003,0.19956616052060744,False,False,Ninguno
63,JUGUE,Juguetes,2021-09-01,2021,9,46.09,36.93,9.160000000000004,0.198741592536342,False,False,Ninguno
63,JUGUE,Juguetes,2021-10-01,2021,10,46.18,36.97,9.21,0.19943698570809876,False,False,Ninguno
63,JUGUE,Juguetes,2021-11-01,2021,11,46.1,36.94,9.160000000000004,0.1986984815618222,False,False,Ninguno
63,JUGUE,Juguetes,2021-12-01,2021,12,46.22,36.88,9.339999999999996,0.20207702293379481,False,False,Ninguno
63,JUGUE,Juguetes,2022-01-01,2022,1,46.08,37.01,9.07,0.19683159722222224,False,False,Esporádico
63,JUGUE,Juguetes,2022-02-01,2022,2,44.5,37.73,6.770000000000003,0.15213483146067422,True,True,Febrero
63,JUGUE,Juguetes,2022-03-01,2022,3,44.44,37.66,6.780000000000001,0.1525652565256526,False,False,Ninguno
63,JUGUE,Juguetes,2022-04-01,2022,4,44.44,37.64,6.799999999999997,0.15301530153015297,False,False,Ninguno
63,JUGUE,Juguetes,2022-05-01,2022,5,44.55,37.73,6.82,0.15308641975308643,False,False,Ninguno
63,JUGUE,Juguetes,2022-06-01,2022,6,44.57,37.7,6.869999999999997,0.15413955575499208,False,False,Ninguno
63,JUGUE,Juguetes,2022-07-01,2022,7,44.52,37.64,6.880000000000003,0.15453728661275837,False,False,Julio
63,JUGUE,Juguetes,2022-08-01,2022,8,45.24,38.6,6.640000000000001,0.14677276746242265,True,True,Esporádico
63,JUGUE,Juguetes,2022-09-01,2022,9,45.02,38.57,6.450000000000003,0.14326965792980903,False,False,Ninguno
63,JUGUE,Juguetes,2022-10-01,2022,10,45.1,38.58,6.520000000000003,0.14456762749445684,False,False,Ninguno
63,JUGUE,Juguetes,2022-11-01,2022,11,45.26,38.61,6.649999999999999,0.1469288555015466,False,False,Ninguno
63,JUGUE,Juguetes,2022-12-01,2022,12,45.13,38.58,6.550000000000004,0.14513627298914256,False,False,Ninguno
63,JUGUE,Juguetes,2023-01-01,2023,1,45.03,38.61,6.420000000000002,0.14257161892071957,False,False,Esporádico
63,JUGUE,Juguetes,2023-02-01,2023,2,49.33,39.28,10.049999999999997,0.20372998175552398,True,True,Febrero
63,JUGUE,Juguetes,2023-03-01,2023,3,49.5,39.38,10.119999999999997,0.2044444444444444,False,False,Ninguno
63,JUGUE,Juguetes,2023-04-01,2023,4,49.36,39.41,9.950000000000003,0.20158022690437608,False,False,Ninguno
63,JUGUE,Juguetes,2023-05-01,2023,5,49.45,41.52,7.93,0.16036400404448936,True,False,Esporádico
63,JUGUE,Juguetes,2023-06-01,2023,6,49.56,41.42,8.14,0.1642453591606134,False,False,Ninguno
63,JUGUE,Juguetes,2023-07-01,2023,7,49.46,42.37,7.090000000000003,0.14334816012939755,True,False,Julio
63,JUGUE,Juguetes,2023-08-01,2023,8,51.64,44.34,7.299999999999997,0.14136328427575517,True,True,Esporádico
63,JUGUE,Juguetes,2023-09-01,2023,9,55.43,47.55,7.880000000000003,0.14216128450297677,True,True,Esporádico
63,JUGUE,Juguetes,2023-10-01,2023,10,55.68,47.5,8.18,0.1469109195402299,False,False,Ninguno
63,JUGUE,Juguetes,2023-11-01,2023,11,55.64,47.48,8.160000000000004,0.14665708123652055,False,False,Ninguno
63,JUGUE,Juguetes,2023-12-01,2023,12,55.63,47.54,8.090000000000003,0.14542513032536405,False,False,Ninguno
63,JUGUE,Juguetes,2024-01-01,2024,1,55.54,47.56,7.979999999999997,0.14368023046453002,False,False,Ninguno
63,JUGUE,Juguetes,2024-02-01,2024,2,55.44,48.38,7.059999999999995,0.12734487734487726,True,False,Febrero
63,JUGUE,Juguetes,2024-03-01,2024,3,55.45,48.44,7.010000000000005,0.12642019837691623,False,False,Ninguno
63,JUGUE,Juguetes,2024-04-01,2024,4,55.4,48.34,7.059999999999995,0.12743682310469306,False,False,Ninguno
63,JUGUE,Juguetes,2024-05-01,2024,5,55.59,48.5,7.090000000000003,0.12754092462673147,False,False,Ninguno
63,JUGUE,Juguetes,2024-06-01,2024,6,55.69,48.41,7.280000000000001,0.1307236487699767,False,False,Ninguno
63,JUGUE,Juguetes,2024-07-01,2024,7,58.49,49.34,9.149999999999999,0.1564369977773978,True,True,Julio
63,JUGUE,Juguetes,2024-08-01,2024,8,58.41,49.45,8.959999999999994,0.1533983906865262,False,False,Ninguno
63,JUGUE,Juguetes,2024-09-01,2024,9,58.31,49.47,8.840000000000003,0.15160349854227412,False,False,Ninguno
63,JUGUE,Juguetes,2024-10-01,2024,10,58.29,49.36,8.93,0.1531995196431635,False,False,Ninguno
63,JUGUE,Juguetes,2024-11-01,2024,11,58.34,49.34,9.0,0.15426808364758313,False,False,Ninguno
63,JUGUE,Juguetes,2024-12-01,2024,12,58.28,49.48,8.800000000000004,0.15099519560741256,False,False,Ninguno
63,JUGUE,Juguetes,2025-01-01,2025,1,58.44,49.39,9.049999999999997,0.15485968514715945,False,False,Ninguno
63,JUGUE,Juguetes,2025-02-01,2025,2,66.78,57.08,9.700000000000003,0.1452530697813717,True,True,Febrero
63,JUGUE,Juguetes,2025-03-01,2025,3,66.75,57.08,9.670000000000002,0.14486891385767792,False,False,Ninguno
63,JUGUE,Juguetes,2025-04-01,2025,4,66.72,56.95,9.769999999999996,0.14643285371702633,False,True,Esporádico
63,JUGUE,Juguetes,2025-05-01,2025,5,66.57,56.94,9.629999999999995,0.1446597566471383,False,False,Ninguno
63,JUGUE,Juguetes,2025-06-01,2025,6,66.84,56.99,9.850000000000001,0.14736684619988033,False,False,Ninguno
63,JUGUE,Juguetes,2025-07-01,2025,7,66.85,58.17,8.679999999999993,0.12984293193717267,True,False,Julio
63,JUGUE,Juguetes,2025-08-01,2025,8,66.55,62.02,4.529999999999994,0.06806912096168286,True,False,Esporádico
63,JUGUE,Juguetes,2025-09-01,2025,9,66.77,62.02,4.749999999999993,0.07113973341320942,False,False,Ninguno
63,JUGUE,Juguetes,2025-10-01,2025,10,66.78,62.11,4.670000000000002,0.06993111710092845,False,False,Ninguno
63,JUGUE,Juguetes,2025-11-01,2025,11,66.7,61.94,4.760000000000005,0.07136431784107954,False,False,Ninguno
64,ELEC,Electrónica,2018-07-01,2018,7,152.84,126.13,26.710000000000008,0.1747579167757132,False,False,Ninguno
64,ELEC,Electrónica,2018-08-01,2018,8,152.98,126.45,26.529999999999987,0.17342136226957766,False,False,Ninguno
64,ELEC,Electrónica,2018-09-01,2018,9,153.62,126.17,27.450000000000003,0.178687670876188,False,False,Ninguno
64,ELEC,Electrónica,2018-10-01,2018,10,152.75,126.22,26.53,0.1736824877250409,False,False,Ninguno
64,ELEC,Electrónica,2018-11-01,2018,11,152.04,128.59,23.44999999999999,0.15423572744014727,True,True,Esporádico
64,ELEC,Electrónica,2018-12-01,2018,12,151.82,128.64,23.180000000000007,0.15268080621788965,False,False,Ninguno
64,ELEC,Electrónica,2019-01-01,2019,1,151.88,128.99,22.889999999999986,0.15071108770081634,False,False,Ninguno
64,ELEC,Electrónica,2019-02-01,2019,2,152.18,140.18,12.0,0.07885398869759495,True,False,Febrero
64,ELEC,Electrónica,2019-03-01,2019,3,151.58,140.0,11.580000000000013,0.07639530281039722,False,False,Ninguno
64,ELEC,Electrónica,2019-04-01,2019,4,151.94,140.32,11.620000000000005,0.07647755693036729,False,False,Ninguno
64,ELEC,Electrónica,2019-05-01,2019,5,152.33,140.4,11.930000000000007,0.07831681218407409,False,False,Ninguno
64,ELEC,Electrónica,2019-06-01,2019,6,152.04,140.17,11.870000000000005,0.07807156011575904,False,False,Ninguno
64,ELEC,Electrónica,2019-07-01,2019,7,152.25,145.44,6.810000000000002,0.044729064039408885,True,False,Julio
64,ELEC,Electrónica,2019-08-01,2019,8,151.73,145.4,6.329999999999984,0.04171884268107813,False,False,Ninguno
64,ELEC,Electrónica,2019-09-01,2019,9,151.74,145.32,6.420000000000016,0.04230921312771857,False,False,Ninguno
64,ELEC,Electrónica,2019-10-01,2019,10,152.36,144.99,7.3700000000000045,0.04837227618797587,False,False,Ninguno
64,ELEC,Electrónica,2019-11-01,2019,11,152.38,144.88,7.5,0.04921905761911012,False,False,Ninguno
64,ELEC,Electrónica,2019-12-01,2019,12,152.24,144.96,7.280000000000001,0.04781923279033106,False,False,Ninguno
64,ELEC,Electrónica,2020-01-01,2020,1,151.82,145.03,6.789999999999992,0.04472401528125407,False,False,Ninguno
64,ELEC,Electrónica,2020-02-01,2020,2,165.33,145.21,20.120000000000005,0.12169600193552291,False,True,Febrero
64,ELEC,Electrónica,2020-03-01,2020,3,165.0,145.25,19.75,0.11969696969696969,False,False,Ninguno
64,ELEC,Electrónica,2020-04-01,2020,4,165.09,144.91,20.180000000000007,0.12223635592707012,False,False,Ninguno
64,ELEC,Electrónica,2020-05-01,2020,5,165.8,145.11,20.689999999999998,0.12478890229191796,False,False,Ninguno
64,ELEC,Electrónica,2020-06-01,2020,6,165.23,145.39,19.840000000000003,0.12007504690431522,False,False,Ninguno
64,ELEC,Electrónica,2020-07-01,2020,7,172.33,151.09,21.24000000000001,0.12325190042360591,True,True,Julio
64,ELEC,Electrónica,2020-08-01,2020,8,171.82,150.93,20.889999999999986,0.12158072401350242,False,False,Esporádico
64,ELEC,Electrónica,2020-09-01,2020,9,172.44,150.94,21.5,0.12468104848063094,False,False,Ninguno
64,ELEC,Electrónica,2020-10-01,2020,10,171.99,150.89,21.100000000000023,0.12268155125297996,False,False,Ninguno
64,ELEC,Electrónica,2020-11-01,2020,11,171.87,151.05,20.819999999999993,0.12113806947111184,False,False,Ninguno
64,ELEC,Electrónica,2020-12-01,2020,12,172.73,150.96,21.769999999999982,0.12603485208128282,False,False,Ninguno
64,ELEC,Electrónica,2021-01-01,2021,1,172.47,150.86,21.609999999999985,0.12529715312808015,False,False,Ninguno
64,ELEC,Electrónica,2021-02-01,2021,2,185.66,154.0,31.659999999999997,0.17052676936335234,True,True,Febrero
64,ELEC,Electrónica,2021-03-01,2021,3,185.63,154.16,31.47,0.16953078704950708,False,False,Ninguno
64,ELEC,Electrónica,2021-04-01,2021,4,185.81,154.11,31.69999999999999,0.17060438081911625,False,False,Ninguno
64,ELEC,Electrónica,2021-05-01,2021,5,185.79,154.34,31.44999999999999,0.16927714085795786,False,False,Ninguno
64,ELEC,Electrónica,2021-06-01,2021,6,185.24,154.18,31.060000000000002,0.16767436838695746,False,False,Ninguno
64,ELEC,Electrónica,2021-07-01,2021,7,204.31,165.07,39.24000000000001,0.1920610836473986,True,True,Julio
64,ELEC,Electrónica,2021-08-01,2021,8,204.43,165.21,39.22,0.19185051117742014,False,True,Esporádico
64,ELEC,Electrónica,2021-09-01,2021,9,219.23,166.88,52.349999999999994,0.23879031154495278,True,True,Esporádico
64,ELEC,Electrónica,2021-10-01,2021,10,218.56,167.18,51.379999999999995,0.23508418740849193,False,False,Ninguno
64,ELEC,Electrónica,2021-11-01,2021,11,219.14,167.0,52.139999999999986,0.23793009035319881,False,False,Ninguno
64,ELEC,Electrónica,2021-12-01,2021,12,219.46,166.9,52.56,0.23949694705185456,False,False,Ninguno
64,ELEC,Electrónica,2022-01-01,2022,1,218.69,167.43,51.25999999999999,0.2343957199689057,False,False,Ninguno
64,ELEC,Electrónica,2022-02-01,2022,2,243.09,170.31,72.78,0.2993952856966556,True,True,Febrero
64,ELEC,Electrónica,2022-03-01,2022,3,244.46,170.48,73.98000000000002,0.3026261965147673,False,False,Ninguno
64,ELEC,Electrónica,2022-04-01,2022,4,244.08,174.19,69.89000000000001,0.28634054408390697,True,False,Esporádico
64,ELEC,Electrónica,2022-05-01,2022,5,243.88,174.02,69.85999999999999,0.28645235361653265,False,False,Ninguno
64,ELEC,Electrónica,2022-06-01,2022,6,244.07,174.19,69.88,0.28631130413405986,False,False,Ninguno
64,ELEC,Electrónica,2022-07-01,2022,7,260.79,187.17,73.62000000000003,0.2822961003105948,True,True,Julio
64,ELEC,Electrónica,2022-08-01,2022,8,260.78,187.54,73.23999999999998,0.2808497584170565,False,False,Ninguno
64,ELEC,Electrónica,2022-09-01,2022,9,260.7,187.38,73.32,0.2812428078250863,False,False,Ninguno
64,ELEC,Electrónica,2022-10-01,2022,10,260.49,187.57,72.92000000000002,0.2799339705938808,False,False,Ninguno
64,ELEC,Electrónica,2022-11-01,2022,11,261.26,187.58,73.67999999999998,0.2820179131899257,False,False,Ninguno
64,ELEC,Electrónica,2022-12-01,2022,12,261.16,187.1,74.06000000000003,0.28358094654617866,False,False,Ninguno
64,ELEC,Electrónica,2023-01-01,2023,1,260.82,187.17,73.65,0.28237865194386935,False,False,Ninguno
64,ELEC,Electrónica,2023-02-01,2023,2,304.42,190.72,113.70000000000002,0.37349714210630053,True,True,Febrero
64,ELEC,Electrónica,2023-03-01,2023,3,304.39,190.98,113.41,0.3725812280298302,False,False,Ninguno
64,ELEC,Electrónica,2023-04-01,2023,4,304.44,190.97,113.47,0.3727171199579556,False,False,Ninguno
64,ELEC,Electrónica,2023-05-01,2023,5,304.47,191.25,113.22000000000003,0.3718592964824121,False,False,Esporádico
64,ELEC,Electrónica,2023-06-01,2023,6,304.41,190.78,113.63000000000002,0.373279458624881,False,False,Ninguno
64,ELEC,Electrónica,2023-07-01,2023,7,311.67,194.85,116.82000000000002,0.37481952064683804,True,True,Julio
64,ELEC,Electrónica,2023-08-01,2023,8,311.38,195.06,116.32,0.3735628492517181,False,False,Ninguno
64,ELEC,Electrónica,2023-09-01,2023,9,310.91,194.76,116.15000000000003,0.37358077900357023,False,False,Ninguno
64,ELEC,Electrónica,2023-10-01,2023,10,311.86,195.05,116.81,0.3745590970307189,False,False,Ninguno
64,ELEC,Electrónica,2023-11-01,2023,11,317.53,195.06,122.46999999999997,0.3856958397631719,False,True,Esporádico
64,ELEC,Electrónica,2023-12-01,2023,12,317.48,194.88,122.60000000000002,0.38616605770442236,False,False,Ninguno
64,ELEC,Electrónica,2024-01-01,2024,1,317.76,195.01,122.75,0.38629783484390734,False,False,Ninguno
64,ELEC,Electrónica,2024-02-01,2024,2,319.61,194.62,124.99000000000001,0.3910703670097932,False,True,Febrero
64,ELEC,Electrónica,2024-03-01,2024,3,320.98,195.01,125.97000000000003,0.3924543585270111,False,False,Ninguno
64,ELEC,Electrónica,2024-04-01,2024,4,319.63,194.83,124.79999999999998,0.3904514595000469,False,False,Ninguno
64,ELEC,Electrónica,2024-05-01,2024,5,320.9,195.1,125.79999999999998,0.39202243689622934,False,False,Ninguno
64,ELEC,Electrónica,2024-06-01,2024,6,320.47,195.2,125.27000000000004,0.39089462352170257,False,False,Ninguno
64,ELEC,Electrónica,2024-07-01,2024,7,347.05,194.52,152.53,0.43950439417951304,False,True,Julio
64,ELEC,Electrónica,2024-08-01,2024,8,348.31,194.58,153.73,0.4413597083058195,False,False,Ninguno
64,ELEC,Electrónica,2024-09-01,2024,9,347.86,194.56,153.3,0.4406945322831024,False,False,Ninguno
64,ELEC,Electrónica,2024-10-01,2024,10,347.47,194.88,152.59000000000003,0.43914582553889553,False,False,Ninguno
64,ELEC,Electrónica,2024-11-01,2024,11,347.18,195.19,151.99,0.4377844345872458,False,False,Ninguno
64,ELEC,Electrónica,2024-12-01,2024,12,348.44,194.78,153.66,0.4409941453334864,False,False,Ninguno
64,ELEC,Electrónica,2025-01-01,2025,1,348.23,194.53,153.70000000000002,0.44137495333543925,False,False,Ninguno
64,ELEC,Electrónica,2025-02-01,2025,2,396.03,219.04,176.98999999999998,0.44691058758174884,True,True,Febrero
64,ELEC,Electrónica,2025-03-01,2025,3,395.25,218.83,176.42,0.44635041113219476,False,False,Ninguno
64,ELEC,Electrónica,2025-04-01,2025,4,395.38,218.84,176.54,0.4465071576711012,False,False,Ninguno
64,ELEC,Electrónica,2025-05-01,2025,5,421.11,219.06,202.05,0.47980337678991236,False,True,Esporádico
64,ELEC,Electrónica,2025-06-01,2025,6,420.85,219.14,201.71000000000004,0.47929190923131765,False,False,Ninguno
64,ELEC,Electrónica,2025-07-01,2025,7,463.68,219.02,244.66,0.5276483781918564,False,True,Julio
64,ELEC,Electrónica,2025-08-01,2025,8,462.1,219.13,242.97000000000003,0.5257952824064056,False,False,Ninguno
64,ELEC,Electrónica,2025-09-01,2025,9,464.19,219.19,245.0,0.5278011159223593,False,False,Ninguno
64,ELEC,Electrónica,2025-10-01,2025,10,462.13,218.84,243.29,0.5264535953086794,False,False,Ninguno
64,ELEC,Electrónica,2025-11-01,2025,11,463.14,219.43,243.70999999999998,0.5262123763872695,False,True,Esporádico
65,LIBRO,Libros,2018-07-01,2018,7,39.21,28.08,11.130000000000003,0.2838561591430758,False,False,Ninguno
65,LIBRO,Libros,2018-08-01,2018,8,39.22,28.07,11.149999999999999,0.2842937276899541,False,False,Ninguno
65,LIBRO,Libros,2018-09-01,2018,9,40.82,28.03,12.79,0.31332680058794704,False,True,Esporádico
65,LIBRO,Libros,2018-10-01,2018,10,40.61,28.08,12.530000000000001,0.30854469342526475,False,False,Ninguno
65,LIBRO,Libros,2018-11-01,2018,11,40.84,27.99,12.850000000000005,0.31464250734573956,False,False,Ninguno
65,LIBRO,Libros,2018-12-01,2018,12,40.82,28.01,12.809999999999999,0.3138167564919157,False,False,Ninguno
65,LIBRO,Libros,2019-01-01,2019,1,40.64,28.02,12.620000000000001,0.31053149606299213,False,False,Ninguno
65,LIBRO,Libros,2019-02-01,2019,2,40.69,28.6,12.089999999999996,0.29712460063897755,True,True,Febrero
65,LIBRO,Libros,2019-03-01,2019,3,40.63,28.65,11.980000000000004,0.294856017720896,False,False,Ninguno
65,LIBRO,Libros,2019-04-01,2019,4,40.65,28.6,12.049999999999997,0.2964329643296432,False,False,Ninguno
65,LIBRO,Libros,2019-05-01,2019,5,40.65,28.6,12.049999999999997,0.2964329643296432,False,False,Ninguno
65,LIBRO,Libros,2019-06-01,2019,6,40.52,28.54,11.980000000000004,0.2956564659427444,False,False,Ninguno
65,LIBRO,Libros,2019-07-01,2019,7,43.25,29.13,14.120000000000001,0.32647398843930636,True,True,Julio
65,LIBRO,Libros,2019-08-01,2019,8,43.27,29.22,14.050000000000004,0.3247053385717588,False,False,Ninguno
65,LIBRO,Libros,2019-09-01,2019,9,43.09,29.22,13.870000000000005,0.32188442794151784,False,False,Ninguno
65,LIBRO,Libros,2019-10-01,2019,10,43.07,29.17,13.899999999999999,0.3227304388205247,False,False,Ninguno
65,LIBRO,Libros,2019-11-01,2019,11,43.25,29.2,14.05,0.3248554913294798,False,False,Ninguno
65,LIBRO,Libros,2019-12-01,2019,12,45.8,29.16,16.639999999999997,0.3633187772925764,False,True,Esporádico
65,LIBRO,Libros,2020-01-01,2020,1,45.6,29.12,16.48,0.36140350877192984,False,False,Ninguno
65,LIBRO,Libros,2020-02-01,2020,2,45.71,29.2,16.51,0.36119011157296,False,False,Febrero
65,LIBRO,Libros,2020-03-01,2020,3,45.62,29.23,16.389999999999997,0.3592722490135905,False,False,Ninguno
65,LIBRO,Libros,2020-04-01,2020,4,45.72,29.21,16.509999999999998,0.36111111111111105,False,False,Ninguno
65,LIBRO,Libros,2020-05-01,2020,5,45.81,29.21,16.6,0.36236629556865313,False,False,Esporádico
65,LIBRO,Libros,2020-06-01,2020,6,45.67,29.22,16.450000000000003,0.360192686665207,False,False,Ninguno
65,LIBRO,Libros,2020-07-01,2020,7,45.63,29.22,16.410000000000004,0.35963182117028275,False,False,Julio
65,LIBRO,Libros,2020-08-01,2020,8,45.71,29.12,16.59,0.36294027565084225,False,False,Ninguno
65,LIBRO,Libros,2020-09-01,2020,9,45.72,29.21,16.509999999999998,0.36111111111111105,False,False,Ninguno
65,LIBRO,Libros,2020-10-01,2020,10,45.79,29.21,16.58,0.3620877920943437,False,False,Ninguno
65,LIBRO,Libros,2020-11-01,2020,11,45.85,29.13,16.720000000000002,0.3646673936750273,False,False,Ninguno
65,LIBRO,Libros,2020-12-01,2020,12,46.13,29.75,16.380000000000003,0.35508345978755695,True,True,Esporádico
65,LIBRO,Libros,2021-01-01,2021,1,46.12,29.71,16.409999999999997,0.3558109280138768,False,False,Ninguno
65,LIBRO,Libros,2021-02-01,2021,2,45.5,29.72,15.780000000000001,0.34681318681318685,False,True,Febrero
65,LIBRO,Libros,2021-03-01,2021,3,45.67,29.75,15.920000000000002,0.34858769432888115,False,False,Ninguno
65,LIBRO,Libros,2021-04-01,2021,4,45.69,29.76,15.929999999999996,0.34865397242284957,False,False,Ninguno
65,LIBRO,Libros,2021-05-01,2021,5,45.64,29.77,15.870000000000001,0.3477212971078002,False,False,Ninguno
65,LIBRO,Libros,2021-06-01,2021,6,45.57,29.77,15.8,0.3467193328944481,False,False,Ninguno
65,LIBRO,Libros,2021-07-01,2021,7,45.47,29.77,15.7,0.34528260391466903,False,False,Julio
65,LIBRO,Libros,2021-08-01,2021,8,45.66,29.79,15.869999999999997,0.34756898817345594,False,False,Ninguno
65,LIBRO,Libros,2021-09-01,2021,9,45.66,29.72,15.939999999999998,0.34910205869469996,False,False,Ninguno
65,LIBRO,Libros,2021-10-01,2021,10,45.51,29.69,15.819999999999997,0.3476159085915183,False,False,Ninguno
65,LIBRO,Libros,2021-11-01,2021,11,45.66,29.7,15.959999999999997,0.34954007884362676,False,False,Ninguno
65,LIBRO,Libros,2021-12-01,2021,12,45.67,29.78,15.89,0.34793080797022113,False,False,Ninguno
65,LIBRO,Libros,2022-01-01,2022,1,45.09,29.75,15.340000000000003,0.3402084719449989,False,True,Esporádico
65,LIBRO,Libros,2022-02-01,2022,2,44.09,29.77,14.320000000000004,0.3247902018598322,False,True,Febrero
65,LIBRO,Libros,2022-03-01,2022,3,44.2,29.71,14.490000000000002,0.32782805429864253,False,False,Ninguno
65,LIBRO,Libros,2022-04-01,2022,4,44.15,31.15,13.0,0.2944507361268403,True,True,Esporádico
65,LIBRO,Libros,2022-05-01,2022,5,44.16,31.16,12.999999999999996,0.2943840579710144,False,False,Ninguno
65,LIBRO,Libros,2022-06-01,2022,6,44.27,31.18,13.090000000000003,0.2956855658459454,False,False,Ninguno
65,LIBRO,Libros,2022-07-01,2022,7,45.58,31.23,14.349999999999998,0.3148310662571303,False,True,Julio
65,LIBRO,Libros,2022-08-01,2022,8,45.4,31.15,14.25,0.31387665198237885,False,False,Ninguno
65,LIBRO,Libros,2022-09-01,2022,9,45.4,31.24,14.16,0.3118942731277533,False,False,Ninguno
65,LIBRO,Libros,2022-10-01,2022,10,45.39,31.15,14.240000000000002,0.3137254901960785,False,False,Ninguno
65,LIBRO,Libros,2022-11-01,2022,11,45.54,31.21,14.329999999999998,0.3146684233640755,False,False,Ninguno
65,LIBRO,Libros,2022-12-01,2022,12,45.63,31.25,14.380000000000003,0.3151435459127767,False,False,Ninguno
65,LIBRO,Libros,2023-01-01,2023,1,45.48,31.18,14.299999999999997,0.31442392260334207,False,False,Ninguno
65,LIBRO,Libros,2023-02-01,2023,2,45.42,31.06,14.360000000000003,0.3161602818141788,True,False,Febrero
65,LIBRO,Libros,2023-03-01,2023,3,45.41,31.06,14.349999999999998,0.3160096894957058,False,False,Ninguno
65,LIBRO,Libros,2023-04-01,2023,4,45.47,31.07,14.399999999999999,0.3166923246096327,False,False,Ninguno
65,LIBRO,Libros,2023-05-01,2023,5,45.54,31.16,14.379999999999999,0.3157663592446201,False,False,Ninguno
65,LIBRO,Libros,2023-06-01,2023,6,46.71,32.5,14.21,0.3042175123099979,True,True,Esporádico
65,LIBRO,Libros,2023-07-01,2023,7,46.93,32.47,14.46,0.3081184743234605,False,False,Julio
65,LIBRO,Libros,2023-08-01,2023,8,46.67,32.58,14.090000000000003,0.30190700664238274,False,False,Ninguno
65,LIBRO,Libros,2023-09-01,2023,9,46.78,32.47,14.310000000000002,0.30589995724668667,False,False,Ninguno
65,LIBRO,Libros,2023-10-01,2023,10,46.76,32.48,14.280000000000001,0.30538922155688625,False,False,Ninguno
65,LIBRO,Libros,2023-11-01,2023,11,46.79,32.47,14.32,0.3060483009189998,False,False,Ninguno
65,LIBRO,Libros,2023-12-01,2023,12,46.76,32.49,14.269999999999996,0.30517536355859703,False,False,Ninguno
65,LIBRO,Libros,2024-01-01,2024,1,46.78,32.47,14.310000000000002,0.30589995724668667,False,False,Ninguno
65,LIBRO,Libros,2024-02-01,2024,2,53.44,34.88,18.559999999999995,0.3473053892215568,True,True,Febrero
65,LIBRO,Libros,2024-03-01,2024,3,53.35,34.88,18.47,0.34620431115276473,False,False,Ninguno
65,LIBRO,Libros,2024-04-01,2024,4,53.16,34.88,18.279999999999994,0.34386756960120385,False,False,Ninguno
65,LIBRO,Libros,2024-05-01,2024,5,53.45,34.83,18.620000000000005,0.3483629560336764,False,False,Ninguno
65,LIBRO,Libros,2024-06-01,2024,6,53.44,34.87,18.57,0.3474925149700599,False,False,Ninguno
65,LIBRO,Libros,2024-07-01,2024,7,57.35,34.89,22.46,0.3916303400174368,False,True,Julio
65,LIBRO,Libros,2024-08-01,2024,8,57.29,34.87,22.42,0.39134229359399547,False,False,Ninguno
65,LIBRO,Libros,2024-09-01,2024,9,57.39,34.89,22.5,0.3920543648719289,False,False,Ninguno
65,LIBRO,Libros,2024-10-01,2024,10,57.34,34.88,22.46,0.39169863969305896,False,False,Ninguno
65,LIBRO,Libros,2024-11-01,2024,11,57.12,34.81,22.309999999999995,0.39058123249299714,False,False,Ninguno
65,LIBRO,Libros,2024-12-01,2024,12,57.31,34.9,22.410000000000004,0.39103123364159836,False,False,Ninguno
65,LIBRO,Libros,2025-01-01,2025,1,57.16,34.81,22.349999999999994,0.3910076976906927,False,False,Esporádico
65,LIBRO,Libros,2025-02-01,2025,2,64.73,39.61,25.120000000000005,0.3880735362274062,True,True,Febrero
65,LIBRO,Libros,2025-03-01,2025,3,64.6,39.54,25.059999999999995,0.3879256965944272,False,False,Ninguno
65,LIBRO,Libros,2025-04-01,2025,4,64.8,39.48,25.32,0.3907407407407408,False,False,Ninguno
65,LIBRO,Libros,2025-05-01,2025,5,64.72,39.5,25.22,0.38967861557478367,False,False,Ninguno
65,LIBRO,Libros,2025-06-01,2025,6,64.68,39.56,25.120000000000005,0.38837353123067414,False,False,Ninguno
65,LIBRO,Libros,2025-07-01,2025,7,62.48,43.86,18.619999999999997,0.29801536491677333,True,True,Julio
65,LIBRO,Libros,2025-08-01,2025,8,62.63,43.74,18.89,0.30161264569695034,False,False,Ninguno
65,LIBRO,Libros,2025-09-01,2025,9,62.76,43.74,19.019999999999996,0.3030592734225621,False,False,Ninguno
65,LIBRO,Libros,2025-10-01,2025,10,62.47,43.82,18.65,0.29854330078437646,False,False,Esporádico
65,LIBRO,Libros,2025-11-01,2025,11,62.69,43.74,18.949999999999996,0.30228106556069545,False,False,Ninguno
66,BELLE,Belleza,2018-07-01,2018,7,81.72,52.99,28.729999999999997,0.35156632403328436,False,False,Ninguno
66,BELLE,Belleza,2018-08-01,2018,8,81.44,53.0,28.439999999999998,0.3492141453831041,False,False,Ninguno
66,BELLE,Belleza,2018-09-01,2018,9,81.64,53.0,28.64,0.35080842724154826,False,False,Ninguno
66,BELLE,Belleza,2018-10-01,2018,10,81.43,55.4,26.03000000000001,0.31966105857791977,True,False,Esporádico
66,BELLE,Belleza,2018-11-01,2018,11,81.59,55.39,26.200000000000003,0.32111778404216207,False,False,Ninguno
66,BELLE,Belleza,2018-12-01,2018,12,81.38,55.33,26.049999999999997,0.3201032194642418,False,False,Ninguno
66,BELLE,Belleza,2019-01-01,2019,1,81.71,55.27,26.43999999999999,0.3235834047240239,False,False,Ninguno
66,BELLE,Belleza,2019-02-01,2019,2,81.37,56.59,24.78,0.30453484085043625,True,False,Febrero
66,BELLE,Belleza,2019-03-01,2019,3,87.25,56.67,30.58,0.35048710601719196,False,True,Esporádico
66,BELLE,Belleza,2019-04-01,2019,4,87.72,56.66,31.060000000000002,0.35408116735066125,False,False,Ninguno
66,BELLE,Belleza,2019-05-01,2019,5,87.62,56.55,31.070000000000007,0.35459940652819,False,False,Ninguno
66,BELLE,Belleza,2019-06-01,2019,6,87.59,56.57,31.020000000000003,0.35415001712524263,False,False,Esporádico
66,BELLE,Belleza,2019-07-01,2019,7,89.64,57.63,32.01,0.357095046854083,True,True,Julio
66,BELLE,Belleza,2019-08-01,2019,8,89.41,57.68,31.729999999999997,0.35488200425008387,False,False,Ninguno
66,BELLE,Belleza,2019-09-01,2019,9,89.46,57.81,31.64999999999999,0.35378940308517765,False,False,Ninguno
66,BELLE,Belleza,2019-10-01,2019,10,89.7,57.73,31.970000000000006,0.3564102564102565,False,False,Ninguno
66,BELLE,Belleza,2019-11-01,2019,11,89.28,57.8,31.480000000000004,0.35259856630824377,False,False,Ninguno
66,BELLE,Belleza,2019-12-01,2019,12,89.71,57.71,31.999999999999993,0.35670493813398724,False,False,Ninguno
66,BELLE,Belleza,2020-01-01,2020,1,89.39,57.69,31.700000000000003,0.3546257970690234,False,False,Ninguno
66,BELLE,Belleza,2020-02-01,2020,2,86.65,56.08,30.570000000000007,0.352798615118292,True,True,Febrero
66,BELLE,Belleza,2020-03-01,2020,3,86.65,56.13,30.520000000000003,0.35222158107328333,False,False,Ninguno
66,BELLE,Belleza,2020-04-01,2020,4,86.27,55.97,30.299999999999997,0.35122290483366175,False,False,Ninguno
66,BELLE,Belleza,2020-05-01,2020,5,86.43,56.13,30.300000000000004,0.35057271780631727,False,False,Ninguno
66,BELLE,Belleza,2020-06-01,2020,6,86.72,55.98,30.740000000000002,0.35447416974169743,False,False,Ninguno
66,BELLE,Belleza,2020-07-01,2020,7,93.77,57.61,36.16,0.38562440012797267,True,True,Julio
66,BELLE,Belleza,2020-08-01,2020,8,93.94,57.58,36.36,0.3870555673834362,False,False,Ninguno
66,BELLE,Belleza,2020-09-01,2020,9,94.24,57.51,36.73,0.3897495755517827,False,False,Ninguno
66,BELLE,Belleza,2020-10-01,2020,10,93.87,57.61,36.260000000000005,0.3862788963460105,False,False,Ninguno
66,BELLE,Belleza,2020-11-01,2020,11,93.77,57.43,36.339999999999996,0.3875439906153354,False,False,Ninguno
66,BELLE,Belleza,2020-12-01,2020,12,93.73,57.51,36.220000000000006,0.38642910487570686,False,False,Ninguno
66,BELLE,Belleza,2021-01-01,2021,1,93.77,57.48,36.29,0.38701077103551246,False,False,Ninguno
66,BELLE,Belleza,2021-02-01,2021,2,89.51,59.04,30.470000000000006,0.3404088928611329,True,True,Febrero
66,BELLE,Belleza,2021-03-01,2021,3,89.87,58.92,30.950000000000003,0.3443863358184044,False,False,Ninguno
66,BELLE,Belleza,2021-04-01,2021,4,89.52,59.02,30.499999999999993,0.34070598748882924,False,False,Ninguno
66,BELLE,Belleza,2021-05-01,2021,5,89.78,58.86,30.92,0.3443974159055469,False,False,Ninguno
66,BELLE,Belleza,2021-06-01,2021,6,89.81,58.93,30.880000000000003,0.343836989199421,False,False,Ninguno
66,BELLE,Belleza,2021-07-01,2021,7,92.13,58.92,33.209999999999994,0.3604689026375773,False,True,Julio
66,BELLE,Belleza,2021-08-01,2021,8,96.78,59.05,37.730000000000004,0.3898532754701385,False,True,Esporádico
66,BELLE,Belleza,2021-09-01,2021,9,96.77,58.96,37.809999999999995,0.3907202645447969,False,False,Ninguno
66,BELLE,Belleza,2021-10-01,2021,10,97.27,58.95,38.31999999999999,0.39395497070011304,False,False,Ninguno
66,BELLE,Belleza,2021-11-01,2021,11,97.29,58.93,38.36000000000001,0.3942851269400761,False,False,Esporádico
66,BELLE,Belleza,2021-12-01,2021,12,97.29,58.99,38.300000000000004,0.3936684140199404,False,False,Ninguno
66,BELLE,Belleza,2022-01-01,2022,1,96.81,59.02,37.79,0.3903522363392211,False,False,Ninguno
66,BELLE,Belleza,2022-02-01,2022,2,95.55,60.14,35.41,0.3705913134484563,True,True,Febrero
66,BELLE,Belleza,2022-03-01,2022,3,102.83,60.12,42.71,0.415345716230672,False,True,Esporádico
66,BELLE,Belleza,2022-04-01,2022,4,102.89,60.24,42.65,0.4145203615511711,False,False,Ninguno
66,BELLE,Belleza,2022-05-01,2022,5,102.66,60.07,42.589999999999996,0.4148646015975063,False,False,Ninguno
66,BELLE,Belleza,2022-06-01,2022,6,102.6,60.1,42.49999999999999,0.41423001949317734,False,False,Ninguno
66,BELLE,Belleza,2022-07-01,2022,7,104.5,60.22,44.28,0.42373205741626796,False,True,Julio
66,BELLE,Belleza,2022-08-01,2022,8,104.83,60.14,44.69,0.42630926261566343,False,False,Ninguno
66,BELLE,Belleza,2022-09-01,2022,9,104.52,60.03,44.489999999999995,0.4256601607347876,False,False,Ninguno
66,BELLE,Belleza,2022-10-01,2022,10,109.25,61.67,47.58,0.4355148741418764,True,True,Esporádico
66,BELLE,Belleza,2022-11-01,2022,11,110.68,62.33,48.35000000000001,0.4368449584387424,True,True,Esporádico
66,BELLE,Belleza,2022-12-01,2022,12,110.84,62.25,48.59,0.43837964633706245,False,False,Ninguno
66,BELLE,Belleza,2023-01-01,2023,1,115.55,63.56,51.989999999999995,0.44993509303331886,True,True,Esporádico
66,BELLE,Belleza,2023-02-01,2023,2,128.52,64.91,63.610000000000014,0.4949424214130097,True,True,Febrero
66,BELLE,Belleza,2023-03-01,2023,3,128.71,64.79,63.92,0.4966203092222826,False,False,Ninguno
66,BELLE,Belleza,2023-04-01,2023,4,128.83,64.83,64.00000000000001,0.4967787006132113,False,False,Ninguno
66,BELLE,Belleza,2023-05-01,2023,5,128.88,64.7,64.17999999999999,0.4979826194909993,False,False,Ninguno
66,BELLE,Belleza,2023-06-01,2023,6,128.68,64.7,63.980000000000004,0.4972023624494871,False,False,Ninguno
66,BELLE,Belleza,2023-07-01,2023,7,139.13,64.8,74.33,0.5342485445267017,False,True,Julio
66,BELLE,Belleza,2023-08-01,2023,8,139.75,64.94,74.81,0.5353130590339893,False,False,Ninguno
66,BELLE,Belleza,2023-09-01,2023,9,139.35,64.89,74.46,0.5343379978471474,False,False,Ninguno
66,BELLE,Belleza,2023-10-01,2023,10,139.91,64.93,74.97999999999999,0.5359159459652634,False,True,Esporádico
66,BELLE,Belleza,2023-11-01,2023,11,142.29,67.4,74.88999999999999,0.5263194883688241,True,True,Esporádico
66,BELLE,Belleza,2023-12-01,2023,12,142.03,67.18,74.85,0.5270013377455467,False,False,Ninguno
66,BELLE,Belleza,2024-01-01,2024,1,141.88,67.27,74.61,0.5258669297998309,False,False,Ninguno
66,BELLE,Belleza,2024-02-01,2024,2,159.42,69.15,90.26999999999998,0.5662401204365826,True,True,Febrero
66,BELLE,Belleza,2024-03-01,2024,3,158.36,70.64,87.72000000000001,0.5539277595352362,True,True,Esporádico
66,BELLE,Belleza,2024-04-01,2024,4,157.95,70.66,87.28999999999999,0.5526432415321304,False,False,Ninguno
66,BELLE,Belleza,2024-05-01,2024,5,158.21,70.57,87.64000000000001,0.5539472852537767,False,False,Ninguno
66,BELLE,Belleza,2024-06-01,2024,6,158.36,70.7,87.66000000000001,0.5535488759787826,False,False,Ninguno
66,BELLE,Belleza,2024-07-01,2024,7,174.14,71.7,102.43999999999998,0.5882623176754335,True,True,Julio
66,BELLE,Belleza,2024-08-01,2024,8,174.16,71.68,102.47999999999999,0.5884244372990354,False,False,Ninguno
66,BELLE,Belleza,2024-09-01,2024,9,174.76,71.88,102.88,0.588693064774548,False,False,Ninguno
66,BELLE,Belleza,2024-10-01,2024,10,174.53,71.88,102.65,0.5881510342061537,False,False,Ninguno
66,BELLE,Belleza,2024-11-01,2024,11,174.61,71.81,102.80000000000001,0.5887406219575053,False,False,Ninguno
66,BELLE,Belleza,2024-12-01,2024,12,174.75,71.77,102.98,0.5892989985693848,False,False,Ninguno
66,BELLE,Belleza,2025-01-01,2025,1,174.6,71.85,102.75,0.5884879725085911,False,False,Ninguno
66,BELLE,Belleza,2025-02-01,2025,2,185.04,71.91,113.13,0.6113813229571985,False,True,Febrero
66,BELLE,Belleza,2025-03-01,2025,3,188.8,71.88,116.92000000000002,0.6192796610169492,False,True,Esporádico
66,BELLE,Belleza,2025-04-01,2025,4,200.88,71.76,129.12,0.6427718040621266,False,True,Esporádico
66,BELLE,Belleza,2025-05-01,2025,5,200.99,71.91,129.08,0.6422210060202,False,False,Ninguno
66,BELLE,Belleza,2025-06-01,2025,6,200.84,71.81,129.03,0.6424517028480382,False,False,Ninguno
66,BELLE,Belleza,2025-07-01,2025,7,212.89,71.48,141.40999999999997,0.6642397482267837,True,True,Julio
66,BELLE,Belleza,2025-08-01,2025,8,212.01,71.67,140.33999999999997,0.6619499080232064,False,False,Ninguno
66,BELLE,Belleza,2025-09-01,2025,9,212.53,71.64,140.89,0.6629181762574695,False,False,Esporádico
66,BELLE,Belleza,2025-10-01,2025,10,212.11,71.5,140.61,0.6629107538541323,False,False,Ninguno
66,BELLE,Belleza,2025-11-01,2025,11,212.66,71.56,141.1,0.663500423210759,False,False,Ninguno
67,MUEB,Muebles,2018-07-01,2018,7,639.59,398.11,241.48000000000002,0.37755437076877374,False,False,Ninguno
67,MUEB,Muebles,2018-08-01,2018,8,639.7,397.87,241.83000000000004,0.37803657964670945,False,False,Ninguno
67,MUEB,Muebles,2018-09-01,2018,9,640.06,397.42,242.63999999999993,0.3790894603630909,False,False,Ninguno
67,MUEB,Muebles,2018-10-01,2018,10,639.84,397.87,241.97000000000003,0.37817266816704176,False,False,Ninguno
67,MUEB,Muebles,2018-11-01,2018,11,637.52,397.76,239.76,0.37608231898607103,False,False,Ninguno
67,MUEB,Muebles,2018-12-01,2018,12,638.11,397.75,240.36,0.37667486796947236,False,False,Ninguno
67,MUEB,Muebles,2019-01-01,2019,1,638.51,398.0,240.51,0.37667381873424066,False,False,Ninguno
67,MUEB,Muebles,2019-02-01,2019,2,700.49,436.8,263.69,0.3764364944538823,True,True,Febrero
67,MUEB,Muebles,2019-03-01,2019,3,699.67,437.89,261.78,0.3741478125401975,False,False,Ninguno
67,MUEB,Muebles,2019-04-01,2019,4,698.61,437.0,261.61,0.37447216615851475,False,False,Ninguno
67,MUEB,Muebles,2019-05-01,2019,5,698.62,436.66,261.96,0.3749677936503392,False,False,Ninguno
67,MUEB,Muebles,2019-06-01,2019,6,698.68,436.67,262.00999999999993,0.37500715635197795,False,False,Ninguno
67,MUEB,Muebles,2019-07-01,2019,7,719.64,453.59,266.05,0.3696987382580179,True,True,Julio
67,MUEB,Muebles,2019-08-01,2019,8,719.91,453.44,266.46999999999997,0.370143490158492,False,False,Ninguno
67,MUEB,Muebles,2019-09-01,2019,9,719.98,452.07,267.91,0.3721075585432929,False,False,Ninguno
67,MUEB,Muebles,2019-10-01,2019,10,720.93,453.39,267.53999999999996,0.37110399067870664,False,False,Ninguno
67,MUEB,Muebles,2019-11-01,2019,11,721.44,453.59,267.8500000000001,0.371271346196496,False,False,Ninguno
67,MUEB,Muebles,2019-12-01,2019,12,722.27,452.05,270.21999999999997,0.3741260193556426,False,False,Esporádico
67,MUEB,Muebles,2020-01-01,2020,1,722.59,452.21,270.38000000000005,0.37418176282539206,False,False,Ninguno
67,MUEB,Muebles,2020-02-01,2020,2,799.83,462.81,337.02000000000004,0.42136453996474255,True,True,Febrero
67,MUEB,Muebles,2020-03-01,2020,3,847.42,461.4,386.02,0.45552382525784146,False,True,Esporádico
67,MUEB,Muebles,2020-04-01,2020,4,843.99,473.41,370.58,0.4390810317657792,True,False,Esporádico
67,MUEB,Muebles,2020-05-01,2020,5,844.35,473.56,370.79,0.43914253567833245,False,False,Ninguno
67,MUEB,Muebles,2020-06-01,2020,6,848.37,474.06,374.31,0.44121079246083666,False,False,Ninguno
67,MUEB,Muebles,2020-07-01,2020,7,881.73,484.06,397.67,0.45101108048949223,True,True,Julio
67,MUEB,Muebles,2020-08-01,2020,8,881.55,483.34,398.21,0.4517157279791277,False,False,Ninguno
67,MUEB,Muebles,2020-09-01,2020,9,879.35,482.81,396.54,0.450946722010576,False,False,Ninguno
67,MUEB,Muebles,2020-10-01,2020,10,879.33,483.08,396.25000000000006,0.45062718205906777,False,False,Ninguno
67,MUEB,Muebles,2020-11-01,2020,11,880.68,483.36,397.31999999999994,0.4511513830222101,False,False,Ninguno
67,MUEB,Muebles,2020-12-01,2020,12,879.76,483.32,396.44,0.4506228971537692,False,False,Ninguno
67,MUEB,Muebles,2021-01-01,2021,1,883.79,484.1,399.68999999999994,0.45224544292196106,False,False,Ninguno
67,MUEB,Muebles,2021-02-01,2021,2,898.01,468.68,429.33,0.4780904444271222,True,True,Febrero
67,MUEB,Muebles,2021-03-01,2021,3,898.85,468.2,430.65000000000003,0.47911219892084334,False,False,Ninguno
67,MUEB,Muebles,2021-04-01,2021,4,902.1,469.25,432.85,0.4798248531204966,False,False,Ninguno
67,MUEB,Muebles,2021-05-01,2021,5,900.31,468.62,431.68999999999994,0.4794903977518854,False,False,Ninguno
67,MUEB,Muebles,2021-06-01,2021,6,902.53,469.28,433.25,0.4800394446721993,False,False,Ninguno
67,MUEB,Muebles,2021-07-01,2021,7,889.37,483.75,405.62,0.456075649054949,True,True,Julio
67,MUEB,Muebles,2021-08-01,2021,8,886.81,482.48,404.3299999999999,0.4559375740011952,False,False,Ninguno
67,MUEB,Muebles,2021-09-01,2021,9,891.11,484.16,406.95,0.4566776267800832,False,False,Ninguno
67,MUEB,Muebles,2021-10-01,2021,10,891.23,483.13,408.1,0.4579064887851621,False,False,Ninguno
67,MUEB,Muebles,2021-11-01,2021,11,890.78,483.59,407.19,0.4571162352095916,False,False,Ninguno
67,MUEB,Muebles,2021-12-01,2021,12,887.08,483.27,403.81000000000006,0.45521260765658117,False,False,Esporádico
67,MUEB,Muebles,2022-01-01,2022,1,889.42,493.98,395.43999999999994,0.4446043489015313,True,False,Esporádico
67,MUEB,Muebles,2022-02-01,2022,2,890.4,503.34,387.06,0.4347035040431267,True,True,Febrero
67,MUEB,Muebles,2022-03-01,2022,3,914.68,521.88,392.79999999999995,0.42943980408448856,True,True,Esporádico
67,MUEB,Muebles,2022-04-01,2022,4,950.95,521.78,429.1700000000001,0.45130658814869345,False,True,Esporádico
67,MUEB,Muebles,2022-05-01,2022,5,955.87,521.46,434.40999999999997,0.45446556540115285,False,False,Ninguno
67,MUEB,Muebles,2022-06-01,2022,6,953.12,520.31,432.81000000000006,0.45409811985898946,False,False,Ninguno
67,MUEB,Muebles,2022-07-01,2022,7,952.83,522.21,430.62,0.4519379112748339,False,False,Julio
67,MUEB,Muebles,2022-08-01,2022,8,956.42,521.23,435.18999999999994,0.45501976119278137,False,False,Ninguno
67,MUEB,Muebles,2022-09-01,2022,9,951.18,520.69,430.4899999999999,0.45258520994974655,False,False,Ninguno
67,MUEB,Muebles,2022-10-01,2022,10,955.78,522.07,433.7099999999999,0.45377597355039856,False,False,Ninguno
67,MUEB,Muebles,2022-11-01,2022,11,953.75,521.26,432.49,0.4534626474442988,False,False,Ninguno
67,MUEB,Muebles,2022-12-01,2022,12,955.03,522.02,433.01,0.45339936965330935,False,False,Ninguno
67,MUEB,Muebles,2023-01-01,2023,1,950.9,520.83,430.06999999999994,0.4522767904090861,False,False,Ninguno
67,MUEB,Muebles,2023-02-01,2023,2,1094.28,543.8,550.48,0.5030522352597142,True,True,Febrero
67,MUEB,Muebles,2023-03-01,2023,3,1091.43,542.99,548.44,0.5024967244807271,False,False,Ninguno
67,MUEB,Muebles,2023-04-01,2023,4,1093.37,543.41,549.9599999999999,0.5029953263762496,False,False,Ninguno
67,MUEB,Muebles,2023-05-01,2023,5,1089.09,542.9,546.1899999999999,0.5015104353175587,False,False,Ninguno
67,MUEB,Muebles,2023-06-01,2023,6,1091.51,543.74,547.77,0.5018460664583925,False,False,Ninguno
67,MUEB,Muebles,2023-07-01,2023,7,1161.32,553.03,608.29,0.5237918919849825,True,True,Julio
67,MUEB,Muebles,2023-08-01,2023,8,1156.79,553.2,603.5899999999999,0.5217800983756775,False,False,Ninguno
67,MUEB,Muebles,2023-09-01,2023,9,1248.22,565.44,682.78,0.5470029321754177,True,True,Esporádico
67,MUEB,Muebles,2023-10-01,2023,10,1241.73,563.93,677.8000000000001,0.5458513525484606,False,False,Ninguno
67,MUEB,Muebles,2023-11-01,2023,11,1325.5,579.21,746.29,0.563025273481705,True,True,Esporádico
67,MUEB,Muebles,2023-12-01,2023,12,1321.66,578.24,743.4200000000001,0.5624895964166275,False,False,Ninguno
67,MUEB,Muebles,2024-01-01,2024,1,1319.7,578.81,740.8900000000001,0.561407895733879,False,False,Ninguno
67,MUEB,Muebles,2024-02-01,2024,2,1375.59,603.76,771.8299999999999,0.5610901504081884,True,True,Febrero
67,MUEB,Muebles,2024-03-01,2024,3,1378.22,604.15,774.07,0.5616447301591909,False,False,Ninguno
67,MUEB,Muebles,2024-04-01,2024,4,1378.0,602.89,775.11,0.562489114658926,False,False,Ninguno
67,MUEB,Muebles,2024-05-01,2024,5,1378.7,603.56,775.1400000000001,0.5622252846884747,False,False,Ninguno
67,MUEB,Muebles,2024-06-01,2024,6,1379.65,603.21,776.44,0.5627804153227268,False,False,Ninguno
67,MUEB,Muebles,2024-07-01,2024,7,1468.49,604.41,864.08,0.5884139490224652,False,True,Julio
67,MUEB,Muebles,2024-08-01,2024,8,1465.98,603.98,862.0,0.5880025648371737,False,False,Ninguno
67,MUEB,Muebles,2024-09-01,2024,9,1465.18,604.85,860.33,0.5871838272430692,False,False,Ninguno
67,MUEB,Muebles,2024-10-01,2024,10,1465.24,604.58,860.66,0.5873850017744533,False,False,Ninguno
67,MUEB,Muebles,2024-11-01,2024,11,1468.1,603.9,864.1999999999999,0.588651999182617,False,False,Ninguno
67,MUEB,Muebles,2024-12-01,2024,12,1464.39,603.31,861.0800000000002,0.588012756164683,False,False,Ninguno
67,MUEB,Muebles,2025-01-01,2025,1,1464.57,603.43,861.14,0.5879814553077013,False,False,Ninguno
67,MUEB,Muebles,2025-02-01,2025,2,1641.24,616.88,1024.3600000000001,0.6241378469937365,True,True,Febrero
67,MUEB,Muebles,2025-03-01,2025,3,1643.5,617.38,1026.12,0.624350471554609,False,False,Ninguno
67,MUEB,Muebles,2025-04-01,2025,4,1645.88,615.93,1029.9500000000003,0.6257746615792161,False,False,Ninguno
67,MUEB,Muebles,2025-05-01,2025,5,1645.03,616.74,1028.29,0.6250889041537236,False,False,Ninguno
67,MUEB,Muebles,2025-06-01,2025,6,1642.26,615.43,1026.83,0.625254222839258,False,False,Ninguno
67,MUEB,Muebles,2025-07-01,2025,7,1745.37,652.49,1092.8799999999999,0.6261594962672671,True,True,Julio
67,MUEB,Muebles,2025-08-01,2025,8,1742.58,651.7,1090.8799999999999,0.6260143006346911,False,False,Ninguno
67,MUEB,Muebles,2025-09-01,2025,9,1743.78,651.28,1092.5,0.6265125187810389,False,False,Ninguno
67,MUEB,Muebles,2025-10-01,2025,10,1737.01,652.87,1084.1399999999999,0.6241414845049826,False,False,Ninguno
67,MUEB,Muebles,2025-11-01,2025,11,1740.9,652.72,1088.18,0.625067493825033,False,False,Ninguno
68,LIBRO,Libros,2018-07-01,2018,7,15.06,10.83,4.23,0.2808764940239044,False,False,Ninguno
68,LIBRO,Libros,2018-08-01,2018,8,15.09,10.83,4.26,0.2823061630218688,False,False,Ninguno
68,LIBRO,Libros,2018-09-01,2018,9,15.08,10.85,4.23,0.2805039787798409,False,False,Ninguno
68,LIBRO,Libros,2018-10-01,2018,10,15.03,11.06,3.969999999999999,0.2641383898868928,True,False,Esporádico
68,LIBRO,Libros,2018-11-01,2018,11,15.59,11.38,4.209999999999999,0.2700449005772931,True,True,Esporádico
68,LIBRO,Libros,2018-12-01,2018,12,15.59,11.4,4.1899999999999995,0.26876202694034634,False,False,Ninguno
68,LIBRO,Libros,2019-01-01,2019,1,15.47,11.4,4.07,0.26308985132514545,False,True,Esporádico
68,LIBRO,Libros,2019-02-01,2019,2,16.17,12.48,3.6900000000000013,0.22820037105751398,True,True,Febrero
68,LIBRO,Libros,2019-03-01,2019,3,16.1,12.48,3.620000000000001,0.22484472049689444,False,False,Esporádico
68,LIBRO,Libros,2019-04-01,2019,4,16.11,12.5,3.6099999999999994,0.22408441961514586,False,False,Ninguno
68,LIBRO,Libros,2019-05-01,2019,5,16.14,12.48,3.66,0.22676579925650558,False,False,Ninguno
68,LIBRO,Libros,2019-06-01,2019,6,16.11,12.48,3.629999999999999,0.2253258845437616,False,False,Ninguno
68,LIBRO,Libros,2019-07-01,2019,7,15.74,12.48,3.26,0.20711562897077507,False,True,Julio
68,LIBRO,Libros,2019-08-01,2019,8,15.71,12.52,3.1900000000000013,0.20305537873965634,False,False,Ninguno
68,LIBRO,Libros,2019-09-01,2019,9,16.12,12.48,3.6400000000000006,0.22580645161290325,False,True,Esporádico
68,LIBRO,Libros,2019-10-01,2019,10,16.17,12.49,3.6800000000000015,0.22758194186765623,False,False,Ninguno
68,LIBRO,Libros,2019-11-01,2019,11,16.18,12.51,3.67,0.226823238566131,False,False,Ninguno
68,LIBRO,Libros,2019-12-01,2019,12,16.13,12.49,3.639999999999999,0.2256664600123992,False,False,Ninguno
68,LIBRO,Libros,2020-01-01,2020,1,16.15,12.51,3.639999999999999,0.22538699690402472,False,False,Ninguno
68,LIBRO,Libros,2020-02-01,2020,2,17.87,12.5,5.370000000000001,0.30050363738108565,False,True,Febrero
68,LIBRO,Libros,2020-03-01,2020,3,17.89,12.52,5.370000000000001,0.3001676914477362,False,False,Ninguno
68,LIBRO,Libros,2020-04-01,2020,4,17.85,12.5,5.350000000000001,0.2997198879551821,False,False,Ninguno
68,LIBRO,Libros,2020-05-01,2020,5,17.89,12.49,5.4,0.3018446059250978,False,False,Ninguno
68,LIBRO,Libros,2020-06-01,2020,6,17.81,12.5,5.309999999999999,0.29814710836608643,False,False,Ninguno
68,LIBRO,Libros,2020-07-01,2020,7,17.49,12.79,4.699999999999999,0.26872498570611775,True,True,Julio
68,LIBRO,Libros,2020-08-01,2020,8,17.44,12.79,4.650000000000002,0.2666284403669726,False,False,Ninguno
68,LIBRO,Libros,2020-09-01,2020,9,17.47,13.69,3.7799999999999994,0.21637092157985116,True,False,Esporádico
68,LIBRO,Libros,2020-10-01,2020,10,17.48,13.69,3.790000000000001,0.21681922196796344,False,False,Ninguno
68,LIBRO,Libros,2020-11-01,2020,11,17.45,13.66,3.789999999999999,0.21719197707736385,False,False,Ninguno
68,LIBRO,Libros,2020-12-01,2020,12,17.45,13.67,3.7799999999999994,0.21661891117478507,False,False,Ninguno
68,LIBRO,Libros,2021-01-01,2021,1,17.44,13.7,3.740000000000002,0.21444954128440377,False,False,Ninguno
68,LIBRO,Libros,2021-02-01,2021,2,17.65,14.04,3.6099999999999994,0.2045325779036827,True,True,Febrero
68,LIBRO,Libros,2021-03-01,2021,3,17.67,14.06,3.610000000000001,0.20430107526881724,False,False,Ninguno
68,LIBRO,Libros,2021-04-01,2021,4,17.71,14.05,3.66,0.20666290231507622,False,False,Ninguno
68,LIBRO,Libros,2021-05-01,2021,5,17.72,14.06,3.6599999999999984,0.20654627539503378,False,False,Ninguno
68,LIBRO,Libros,2021-06-01,2021,6,18.4,14.03,4.369999999999999,0.2375,False,True,Esporádico
68,LIBRO,Libros,2021-07-01,2021,7,18.36,15.2,3.16,0.1721132897603486,True,False,Julio
68,LIBRO,Libros,2021-08-01,2021,8,18.43,15.17,3.26,0.17688551275094952,False,False,Ninguno
68,LIBRO,Libros,2021-09-01,2021,9,18.38,15.17,3.209999999999999,0.17464635473340584,False,False,Ninguno
68,LIBRO,Libros,2021-10-01,2021,10,18.41,15.17,3.24,0.17599130907115698,False,False,Ninguno
68,LIBRO,Libros,2021-11-01,2021,11,18.67,15.98,2.6900000000000013,0.1440814140332084,True,True,Esporádico
68,LIBRO,Libros,2021-12-01,2021,12,18.72,16.0,2.719999999999999,0.14529914529914525,False,False,Ninguno
68,LIBRO,Libros,2022-01-01,2022,1,18.74,15.98,2.759999999999998,0.1472785485592315,False,False,Ninguno
68,LIBRO,Libros,2022-02-01,2022,2,20.89,17.79,3.1000000000000014,0.14839636189564392,True,True,Febrero
68,LIBRO,Libros,2022-03-01,2022,3,20.86,17.79,3.0700000000000003,0.14717162032598277,False,False,Ninguno
68,LIBRO,Libros,2022-04-01,2022,4,20.87,17.8,3.0700000000000003,0.14710110206037375,False,False,Ninguno
68,LIBRO,Libros,2022-05-01,2022,5,20.85,17.82,3.030000000000001,0.14532374100719428,False,False,Esporádico
68,LIBRO,Libros,2022-06-01,2022,6,20.88,17.83,3.0500000000000007,0.14607279693486594,False,False,Ninguno
68,LIBRO,Libros,2022-07-01,2022,7,21.88,18.66,3.219999999999999,0.1471663619744058,True,True,Julio
68,LIBRO,Libros,2022-08-01,2022,8,21.8,18.68,3.120000000000001,0.1431192660550459,False,False,Ninguno
68,LIBRO,Libros,2022-09-01,2022,9,21.87,18.63,3.240000000000002,0.14814814814814822,False,False,Ninguno
68,LIBRO,Libros,2022-10-01,2022,10,21.84,18.65,3.1900000000000013,0.14606227106227113,False,False,Ninguno
68,LIBRO,Libros,2022-11-01,2022,11,21.85,18.69,3.16,0.14462242562929062,False,False,Ninguno
68,LIBRO,Libros,2022-12-01,2022,12,21.8,18.64,3.16,0.14495412844036698,False,False,Ninguno
68,LIBRO,Libros,2023-01-01,2023,1,21.81,18.65,3.16,0.1448876662081614,False,False,Ninguno
68,LIBRO,Libros,2023-02-01,2023,2,22.75,19.45,3.3000000000000007,0.1450549450549451,True,True,Febrero
68,LIBRO,Libros,2023-03-01,2023,3,24.58,19.48,5.099999999999998,0.2074857607811228,False,True,Esporádico
68,LIBRO,Libros,2023-04-01,2023,4,24.53,19.51,5.02,0.20464737056665305,False,False,Ninguno
68,LIBRO,Libros,2023-05-01,2023,5,24.48,19.5,4.98,0.20343137254901963,False,False,Ninguno
68,LIBRO,Libros,2023-06-01,2023,6,24.49,19.5,4.989999999999998,0.20375663536137192,False,False,Ninguno
68,LIBRO,Libros,2023-07-01,2023,7,26.44,19.96,6.48,0.24508320726172467,True,True,Julio
68,LIBRO,Libros,2023-08-01,2023,8,26.4,19.97,6.43,0.24356060606060606,False,False,Ninguno
68,LIBRO,Libros,2023-09-01,2023,9,26.36,19.99,6.370000000000001,0.2416540212443096,False,False,Ninguno
68,LIBRO,Libros,2023-10-01,2023,10,26.45,20.0,6.449999999999999,0.24385633270321358,False,False,Ninguno
68,LIBRO,Libros,2023-11-01,2023,11,27.46,20.41,7.050000000000001,0.25673707210487984,True,True,Esporádico
68,LIBRO,Libros,2023-12-01,2023,12,27.54,20.39,7.149999999999999,0.25962236746550466,False,False,Esporádico
68,LIBRO,Libros,2024-01-01,2024,1,27.49,20.38,7.109999999999999,0.2586395052746453,False,False,Ninguno
68,LIBRO,Libros,2024-02-01,2024,2,29.88,20.82,9.059999999999999,0.30321285140562243,True,True,Febrero
68,LIBRO,Libros,2024-03-01,2024,3,29.86,20.77,9.09,0.3044206296048225,False,False,Ninguno
68,LIBRO,Libros,2024-04-01,2024,4,29.87,20.79,9.080000000000002,0.30398393036491467,False,False,Ninguno
68,LIBRO,Libros,2024-05-01,2024,5,29.92,20.83,9.090000000000003,0.30381016042780756,False,False,Ninguno
68,LIBRO,Libros,2024-06-01,2024,6,29.94,20.76,9.18,0.3066132264529058,False,False,Ninguno
68,LIBRO,Libros,2024-07-01,2024,7,29.9,21.34,8.559999999999999,0.2862876254180602,True,False,Julio
68,LIBRO,Libros,2024-08-01,2024,8,29.86,21.35,8.509999999999998,0.2849966510381781,False,False,Ninguno
68,LIBRO,Libros,2024-09-01,2024,9,29.81,21.33,8.48,0.28446829922844685,False,False,Ninguno
68,LIBRO,Libros,2024-10-01,2024,10,29.82,21.34,8.48,0.28437290409121396,False,False,Ninguno
68,LIBRO,Libros,2024-11-01,2024,11,29.61,21.39,8.219999999999999,0.2776089159067882,False,True,Esporádico
68,LIBRO,Libros,2024-12-01,2024,12,29.63,21.38,8.25,0.27843401957475533,False,False,Ninguno
68,LIBRO,Libros,2025-01-01,2025,1,29.77,21.41,8.36,0.28081961706415853,False,False,Ninguno
68,LIBRO,Libros,2025-02-01,2025,2,28.23,21.84,6.390000000000001,0.22635494155154093,True,True,Febrero
68,LIBRO,Libros,2025-03-01,2025,3,28.2,21.76,6.439999999999998,0.22836879432624105,False,False,Ninguno
68,LIBRO,Libros,2025-04-01,2025,4,28.21,21.76,6.449999999999999,0.22864232541651894,False,False,Ninguno
68,LIBRO,Libros,2025-05-01,2025,5,28.22,21.81,6.41,0.2271438695960312,False,False,Ninguno
68,LIBRO,Libros,2025-06-01,2025,6,28.16,21.79,6.370000000000001,0.2262073863636364,False,False,Ninguno
68,LIBRO,Libros,2025-07-01,2025,7,28.24,21.76,6.479999999999997,0.2294617563739376,False,True,Julio
68,LIBRO,Libros,2025-08-01,2025,8,28.2,21.77,6.43,0.22801418439716312,False,False,Ninguno
68,LIBRO,Libros,2025-09-01,2025,9,28.14,21.78,6.359999999999999,0.22601279317697226,False,False,Esporádico
68,LIBRO,Libros,2025-10-01,2025,10,28.18,21.81,6.370000000000001,0.22604684173172465,False,False,Ninguno
68,LIBRO,Libros,2025-11-01,2025,11,28.2,21.79,6.41,0.22730496453900711,False,False,Ninguno
69,ELEC,Electrónica,2018-07-01,2018,7,222.05,179.62,42.43000000000001,0.1910830893942806,False,False,Ninguno
69,ELEC,Electrónica,2018-08-01,2018,8,221.78,179.23,42.55000000000001,0.19185679502209402,False,False,Ninguno
69,ELEC,Electrónica,2018-09-01,2018,9,221.4,179.26,42.140000000000015,0.19033423667570015,False,False,Ninguno
69,ELEC,Electrónica,2018-10-01,2018,10,222.31,179.62,42.69,0.1920291484863479,False,False,Ninguno
69,ELEC,Electrónica,2018-11-01,2018,11,221.25,179.85,41.400000000000006,0.18711864406779663,False,False,Ninguno
69,ELEC,Electrónica,2018-12-01,2018,12,221.93,179.52,42.41,0.19109629162348485,False,False,Ninguno
69,ELEC,Electrónica,2019-01-01,2019,1,222.17,179.32,42.849999999999994,0.19287032452626365,False,False,Ninguno
69,ELEC,Electrónica,2019-02-01,2019,2,226.54,198.11,28.42999999999998,0.12549660104175853,True,True,Febrero
69,ELEC,Electrónica,2019-03-01,2019,3,226.64,198.47,28.169999999999987,0.12429403459230493,False,False,Ninguno
69,ELEC,Electrónica,2019-04-01,2019,4,226.23,197.98,28.25,0.12487291694293419,False,False,Ninguno
69,ELEC,Electrónica,2019-05-01,2019,5,225.47,198.39,27.080000000000013,0.12010467024437847,False,False,Ninguno
69,ELEC,Electrónica,2019-06-01,2019,6,226.25,198.34,27.909999999999997,0.12335911602209944,False,False,Ninguno
69,ELEC,Electrónica,2019-07-01,2019,7,238.52,202.27,36.25,0.15197886969646152,True,True,Julio
69,ELEC,Electrónica,2019-08-01,2019,8,237.67,202.17,35.5,0.14936676904952245,False,False,Ninguno
69,ELEC,Electrónica,2019-09-01,2019,9,238.59,202.69,35.900000000000006,0.15046732889056544,False,False,Esporádico
69,ELEC,Electrónica,2019-10-01,2019,10,238.39,201.92,36.47,0.15298460505893705,False,False,Ninguno
69,ELEC,Electrónica,2019-11-01,2019,11,237.33,201.98,35.35000000000002,0.14894872118990443,False,False,Ninguno
69,ELEC,Electrónica,2019-12-01,2019,12,237.68,202.12,35.56,0.1496129249410973,False,False,Ninguno
69,ELEC,Electrónica,2020-01-01,2020,1,238.31,202.56,35.75,0.1500146867525492,False,False,Ninguno
69,ELEC,Electrónica,2020-02-01,2020,2,261.49,228.87,32.620000000000005,0.12474664423113696,True,True,Febrero
69,ELEC,Electrónica,2020-03-01,2020,3,261.11,228.88,32.23000000000002,0.12343456780667159,False,False,Ninguno
69,ELEC,Electrónica,2020-04-01,2020,4,260.1,229.09,31.01000000000002,0.11922337562475978,False,False,Ninguno
69,ELEC,Electrónica,2020-05-01,2020,5,261.25,228.88,32.370000000000005,0.12390430622009571,False,False,Ninguno
69,ELEC,Electrónica,2020-06-01,2020,6,260.25,229.1,31.150000000000006,0.11969260326609032,False,False,Ninguno
69,ELEC,Electrónica,2020-07-01,2020,7,260.31,237.02,23.289999999999992,0.08947024701317656,True,False,Julio
69,ELEC,Electrónica,2020-08-01,2020,8,260.33,236.94,23.389999999999986,0.08984750124841542,False,False,Ninguno
69,ELEC,Electrónica,2020-09-01,2020,9,260.61,236.69,23.920000000000016,0.09178465906910716,False,False,Ninguno
69,ELEC,Electrónica,2020-10-01,2020,10,260.63,236.87,23.75999999999999,0.09116371868165596,False,False,Ninguno
69,ELEC,Electrónica,2020-11-01,2020,11,260.39,236.84,23.549999999999983,0.0904412611851453,False,False,Ninguno
69,ELEC,Electrónica,2020-12-01,2020,12,260.0,236.52,23.47999999999999,0.09030769230769227,False,False,Ninguno
69,ELEC,Electrónica,2021-01-01,2021,1,260.83,236.56,24.269999999999982,0.09304911244872133,False,False,Ninguno
69,ELEC,Electrónica,2021-02-01,2021,2,304.04,265.89,38.150000000000034,0.1254769109327721,True,True,Febrero
69,ELEC,Electrónica,2021-03-01,2021,3,304.41,266.1,38.31,0.1258500049275648,False,False,Ninguno
69,ELEC,Electrónica,2021-04-01,2021,4,303.27,266.53,36.74000000000001,0.12114617337685894,False,False,Esporádico
69,ELEC,Electrónica,2021-05-01,2021,5,303.63,266.08,37.55000000000001,0.12367025656226333,False,False,Ninguno
69,ELEC,Electrónica,2021-06-01,2021,6,302.89,265.86,37.02999999999997,0.12225560434481156,False,False,Ninguno
69,ELEC,Electrónica,2021-07-01,2021,7,303.61,266.6,37.00999999999999,0.1218998056717499,False,True,Julio
69,ELEC,Electrónica,2021-08-01,2021,8,303.91,265.79,38.120000000000005,0.1254318712776809,False,False,Ninguno
69,ELEC,Electrónica,2021-09-01,2021,9,303.61,266.23,37.379999999999995,0.12311847435855207,False,False,Ninguno
69,ELEC,Electrónica,2021-10-01,2021,10,303.68,266.0,37.68000000000001,0.12407797681770287,False,False,Ninguno
69,ELEC,Electrónica,2021-11-01,2021,11,302.81,266.82,35.99000000000001,0.11885340642647207,False,False,Ninguno
69,ELEC,Electrónica,2021-12-01,2021,12,303.12,266.08,37.04000000000002,0.12219583003430991,False,False,Ninguno
69,ELEC,Electrónica,2022-01-01,2022,1,303.37,266.04,37.329999999999984,0.12305105976200674,False,False,Ninguno
69,ELEC,Electrónica,2022-02-01,2022,2,349.06,301.29,47.76999999999998,0.13685326304933243,True,True,Febrero
69,ELEC,Electrónica,2022-03-01,2022,3,349.02,301.81,47.20999999999998,0.13526445475903953,False,False,Ninguno
69,ELEC,Electrónica,2022-04-01,2022,4,348.33,301.57,46.75999999999999,0.13424051904802914,False,False,Ninguno
69,ELEC,Electrónica,2022-05-01,2022,5,348.77,301.63,47.139999999999986,0.13516070762966995,False,False,Ninguno
69,ELEC,Electrónica,2022-06-01,2022,6,349.52,302.0,47.51999999999998,0.13595788509956508,False,False,Ninguno
69,ELEC,Electrónica,2022-07-01,2022,7,345.0,301.15,43.85000000000002,0.12710144927536238,False,True,Julio
69,ELEC,Electrónica,2022-08-01,2022,8,344.89,301.69,43.19999999999999,0.1252573284235553,False,False,Ninguno
69,ELEC,Electrónica,2022-09-01,2022,9,344.21,301.11,43.099999999999966,0.12521425873739858,False,False,Ninguno
69,ELEC,Electrónica,2022-10-01,2022,10,344.9,301.7,43.19999999999999,0.125253696723688,False,False,Ninguno
69,ELEC,Electrónica,2022-11-01,2022,11,343.62,301.16,42.45999999999998,0.1235667306908794,False,False,Esporádico
69,ELEC,Electrónica,2022-12-01,2022,12,344.91,301.53,43.38000000000005,0.12577194050621915,False,False,Ninguno
69,ELEC,Electrónica,2023-01-01,2023,1,345.17,302.18,42.99000000000001,0.1245473245067648,False,False,Ninguno
69,ELEC,Electrónica,2023-02-01,2023,2,350.74,307.51,43.23000000000002,0.12325369219364776,True,True,Febrero
69,ELEC,Electrónica,2023-03-01,2023,3,351.89,308.35,43.539999999999964,0.12373184802068818,False,False,Ninguno
69,ELEC,Electrónica,2023-04-01,2023,4,351.31,307.56,43.75,0.12453388744983063,False,False,Esporádico
69,ELEC,Electrónica,2023-05-01,2023,5,374.68,307.9,66.78000000000003,0.17823209138464832,False,True,Esporádico
69,ELEC,Electrónica,2023-06-01,2023,6,375.29,307.9,67.39000000000004,0.17956780090063695,False,False,Ninguno
69,ELEC,Electrónica,2023-07-01,2023,7,392.45,307.87,84.57999999999998,0.2155179003694738,False,True,Julio
69,ELEC,Electrónica,2023-08-01,2023,8,393.69,308.56,85.13,0.2162361248698214,False,False,Ninguno
69,ELEC,Electrónica,2023-09-01,2023,9,394.66,307.92,86.74000000000001,0.2197841179749658,False,False,Ninguno
69,ELEC,Electrónica,2023-10-01,2023,10,394.63,307.57,87.06,0.22061171223677875,False,True,Esporádico
69,ELEC,Electrónica,2023-11-01,2023,11,394.61,307.65,86.96000000000004,0.22036947872583065,False,False,Ninguno
69,ELEC,Electrónica,2023-12-01,2023,12,392.8,307.67,85.13,0.21672606924643584,False,False,Ninguno
69,ELEC,Electrónica,2024-01-01,2024,1,393.19,307.97,85.21999999999997,0.21673999847402012,False,False,Ninguno
69,ELEC,Electrónica,2024-02-01,2024,2,451.81,333.65,118.16000000000003,0.26152586264137584,True,True,Febrero
69,ELEC,Electrónica,2024-03-01,2024,3,473.18,355.51,117.67000000000002,0.248679149583668,True,True,Esporádico
69,ELEC,Electrónica,2024-04-01,2024,4,472.14,355.38,116.75999999999999,0.2472995298004829,False,False,Ninguno
69,ELEC,Electrónica,2024-05-01,2024,5,471.67,355.46,116.21000000000004,0.24637988424110083,False,False,Ninguno
69,ELEC,Electrónica,2024-06-01,2024,6,472.57,354.82,117.75,0.24916943521594684,False,False,Ninguno
69,ELEC,Electrónica,2024-07-01,2024,7,469.87,354.67,115.19999999999999,0.24517419711835187,False,True,Julio
69,ELEC,Electrónica,2024-08-01,2024,8,470.89,355.42,115.46999999999997,0.2452165049162224,False,False,Esporádico
69,ELEC,Electrónica,2024-09-01,2024,9,470.93,355.63,115.30000000000001,0.24483468880725376,False,False,Ninguno
69,ELEC,Electrónica,2024-10-01,2024,10,471.02,355.25,115.76999999999998,0.2457857415820984,False,False,Ninguno
69,ELEC,Electrónica,2024-11-01,2024,11,470.87,355.48,115.38999999999999,0.2450570221080128,False,False,Ninguno
69,ELEC,Electrónica,2024-12-01,2024,12,472.51,355.93,116.57999999999998,0.24672493703836954,False,False,Ninguno
69,ELEC,Electrónica,2025-01-01,2025,1,472.47,355.76,116.71000000000004,0.24702097487671182,False,False,Ninguno
69,ELEC,Electrónica,2025-02-01,2025,2,523.49,365.86,157.63,0.3011136793444001,True,True,Febrero
69,ELEC,Electrónica,2025-03-01,2025,3,523.83,365.89,157.94000000000005,0.301510031880572,False,False,Ninguno
69,ELEC,Electrónica,2025-04-01,2025,4,523.31,365.35,157.95999999999992,0.3018478530889911,False,False,Ninguno
69,ELEC,Electrónica,2025-05-01,2025,5,522.87,365.86,157.01,0.30028496567024304,False,False,Ninguno
69,ELEC,Electrónica,2025-06-01,2025,6,523.16,365.32,157.83999999999997,0.3017050233198256,False,False,Ninguno
69,ELEC,Electrónica,2025-07-01,2025,7,570.18,365.16,205.01999999999992,0.3595706618962432,False,True,Julio
69,ELEC,Electrónica,2025-08-01,2025,8,571.42,365.42,205.99999999999994,0.36050540758111366,False,False,Ninguno
69,ELEC,Electrónica,2025-09-01,2025,9,568.82,365.54,203.28000000000003,0.3573714004430224,False,False,Esporádico
69,ELEC,Electrónica,2025-10-01,2025,10,570.27,365.4,204.87,0.35925088116155507,False,False,Ninguno
69,ELEC,Electrónica,2025-11-01,2025,11,570.1,364.95,205.15000000000003,0.3598491492720576,False,False,Ninguno
70,ROPA,Ropa,2018-07-01,2018,7,189.8,112.1,77.70000000000002,0.4093782929399368,False,False,Ninguno
70,ROPA,Ropa,2018-08-01,2018,8,188.86,112.39,76.47000000000001,0.4049031028274913,False,False,Ninguno
70,ROPA,Ropa,2018-09-01,2018,9,188.87,112.08,76.79,0.40657595171281835,False,False,Esporádico
70,ROPA,Ropa,2018-10-01,2018,10,188.7,112.45,76.24999999999999,0.40408055113937463,False,False,Ninguno
70,ROPA,Ropa,2018-11-01,2018,11,189.53,112.18,77.35,0.40811481032026586,False,False,Ninguno
70,ROPA,Ropa,2018-12-01,2018,12,189.56,112.34,77.22,0.407364422874024,False,False,Ninguno
70,ROPA,Ropa,2019-01-01,2019,1,188.73,112.41,76.32,0.4043872198378636,False,False,Ninguno
70,ROPA,Ropa,2019-02-01,2019,2,201.1,117.98,83.11999999999999,0.41332670313276976,True,True,Febrero
70,ROPA,Ropa,2019-03-01,2019,3,201.49,118.13,83.36000000000001,0.4137178023723262,False,False,Ninguno
70,ROPA,Ropa,2019-04-01,2019,4,202.03,117.7,84.33,0.41741325545711033,False,False,Ninguno
70,ROPA,Ropa,2019-05-01,2019,5,201.74,117.95,83.79,0.41533657182512146,False,False,Ninguno
70,ROPA,Ropa,2019-06-01,2019,6,201.91,117.92,83.99,0.41597741568025354,False,False,Ninguno
70,ROPA,Ropa,2019-07-01,2019,7,194.9,117.8,77.10000000000001,0.3955874807593638,False,True,Julio
70,ROPA,Ropa,2019-08-01,2019,8,195.17,117.71,77.46,0.3968847671260952,False,False,Ninguno
70,ROPA,Ropa,2019-09-01,2019,9,194.67,117.86,76.80999999999999,0.3945651615554528,False,False,Ninguno
70,ROPA,Ropa,2019-10-01,2019,10,195.19,117.68,77.50999999999999,0.3971002612838772,False,False,Ninguno
70,ROPA,Ropa,2019-11-01,2019,11,194.81,118.07,76.74000000000001,0.39392228325034656,False,False,Ninguno
70,ROPA,Ropa,2019-12-01,2019,12,194.62,117.94,76.68,0.39399856129894156,False,False,Ninguno
70,ROPA,Ropa,2020-01-01,2020,1,194.36,117.97,76.39000000000001,0.3930335459971188,False,False,Ninguno
70,ROPA,Ropa,2020-02-01,2020,2,223.41,122.26,101.14999999999999,0.4527550243946108,True,True,Febrero
70,ROPA,Ropa,2020-03-01,2020,3,223.63,122.37,101.25999999999999,0.4528015024817779,False,False,Ninguno
70,ROPA,Ropa,2020-04-01,2020,4,222.81,122.27,100.54,0.4512364795116916,False,False,Ninguno
70,ROPA,Ropa,2020-05-01,2020,5,222.45,122.51,99.93999999999998,0.4492694987637671,False,False,Ninguno
70,ROPA,Ropa,2020-06-01,2020,6,222.5,122.14,100.36,0.4510561797752809,False,False,Ninguno
70,ROPA,Ropa,2020-07-01,2020,7,240.8,124.84,115.96000000000001,0.48156146179401993,True,True,Julio
70,ROPA,Ropa,2020-08-01,2020,8,241.06,124.81,116.25,0.48224508421139967,False,False,Ninguno
70,ROPA,Ropa,2020-09-01,2020,9,241.78,124.93,116.85,0.4832905947555629,False,False,Ninguno
70,ROPA,Ropa,2020-10-01,2020,10,240.85,124.86,115.99,0.48158604940834543,False,False,Ninguno
70,ROPA,Ropa,2020-11-01,2020,11,242.01,124.94,117.07,0.4837403413082104,False,False,Ninguno
70,ROPA,Ropa,2020-12-01,2020,12,242.0,124.97,117.03,0.48359504132231407,False,False,Ninguno
70,ROPA,Ropa,2021-01-01,2021,1,242.08,124.71,117.37000000000002,0.4848397224058163,False,False,Ninguno
70,ROPA,Ropa,2021-02-01,2021,2,273.55,127.59,145.96,0.5335770425881923,True,True,Febrero
70,ROPA,Ropa,2021-03-01,2021,3,272.88,127.22,145.66,0.5337877455291703,False,False,Ninguno
70,ROPA,Ropa,2021-04-01,2021,4,280.2,127.56,152.64,0.5447537473233405,False,True,Esporádico
70,ROPA,Ropa,2021-05-01,2021,5,280.44,127.53,152.91,0.5452503209242618,False,False,Ninguno
70,ROPA,Ropa,2021-06-01,2021,6,281.5,127.52,153.98000000000002,0.5469982238010658,False,False,Ninguno
70,ROPA,Ropa,2021-07-01,2021,7,285.48,130.41,155.07000000000002,0.5431904161412359,True,True,Julio
70,ROPA,Ropa,2021-08-01,2021,8,284.64,135.65,148.98999999999998,0.5234331084879145,True,True,Esporádico
70,ROPA,Ropa,2021-09-01,2021,9,285.56,146.41,139.15,0.4872881355932204,True,False,Esporádico
70,ROPA,Ropa,2021-10-01,2021,10,284.85,146.43,138.42000000000002,0.4859399684044234,False,False,Ninguno
70,ROPA,Ropa,2021-11-01,2021,11,285.59,146.44,139.14999999999998,0.48723694807241147,False,False,Ninguno
70,ROPA,Ropa,2021-12-01,2021,12,285.82,146.58,139.23999999999998,0.48715975089216984,False,False,Ninguno
70,ROPA,Ropa,2022-01-01,2022,1,285.49,146.44,139.05,0.48705734001190937,False,False,Ninguno
70,ROPA,Ropa,2022-02-01,2022,2,295.15,151.6,143.54999999999998,0.48636286633914955,True,True,Febrero
70,ROPA,Ropa,2022-03-01,2022,3,295.74,151.5,144.24,0.4877257050111585,False,False,Ninguno
70,ROPA,Ropa,2022-04-01,2022,4,295.78,151.44,144.33999999999997,0.4879978362296301,False,False,Ninguno
70,ROPA,Ropa,2022-05-01,2022,5,295.52,151.87,143.64999999999998,0.4860923118570655,False,False,Ninguno
70,ROPA,Ropa,2022-06-01,2022,6,294.64,151.68,142.95999999999998,0.48520228074938904,False,False,Ninguno
70,ROPA,Ropa,2022-07-01,2022,7,295.03,151.83,143.19999999999996,0.4853743687082669,False,False,Julio
70,ROPA,Ropa,2022-08-01,2022,8,296.26,151.68,144.57999999999998,0.4880172821170593,False,False,Ninguno
70,ROPA,Ropa,2022-09-01,2022,9,295.81,151.67,144.14000000000001,0.4872722355566073,False,False,Ninguno
70,ROPA,Ropa,2022-10-01,2022,10,294.63,151.58,143.04999999999998,0.4855242168143094,False,False,Ninguno
70,ROPA,Ropa,2022-11-01,2022,11,294.58,151.79,142.79,0.48472401385022745,False,False,Ninguno
70,ROPA,Ropa,2022-12-01,2022,12,296.05,159.5,136.55,0.4612396554636041,True,False,Esporádico
70,ROPA,Ropa,2023-01-01,2023,1,295.43,159.59,135.84,0.45980435297701655,False,False,Ninguno
70,ROPA,Ropa,2023-02-01,2023,2,301.53,167.02,134.50999999999996,0.4460915995091698,True,True,Febrero
70,ROPA,Ropa,2023-03-01,2023,3,309.96,166.95,143.01,0.4613821138211382,False,True,Esporádico
70,ROPA,Ropa,2023-04-01,2023,4,310.75,166.87,143.88,0.4630088495575221,False,False,Ninguno
70,ROPA,Ropa,2023-05-01,2023,5,309.27,167.04,142.23,0.4598894170142594,False,False,Esporádico
70,ROPA,Ropa,2023-06-01,2023,6,310.52,167.03,143.48999999999998,0.46209583923740816,False,False,Ninguno
70,ROPA,Ropa,2023-07-01,2023,7,324.02,170.16,153.85999999999999,0.47484723165236714,True,True,Julio
70,ROPA,Ropa,2023-08-01,2023,8,323.01,170.3,152.70999999999998,0.4727717408129779,False,False,Ninguno
70,ROPA,Ropa,2023-09-01,2023,9,323.68,170.61,153.07,0.4729053386060306,False,False,Ninguno
70,ROPA,Ropa,2023-10-01,2023,10,323.66,170.66,153.00000000000003,0.47271828461966264,False,False,Ninguno
70,ROPA,Ropa,2023-11-01,2023,11,324.06,170.55,153.51,0.47370857248657655,False,False,Ninguno
70,ROPA,Ropa,2023-12-01,2023,12,323.94,170.08,153.85999999999999,0.4749644995986911,False,False,Ninguno
70,ROPA,Ropa,2024-01-01,2024,1,322.57,170.46,152.10999999999999,0.4715565613665251,False,False,Ninguno
70,ROPA,Ropa,2024-02-01,2024,2,311.59,179.45,132.14,0.42408292949067683,True,True,Febrero
70,ROPA,Ropa,2024-03-01,2024,3,310.91,179.61,131.3,0.422308706699688,False,False,Ninguno
70,ROPA,Ropa,2024-04-01,2024,4,310.96,179.36,131.59999999999997,0.4232055569848211,False,False,Ninguno
70,ROPA,Ropa,2024-05-01,2024,5,311.92,179.37,132.55,0.4249487047961016,False,False,Ninguno
70,ROPA,Ropa,2024-06-01,2024,6,312.09,179.44,132.64999999999998,0.4250376493960075,False,False,Ninguno
70,ROPA,Ropa,2024-07-01,2024,7,315.66,184.05,131.61,0.41693594373693216,True,True,Julio
70,ROPA,Ropa,2024-08-01,2024,8,315.76,183.68,132.07999999999998,0.41829237395490243,False,False,Ninguno
70,ROPA,Ropa,2024-09-01,2024,9,315.45,183.84,131.60999999999999,0.4172135045173561,False,False,Ninguno
70,ROPA,Ropa,2024-10-01,2024,10,315.49,184.14,131.35000000000002,0.416336492440331,False,False,Ninguno
70,ROPA,Ropa,2024-11-01,2024,11,314.83,183.56,131.26999999999998,0.41695518216180155,False,False,Esporádico
70,ROPA,Ropa,2024-12-01,2024,12,316.54,184.17,132.37000000000003,0.41817779743476347,False,False,Ninguno
70,ROPA,Ropa,2025-01-01,2025,1,315.41,184.05,131.36,0.41647379601154055,False,False,Ninguno
70,ROPA,Ropa,2025-02-01,2025,2,364.27,184.03,180.23999999999998,0.4947978148076976,False,True,Febrero
70,ROPA,Ropa,2025-03-01,2025,3,363.26,184.11,179.14999999999998,0.49317293398667617,False,False,Ninguno
70,ROPA,Ropa,2025-04-01,2025,4,362.84,183.89,178.95,0.4931925917759894,False,False,Ninguno
70,ROPA,Ropa,2025-05-01,2025,5,364.13,183.76,180.37,0.4953450690687392,False,False,Ninguno
70,ROPA,Ropa,2025-06-01,2025,6,364.01,184.2,179.81,0.4939699458806077,False,False,Ninguno
70,ROPA,Ropa,2025-07-01,2025,7,362.56,188.95,173.61,0.4788448808473081,True,False,Julio
70,ROPA,Ropa,2025-08-01,2025,8,363.44,189.16,174.28,0.4795289456306406,False,False,Ninguno
70,ROPA,Ropa,2025-09-01,2025,9,362.45,189.34,173.10999999999999,0.47761070492481716,False,False,Ninguno
70,ROPA,Ropa,2025-10-01,2025,10,363.23,189.63,173.60000000000002,0.4779340913470804,False,False,Ninguno
70,ROPA,Ropa,2025-11-01,2025,11,363.6,189.52,174.08,0.4787678767876788,False,False,Ninguno
71,ELEC,Electrónica,2018-07-01,2018,7,74.69,58.75,15.939999999999998,0.21341545052885258,False,False,Ninguno
71,ELEC,Electrónica,2018-08-01,2018,8,76.92,58.6,18.32,0.23816952678107123,False,True,Esporádico
71,ELEC,Electrónica,2018-09-01,2018,9,76.66,58.79,17.869999999999997,0.23310722671536654,False,False,Ninguno
71,ELEC,Electrónica,2018-10-01,2018,10,77.03,58.64,18.39,0.23873815396598727,False,False,Ninguno
71,ELEC,Electrónica,2018-11-01,2018,11,76.92,58.65,18.270000000000003,0.23751950078003123,False,False,Ninguno
71,ELEC,Electrónica,2018-12-01,2018,12,76.89,58.71,18.18,0.23644166991806476,False,False,Ninguno
71,ELEC,Electrónica,2019-01-01,2019,1,76.76,58.68,18.080000000000005,0.23553934340802507,False,False,Esporádico
71,ELEC,Electrónica,2019-02-01,2019,2,76.93,59.93,17.000000000000007,0.22098011178993898,True,False,Febrero
71,ELEC,Electrónica,2019-03-01,2019,3,76.73,59.91,16.820000000000007,0.21921021764629228,False,False,Ninguno
71,ELEC,Electrónica,2019-04-01,2019,4,76.99,59.76,17.229999999999997,0.2237952980906611,False,False,Ninguno
71,ELEC,Electrónica,2019-05-01,2019,5,76.76,59.87,16.890000000000008,0.2200364773319438,False,False,Ninguno
71,ELEC,Electrónica,2019-06-01,2019,6,76.16,59.77,16.389999999999993,0.21520483193277304,False,True,Esporádico
71,ELEC,Electrónica,2019-07-01,2019,7,83.44,65.17,18.269999999999996,0.2189597315436241,True,True,Julio
71,ELEC,Electrónica,2019-08-01,2019,8,83.3,68.47,14.829999999999998,0.17803121248499398,True,True,Esporádico
71,ELEC,Electrónica,2019-09-01,2019,9,83.31,68.33,14.980000000000004,0.17981034689713124,False,False,Ninguno
71,ELEC,Electrónica,2019-10-01,2019,10,83.36,68.4,14.959999999999994,0.1794625719769673,False,False,Ninguno
71,ELEC,Electrónica,2019-11-01,2019,11,83.42,68.3,15.120000000000005,0.18125149844162078,False,False,Ninguno
71,ELEC,Electrónica,2019-12-01,2019,12,83.48,68.49,14.990000000000009,0.17956396741734557,False,False,Ninguno
71,ELEC,Electrónica,2020-01-01,2020,1,83.29,68.49,14.800000000000011,0.17769240004802508,False,False,Ninguno
71,ELEC,Electrónica,2020-02-01,2020,2,89.27,65.88,23.39,0.26201411448414924,True,True,Febrero
71,ELEC,Electrónica,2020-03-01,2020,3,89.32,65.97,23.349999999999994,0.26141961486789067,False,False,Ninguno
71,ELEC,Electrónica,2020-04-01,2020,4,89.13,66.01,23.11999999999999,0.25939638729945014,False,False,Esporádico
71,ELEC,Electrónica,2020-05-01,2020,5,89.02,65.9,23.11999999999999,0.25971691754661863,False,True,Esporádico
71,ELEC,Electrónica,2020-06-01,2020,6,89.07,65.83,23.239999999999995,0.26091837880318847,False,False,Ninguno
71,ELEC,Electrónica,2020-07-01,2020,7,86.29,67.25,19.040000000000006,0.22065129215436324,True,True,Julio
71,ELEC,Electrónica,2020-08-01,2020,8,86.31,67.26,19.049999999999997,0.22071602363573162,False,False,Ninguno
71,ELEC,Electrónica,2020-09-01,2020,9,86.12,67.1,19.02000000000001,0.2208546214584302,False,False,Ninguno
71,ELEC,Electrónica,2020-10-01,2020,10,86.41,67.11,19.299999999999997,0.223353778497859,False,False,Ninguno
71,ELEC,Electrónica,2020-11-01,2020,11,86.08,67.27,18.810000000000002,0.2185176579925651,False,False,Ninguno
71,ELEC,Electrónica,2020-12-01,2020,12,86.47,67.16,19.310000000000002,0.22331444431594777,False,False,Ninguno
71,ELEC,Electrónica,2021-01-01,2021,1,86.39,67.23,19.159999999999997,0.22178492881120496,False,False,Ninguno
71,ELEC,Electrónica,2021-02-01,2021,2,96.54,68.6,27.940000000000012,0.2894137145224778,True,True,Febrero
71,ELEC,Electrónica,2021-03-01,2021,3,99.8,71.11,28.689999999999998,0.2874749498997996,True,True,Esporádico
71,ELEC,Electrónica,2021-04-01,2021,4,100.16,71.0,29.159999999999997,0.29113418530351437,False,False,Ninguno
71,ELEC,Electrónica,2021-05-01,2021,5,99.96,70.99,28.97,0.2898159263705482,False,False,Ninguno
71,ELEC,Electrónica,2021-06-01,2021,6,100.23,71.1,29.13000000000001,0.29063154744088604,False,False,Ninguno
71,ELEC,Electrónica,2021-07-01,2021,7,108.45,72.67,35.78,0.32992162286768095,True,True,Julio
71,ELEC,Electrónica,2021-08-01,2021,8,108.19,72.57,35.620000000000005,0.32923560402994734,False,False,Ninguno
71,ELEC,Electrónica,2021-09-01,2021,9,108.54,72.61,35.93000000000001,0.33103003501013456,False,False,Ninguno
71,ELEC,Electrónica,2021-10-01,2021,10,108.05,72.69,35.36,0.32725590004627486,False,False,Ninguno
71,ELEC,Electrónica,2021-11-01,2021,11,108.28,72.56,35.72,0.3298854820834872,False,False,Ninguno
71,ELEC,Electrónica,2021-12-01,2021,12,108.42,72.72,35.7,0.3292750415052573,False,False,Ninguno
71,ELEC,Electrónica,2022-01-01,2022,1,107.99,72.56,35.42999999999999,0.32808593388276686,False,False,Ninguno
71,ELEC,Electrónica,2022-02-01,2022,2,122.58,74.44,48.14,0.3927231195953663,True,True,Febrero
71,ELEC,Electrónica,2022-03-01,2022,3,122.9,74.34,48.56,0.3951179820992677,False,False,Ninguno
71,ELEC,Electrónica,2022-04-01,2022,4,122.42,74.3,48.120000000000005,0.3930730272831237,False,False,Ninguno
71,ELEC,Electrónica,2022-05-01,2022,5,129.91,79.53,50.379999999999995,0.3878069432684166,True,True,Esporádico
71,ELEC,Electrónica,2022-06-01,2022,6,129.99,79.47,50.52000000000001,0.3886452804061851,False,False,Ninguno
71,ELEC,Electrónica,2022-07-01,2022,7,129.99,79.71,50.280000000000015,0.3867989845372722,False,False,Julio
71,ELEC,Electrónica,2022-08-01,2022,8,130.0,79.7,50.3,0.3869230769230769,False,False,Ninguno
71,ELEC,Electrónica,2022-09-01,2022,9,130.57,79.59,50.97999999999999,0.39044190855479816,False,False,Ninguno
71,ELEC,Electrónica,2022-10-01,2022,10,130.09,79.54,50.55,0.3885771389038358,False,False,Ninguno
71,ELEC,Electrónica,2022-11-01,2022,11,129.89,79.56,50.329999999999984,0.38748171529755937,False,False,Ninguno
71,ELEC,Electrónica,2022-12-01,2022,12,130.1,79.62,50.47999999999999,0.3880092236740968,False,False,Ninguno
71,ELEC,Electrónica,2023-01-01,2023,1,130.44,79.68,50.75999999999999,0.389144434222631,False,False,Ninguno
71,ELEC,Electrónica,2023-02-01,2023,2,129.83,79.64,50.19000000000001,0.38658245397827934,False,False,Febrero
71,ELEC,Electrónica,2023-03-01,2023,3,129.84,79.66,50.18000000000001,0.3864756623536661,False,False,Ninguno
71,ELEC,Electrónica,2023-04-01,2023,4,130.34,79.66,50.68000000000001,0.3888292158968851,False,False,Esporádico
71,ELEC,Electrónica,2023-05-01,2023,5,130.44,79.53,50.91,0.390294388224471,False,False,Ninguno
71,ELEC,Electrónica,2023-06-01,2023,6,130.44,79.75,50.69,0.38860778902177245,False,False,Ninguno
71,ELEC,Electrónica,2023-07-01,2023,7,131.76,79.65,52.109999999999985,0.39549180327868844,False,True,Julio
71,ELEC,Electrónica,2023-08-01,2023,8,133.11,79.72,53.390000000000015,0.4010968372023139,False,True,Esporádico
71,ELEC,Electrónica,2023-09-01,2023,9,133.71,79.46,54.250000000000014,0.40572881609453304,False,False,Ninguno
71,ELEC,Electrónica,2023-10-01,2023,10,133.74,79.71,54.030000000000015,0.4039928218932258,False,False,Ninguno
71,ELEC,Electrónica,2023-11-01,2023,11,133.2,79.76,53.43999999999998,0.4012012012012011,False,False,Esporádico
71,ELEC,Electrónica,2023-12-01,2023,12,133.83,79.54,54.290000000000006,0.4056639019651797,False,False,Ninguno
71,ELEC,Electrónica,2024-01-01,2024,1,133.65,79.52,54.13000000000001,0.40501309390198287,False,False,Ninguno
71,ELEC,Electrónica,2024-02-01,2024,2,134.86,81.47,53.390000000000015,0.3958920361856741,True,True,Febrero
71,ELEC,Electrónica,2024-03-01,2024,3,134.68,81.53,53.150000000000006,0.3946391446391447,False,False,Ninguno
71,ELEC,Electrónica,2024-04-01,2024,4,134.41,81.47,52.94,0.3938695037571609,False,False,Ninguno
71,ELEC,Electrónica,2024-05-01,2024,5,134.5,81.34,53.16,0.3952416356877323,False,False,Ninguno
71,ELEC,Electrónica,2024-06-01,2024,6,134.34,81.31,53.03,0.39474467768348964,False,False,Ninguno
71,ELEC,Electrónica,2024-07-01,2024,7,134.65,83.06,51.59,0.3831414779056814,True,False,Julio
71,ELEC,Electrónica,2024-08-01,2024,8,134.24,83.23,51.010000000000005,0.3799910607866508,False,False,Ninguno
71,ELEC,Electrónica,2024-09-01,2024,9,134.25,83.36,50.89,0.37906890130353815,False,False,Esporádico
71,ELEC,Electrónica,2024-10-01,2024,10,134.17,83.33,50.83999999999999,0.37892226280092417,False,False,Ninguno
71,ELEC,Electrónica,2024-11-01,2024,11,134.19,83.34,50.849999999999994,0.37894030851777327,False,False,Ninguno
71,ELEC,Electrónica,2024-12-01,2024,12,134.47,83.3,51.17,0.38053097345132747,False,False,Ninguno
71,ELEC,Electrónica,2025-01-01,2025,1,134.5,83.3,51.2,0.3806691449814127,False,False,Ninguno
71,ELEC,Electrónica,2025-02-01,2025,2,128.84,85.02,43.82000000000001,0.34011176653213293,True,True,Febrero
71,ELEC,Electrónica,2025-03-01,2025,3,129.36,84.87,44.49000000000001,0.34392393320964754,False,False,Ninguno
71,ELEC,Electrónica,2025-04-01,2025,4,128.97,84.84,44.129999999999995,0.3421725982786694,False,False,Ninguno
71,ELEC,Electrónica,2025-05-01,2025,5,129.41,84.97,44.44,0.34340468279112896,False,False,Ninguno
71,ELEC,Electrónica,2025-06-01,2025,6,129.09,85.02,44.07000000000001,0.3413897280966768,False,False,Ninguno
71,ELEC,Electrónica,2025-07-01,2025,7,129.12,87.16,41.96000000000001,0.3249690210656754,True,True,Julio
71,ELEC,Electrónica,2025-08-01,2025,8,129.17,87.05,42.11999999999999,0.3260819075636757,False,False,Ninguno
71,ELEC,Electrónica,2025-09-01,2025,9,129.57,87.15,42.41999999999999,0.3273905996758508,False,False,Ninguno
71,ELEC,Electrónica,2025-10-01,2025,10,129.22,87.13,42.09,0.32572357220244547,False,False,Ninguno
71,ELEC,Electrónica,2025-11-01,2025,11,129.35,87.17,42.17999999999999,0.32609199845380743,False,False,Ninguno
72,ALIM,Alimentos,2018-07-01,2018,7,3.64,2.92,0.7200000000000002,0.19780219780219785,False,False,Ninguno
72,ALIM,Alimentos,2018-08-01,2018,8,3.64,2.93,0.71,0.19505494505494503,False,False,Ninguno
72,ALIM,Alimentos,2018-09-01,2018,9,3.65,2.92,0.73,0.2,False,False,Esporádico
72,ALIM,Alimentos,2018-10-01,2018,10,3.65,2.93,0.7199999999999998,0.19726027397260268,False,False,Ninguno
72,ALIM,Alimentos,2018-11-01,2018,11,3.64,2.92,0.7200000000000002,0.19780219780219785,False,False,Ninguno
72,ALIM,Alimentos,2018-12-01,2018,12,3.64,2.92,0.7200000000000002,0.19780219780219785,False,False,Esporádico
72,ALIM,Alimentos,2019-01-01,2019,1,3.64,2.92,0.7200000000000002,0.19780219780219785,False,False,Ninguno
72,ALIM,Alimentos,2019-02-01,2019,2,3.55,2.74,0.8099999999999996,0.22816901408450693,True,True,Febrero
72,ALIM,Alimentos,2019-03-01,2019,3,3.55,2.74,0.8099999999999996,0.22816901408450693,False,False,Ninguno
72,ALIM,Alimentos,2019-04-01,2019,4,3.54,2.74,0.7999999999999998,0.2259887005649717,False,False,Ninguno
72,ALIM,Alimentos,2019-05-01,2019,5,3.54,2.73,0.81,0.2288135593220339,False,False,Ninguno
72,ALIM,Alimentos,2019-06-01,2019,6,3.55,2.74,0.8099999999999996,0.22816901408450693,False,False,Ninguno
72,ALIM,Alimentos,2019-07-01,2019,7,3.74,2.74,1.0,0.267379679144385,False,True,Julio
72,ALIM,Alimentos,2019-08-01,2019,8,3.75,2.73,1.02,0.272,False,False,Ninguno
72,ALIM,Alimentos,2019-09-01,2019,9,3.74,2.73,1.0100000000000002,0.2700534759358289,False,False,Ninguno
72,ALIM,Alimentos,2019-10-01,2019,10,3.73,2.74,0.9899999999999998,0.2654155495978552,False,False,Ninguno
72,ALIM,Alimentos,2019-11-01,2019,11,3.73,2.74,0.9899999999999998,0.2654155495978552,False,False,Ninguno
72,ALIM,Alimentos,2019-12-01,2019,12,3.73,2.74,0.9899999999999998,0.2654155495978552,False,False,Ninguno
72,ALIM,Alimentos,2020-01-01,2020,1,3.75,2.74,1.0099999999999998,0.26933333333333326,False,False,Ninguno
72,ALIM,Alimentos,2020-02-01,2020,2,3.67,2.93,0.7399999999999998,0.20163487738419614,True,True,Febrero
72,ALIM,Alimentos,2020-03-01,2020,3,3.68,2.93,0.75,0.20380434782608695,False,False,Ninguno
72,ALIM,Alimentos,2020-04-01,2020,4,3.67,2.93,0.7399999999999998,0.20163487738419614,False,False,Ninguno
72,ALIM,Alimentos,2020-05-01,2020,5,3.68,2.92,0.7600000000000002,0.20652173913043484,False,False,Ninguno
72,ALIM,Alimentos,2020-06-01,2020,6,3.68,2.93,0.75,0.20380434782608695,False,False,Ninguno
72,ALIM,Alimentos,2020-07-01,2020,7,3.77,2.93,0.8399999999999999,0.2228116710875331,False,True,Julio
72,ALIM,Alimentos,2020-08-01,2020,8,3.78,2.92,0.8599999999999999,0.2275132275132275,False,False,Ninguno
72,ALIM,Alimentos,2020-09-01,2020,9,3.77,2.93,0.8399999999999999,0.2228116710875331,False,False,Ninguno
72,ALIM,Alimentos,2020-10-01,2020,10,3.77,2.92,0.8500000000000001,0.2254641909814324,False,False,Ninguno
72,ALIM,Alimentos,2020-11-01,2020,11,3.78,2.93,0.8499999999999996,0.22486772486772477,False,False,Ninguno
72,ALIM,Alimentos,2020-12-01,2020,12,3.78,2.93,0.8499999999999996,0.22486772486772477,False,False,Ninguno
72,ALIM,Alimentos,2021-01-01,2021,1,3.79,2.93,0.8599999999999999,0.2269129287598944,False,False,Ninguno
72,ALIM,Alimentos,2021-02-01,2021,2,3.63,2.99,0.6399999999999997,0.1763085399449035,True,True,Febrero
72,ALIM,Alimentos,2021-03-01,2021,3,3.62,2.99,0.6299999999999999,0.1740331491712707,False,False,Ninguno
72,ALIM,Alimentos,2021-04-01,2021,4,3.66,2.99,0.6699999999999999,0.18306010928961747,False,True,Esporádico
72,ALIM,Alimentos,2021-05-01,2021,5,3.65,2.98,0.6699999999999999,0.18356164383561643,False,False,Ninguno
72,ALIM,Alimentos,2021-06-01,2021,6,3.66,2.99,0.6699999999999999,0.18306010928961747,False,False,Ninguno
72,ALIM,Alimentos,2021-07-01,2021,7,3.77,2.98,0.79,0.20954907161803715,False,True,Julio
72,ALIM,Alimentos,2021-08-01,2021,8,3.78,2.99,0.7899999999999996,0.2089947089947089,False,False,Ninguno
72,ALIM,Alimentos,2021-09-01,2021,9,3.78,2.99,0.7899999999999996,0.2089947089947089,False,False,Ninguno
72,ALIM,Alimentos,2021-10-01,2021,10,4.03,2.99,1.04,0.25806451612903225,False,True,Esporádico
72,ALIM,Alimentos,2021-11-01,2021,11,3.98,3.05,0.9300000000000002,0.23366834170854275,True,True,Esporádico
72,ALIM,Alimentos,2021-12-01,2021,12,3.96,3.05,0.9100000000000001,0.22979797979797983,False,False,Ninguno
72,ALIM,Alimentos,2022-01-01,2022,1,3.96,3.05,0.9100000000000001,0.22979797979797983,False,False,Ninguno
72,ALIM,Alimentos,2022-02-01,2022,2,4.55,3.14,1.4099999999999997,0.30989010989010984,True,True,Febrero
72,ALIM,Alimentos,2022-03-01,2022,3,4.56,3.15,1.4099999999999997,0.30921052631578944,False,False,Ninguno
72,ALIM,Alimentos,2022-04-01,2022,4,4.56,3.14,1.4199999999999995,0.31140350877192974,False,False,Esporádico
72,ALIM,Alimentos,2022-05-01,2022,5,4.57,3.14,1.4300000000000002,0.31291028446389496,False,False,Ninguno
72,ALIM,Alimentos,2022-06-01,2022,6,4.55,3.14,1.4099999999999997,0.30989010989010984,False,False,Ninguno
72,ALIM,Alimentos,2022-07-01,2022,7,4.93,3.22,1.7099999999999995,0.3468559837728194,True,True,Julio
72,ALIM,Alimentos,2022-08-01,2022,8,4.92,3.21,1.71,0.3475609756097561,False,False,Ninguno
72,ALIM,Alimentos,2022-09-01,2022,9,4.88,3.21,1.67,0.3422131147540984,False,True,Esporádico
72,ALIM,Alimentos,2022-10-01,2022,10,4.88,3.28,1.6,0.3278688524590164,True,True,Esporádico
72,ALIM,Alimentos,2022-11-01,2022,11,5.04,3.35,1.69,0.3353174603174603,True,True,Esporádico
72,ALIM,Alimentos,2022-12-01,2022,12,5.04,3.36,1.6800000000000002,0.33333333333333337,False,False,Ninguno
72,ALIM,Alimentos,2023-01-01,2023,1,5.05,3.36,1.69,0.3346534653465347,False,False,Ninguno
72,ALIM,Alimentos,2023-02-01,2023,2,4.83,3.53,1.3000000000000003,0.26915113871635615,True,True,Febrero
72,ALIM,Alimentos,2023-03-01,2023,3,4.82,3.53,1.2900000000000005,0.26763485477178434,False,False,Ninguno
72,ALIM,Alimentos,2023-04-01,2023,4,4.83,3.53,1.3000000000000003,0.26915113871635615,False,False,Esporádico
72,ALIM,Alimentos,2023-05-01,2023,5,4.81,3.53,1.2799999999999998,0.26611226611226607,False,False,Ninguno
72,ALIM,Alimentos,2023-06-01,2023,6,4.89,3.45,1.4399999999999995,0.2944785276073619,True,True,Esporádico
72,ALIM,Alimentos,2023-07-01,2023,7,4.88,3.45,1.4299999999999997,0.29303278688524587,False,True,Julio
72,ALIM,Alimentos,2023-08-01,2023,8,4.88,3.46,1.42,0.29098360655737704,False,False,Ninguno
72,ALIM,Alimentos,2023-09-01,2023,9,4.88,3.45,1.4299999999999997,0.29303278688524587,False,False,Ninguno
72,ALIM,Alimentos,2023-10-01,2023,10,4.9,3.46,1.4400000000000004,0.29387755102040825,False,False,Ninguno
72,ALIM,Alimentos,2023-11-01,2023,11,4.88,3.46,1.42,0.29098360655737704,False,False,Ninguno
72,ALIM,Alimentos,2023-12-01,2023,12,4.89,3.46,1.4299999999999997,0.2924335378323108,False,False,Ninguno
72,ALIM,Alimentos,2024-01-01,2024,1,4.89,3.45,1.4399999999999995,0.2944785276073619,False,False,Ninguno
72,ALIM,Alimentos,2024-02-01,2024,2,5.57,3.83,1.7400000000000002,0.3123877917414722,True,True,Febrero
72,ALIM,Alimentos,2024-03-01,2024,3,5.57,3.83,1.7400000000000002,0.3123877917414722,False,False,Ninguno
72,ALIM,Alimentos,2024-04-01,2024,4,5.57,3.83,1.7400000000000002,0.3123877917414722,False,False,Ninguno
72,ALIM,Alimentos,2024-05-01,2024,5,5.58,3.83,1.75,0.31362007168458783,False,False,Ninguno
72,ALIM,Alimentos,2024-06-01,2024,6,5.68,3.82,1.8599999999999999,0.3274647887323944,False,True,Esporádico
72,ALIM,Alimentos,2024-07-01,2024,7,5.67,3.91,1.7599999999999998,0.31040564373897706,True,False,Julio
72,ALIM,Alimentos,2024-08-01,2024,8,5.67,3.91,1.7599999999999998,0.31040564373897706,False,False,Ninguno
72,ALIM,Alimentos,2024-09-01,2024,9,5.7,3.91,1.79,0.3140350877192982,False,False,Ninguno
72,ALIM,Alimentos,2024-10-01,2024,10,5.68,3.91,1.7699999999999996,0.3116197183098591,False,False,Ninguno
72,ALIM,Alimentos,2024-11-01,2024,11,5.67,3.91,1.7599999999999998,0.31040564373897706,False,False,Ninguno
72,ALIM,Alimentos,2024-12-01,2024,12,5.69,3.91,1.7800000000000002,0.31282952548330406,False,False,Ninguno
72,ALIM,Alimentos,2025-01-01,2025,1,5.69,3.91,1.7800000000000002,0.31282952548330406,False,False,Ninguno
72,ALIM,Alimentos,2025-02-01,2025,2,6.55,4.07,2.4799999999999995,0.3786259541984732,True,True,Febrero
72,ALIM,Alimentos,2025-03-01,2025,3,6.55,4.07,2.4799999999999995,0.3786259541984732,False,False,Ninguno
72,ALIM,Alimentos,2025-04-01,2025,4,6.57,4.08,2.49,0.3789954337899544,False,False,Ninguno
72,ALIM,Alimentos,2025-05-01,2025,5,6.56,4.07,2.4899999999999993,0.3795731707317072,False,False,Ninguno
72,ALIM,Alimentos,2025-06-01,2025,6,6.56,4.07,2.4899999999999993,0.3795731707317072,False,False,Ninguno
72,ALIM,Alimentos,2025-07-01,2025,7,6.57,4.31,2.2600000000000007,0.3439878234398783,True,True,Julio
72,ALIM,Alimentos,2025-08-01,2025,8,6.57,4.31,2.2600000000000007,0.3439878234398783,False,False,Ninguno
72,ALIM,Alimentos,2025-09-01,2025,9,6.58,4.3,2.2800000000000002,0.34650455927051677,False,False,Ninguno
72,ALIM,Alimentos,2025-10-01,2025,10,6.55,4.31,2.24,0.34198473282442754,False,False,Ninguno
72,ALIM,Alimentos,2025-11-01,2025,11,6.57,4.31,2.2600000000000007,0.3439878234398783,False,False,Ninguno
73,DEPOR,Deportes,2018-07-01,2018,7,210.97,143.72,67.25,0.31876570128454285,False,False,Ninguno
73,DEPOR,Deportes,2018-08-01,2018,8,210.12,143.55,66.57,0.31681896059394626,False,False,Ninguno
73,DEPOR,Deportes,2018-09-01,2018,9,211.02,143.83,67.19,0.31840583830916497,False,False,Ninguno
73,DEPOR,Deportes,2018-10-01,2018,10,210.73,143.96,66.76999999999998,0.3168509467090589,False,False,Ninguno
73,DEPOR,Deportes,2018-11-01,2018,11,210.34,143.75,66.59,0.31658267566796616,False,False,Ninguno
73,DEPOR,Deportes,2018-12-01,2018,12,210.32,144.01,66.31,0.31528147584632943,False,False,Ninguno
73,DEPOR,Deportes,2019-01-01,2019,1,219.1,149.55,69.54999999999998,0.3174349612049292,True,True,Esporádico
73,DEPOR,Deportes,2019-02-01,2019,2,232.84,149.88,82.96000000000001,0.3562961690431198,False,True,Febrero
73,DEPOR,Deportes,2019-03-01,2019,3,233.84,149.66,84.18,0.35998973657201505,False,False,Ninguno
73,DEPOR,Deportes,2019-04-01,2019,4,234.1,149.76,84.34,0.3602733874412644,False,False,Ninguno
73,DEPOR,Deportes,2019-05-01,2019,5,232.83,149.32,83.51000000000002,0.35867371043250446,False,False,Ninguno
73,DEPOR,Deportes,2019-06-01,2019,6,232.87,149.6,83.27000000000001,0.35758148323098726,False,False,Ninguno
73,DEPOR,Deportes,2019-07-01,2019,7,233.14,149.9,83.23999999999998,0.3570386891996225,False,False,Julio
73,DEPOR,Deportes,2019-08-01,2019,8,232.92,149.6,83.32,0.3577193886312897,False,False,Ninguno
73,DEPOR,Deportes,2019-09-01,2019,9,233.36,149.63,83.73000000000002,0.3588018512170038,False,False,Ninguno
73,DEPOR,Deportes,2019-10-01,2019,10,233.3,149.35,83.95000000000002,0.3598371195885127,False,False,Esporádico
73,DEPOR,Deportes,2019-11-01,2019,11,234.22,149.55,84.66999999999999,0.36149773717018185,False,False,Ninguno
73,DEPOR,Deportes,2019-12-01,2019,12,233.6,149.44,84.16,0.36027397260273974,False,False,Ninguno
73,DEPOR,Deportes,2020-01-01,2020,1,233.94,149.91,84.03,0.35919466529879457,False,False,Ninguno
73,DEPOR,Deportes,2020-02-01,2020,2,244.58,175.68,68.9,0.2817074167961403,True,True,Febrero
73,DEPOR,Deportes,2020-03-01,2020,3,245.61,175.5,70.11000000000001,0.2854525467204104,False,False,Ninguno
73,DEPOR,Deportes,2020-04-01,2020,4,245.45,175.54,69.91,0.2848237930332043,False,False,Ninguno
73,DEPOR,Deportes,2020-05-01,2020,5,244.79,175.71,69.07999999999998,0.28220107030515945,False,False,Ninguno
73,DEPOR,Deportes,2020-06-01,2020,6,245.1,175.8,69.29999999999998,0.2827417380660954,False,False,Ninguno
73,DEPOR,Deportes,2020-07-01,2020,7,245.69,175.34,70.35,0.28633644022955757,False,False,Julio
73,DEPOR,Deportes,2020-08-01,2020,8,245.52,175.48,70.04000000000002,0.28527207559465634,False,False,Ninguno
73,DEPOR,Deportes,2020-09-01,2020,9,244.98,175.57,69.41,0.28332925136745857,False,False,Ninguno
73,DEPOR,Deportes,2020-10-01,2020,10,245.28,175.76,69.52000000000001,0.28343118069145473,False,False,Ninguno
73,DEPOR,Deportes,2020-11-01,2020,11,244.58,175.46,69.12,0.28260691798184645,False,False,Ninguno
73,DEPOR,Deportes,2020-12-01,2020,12,244.95,179.67,65.28,0.26650336803429275,True,False,Esporádico
73,DEPOR,Deportes,2021-01-01,2021,1,245.78,179.51,66.27000000000001,0.26963137765481326,False,False,Ninguno
73,DEPOR,Deportes,2021-02-01,2021,2,262.82,172.31,90.50999999999999,0.3443801841564569,True,True,Febrero
73,DEPOR,Deportes,2021-03-01,2021,3,262.61,172.15,90.46000000000001,0.3444651764974677,False,False,Ninguno
73,DEPOR,Deportes,2021-04-01,2021,4,262.96,172.31,90.64999999999998,0.34472923638576203,False,False,Ninguno
73,DEPOR,Deportes,2021-05-01,2021,5,262.19,172.31,89.88,0.3428048361874976,False,False,Ninguno
73,DEPOR,Deportes,2021-06-01,2021,6,262.32,172.47,89.85,0.34252058554437326,False,False,Ninguno
73,DEPOR,Deportes,2021-07-01,2021,7,266.05,164.0,102.05000000000001,0.3835745160684082,True,True,Julio
73,DEPOR,Deportes,2021-08-01,2021,8,265.95,164.1,101.85,0.3829667230682459,False,False,Esporádico
73,DEPOR,Deportes,2021-09-01,2021,9,265.98,164.37,101.61000000000001,0.3820212046018498,False,False,Ninguno
73,DEPOR,Deportes,2021-10-01,2021,10,266.01,164.05,101.95999999999998,0.38329386113304004,False,False,Ninguno
73,DEPOR,Deportes,2021-11-01,2021,11,266.29,163.95,102.34000000000003,0.38431784896165844,False,False,Ninguno
73,DEPOR,Deportes,2021-12-01,2021,12,267.4,164.29,103.10999999999999,0.3856020942408377,False,False,Ninguno
73,DEPOR,Deportes,2022-01-01,2022,1,267.26,164.49,102.76999999999998,0.384531916485819,False,False,Ninguno
73,DEPOR,Deportes,2022-02-01,2022,2,256.42,167.71,88.71000000000001,0.34595585367756027,True,True,Febrero
73,DEPOR,Deportes,2022-03-01,2022,3,256.69,167.56,89.13,0.3472281740620982,False,False,Ninguno
73,DEPOR,Deportes,2022-04-01,2022,4,257.84,167.35,90.48999999999998,0.3509540800496431,False,False,Ninguno
73,DEPOR,Deportes,2022-05-01,2022,5,257.6,167.7,89.90000000000003,0.34899068322981375,False,False,Ninguno
73,DEPOR,Deportes,2022-06-01,2022,6,257.65,167.57,90.07999999999998,0.3496215796623326,False,False,Ninguno
73,DEPOR,Deportes,2022-07-01,2022,7,256.74,177.85,78.89000000000001,0.3072758432655605,True,False,Julio
73,DEPOR,Deportes,2022-08-01,2022,8,257.37,177.6,79.77000000000001,0.30994288378598905,False,False,Ninguno
73,DEPOR,Deportes,2022-09-01,2022,9,257.66,177.46,80.20000000000002,0.3112629046029652,False,False,Ninguno
73,DEPOR,Deportes,2022-10-01,2022,10,257.07,177.87,79.19999999999999,0.30808729139922975,False,False,Ninguno
73,DEPOR,Deportes,2022-11-01,2022,11,257.04,177.46,79.58000000000001,0.3096016184251479,False,False,Ninguno
73,DEPOR,Deportes,2022-12-01,2022,12,272.98,177.64,95.34000000000003,0.3492563557769801,False,True,Esporádico
73,DEPOR,Deportes,2023-01-01,2023,1,272.94,177.56,95.38,0.3494540924745365,False,False,Ninguno
73,DEPOR,Deportes,2023-02-01,2023,2,279.47,199.24,80.23000000000002,0.2870791140372849,True,True,Febrero
73,DEPOR,Deportes,2023-03-01,2023,3,278.4,198.91,79.48999999999998,0.2855244252873563,False,False,Ninguno
73,DEPOR,Deportes,2023-04-01,2023,4,278.52,199.19,79.32999999999998,0.28482694240988077,False,False,Ninguno
73,DEPOR,Deportes,2023-05-01,2023,5,279.8,199.14,80.66000000000003,0.2882773409578271,False,False,Ninguno
73,DEPOR,Deportes,2023-06-01,2023,6,279.61,199.53,80.08000000000001,0.28639891277136015,False,False,Ninguno
73,DEPOR,Deportes,2023-07-01,2023,7,306.11,199.14,106.97000000000003,0.3494495442814675,False,True,Julio
73,DEPOR,Deportes,2023-08-01,2023,8,307.09,199.06,108.02999999999997,0.3517861213325083,False,False,Ninguno
73,DEPOR,Deportes,2023-09-01,2023,9,306.0,199.41,106.59,0.34833333333333333,False,False,Ninguno
73,DEPOR,Deportes,2023-10-01,2023,10,306.49,199.17,107.32000000000002,0.35015824333583484,False,False,Ninguno
73,DEPOR,Deportes,2023-11-01,2023,11,307.2,199.29,107.91,0.35126953125,False,False,Ninguno
73,DEPOR,Deportes,2023-12-01,2023,12,306.93,203.2,103.73000000000002,0.3379597953930864,True,False,Esporádico
73,DEPOR,Deportes,2024-01-01,2024,1,307.23,203.6,103.63000000000002,0.3373042997103148,False,False,Ninguno
73,DEPOR,Deportes,2024-02-01,2024,2,322.21,207.26,114.94999999999999,0.35675491139319077,True,True,Febrero
73,DEPOR,Deportes,2024-03-01,2024,3,321.19,207.69,113.5,0.35337339269591206,False,False,Ninguno
73,DEPOR,Deportes,2024-04-01,2024,4,321.34,207.28,114.05999999999997,0.3549511420924877,False,False,Ninguno
73,DEPOR,Deportes,2024-05-01,2024,5,322.83,207.64,115.19,0.3568131834092247,False,False,Ninguno
73,DEPOR,Deportes,2024-06-01,2024,6,321.17,207.3,113.87,0.35454743593735405,False,False,Ninguno
73,DEPOR,Deportes,2024-07-01,2024,7,345.96,207.48,138.48,0.40027748872702046,False,True,Julio
73,DEPOR,Deportes,2024-08-01,2024,8,347.25,207.64,139.61,0.4020446364290857,False,False,Ninguno
73,DEPOR,Deportes,2024-09-01,2024,9,346.4,207.37,139.02999999999997,0.40135681293302533,False,False,Ninguno
73,DEPOR,Deportes,2024-10-01,2024,10,346.44,207.15,139.29,0.40206096293730514,False,False,Ninguno
73,DEPOR,Deportes,2024-11-01,2024,11,345.85,207.27,138.58,0.4006939424606043,False,False,Ninguno
73,DEPOR,Deportes,2024-12-01,2024,12,345.75,206.96,138.79,0.4014172089660159,False,False,Ninguno
73,DEPOR,Deportes,2025-01-01,2025,1,346.35,207.07,139.28000000000003,0.40213656705644585,False,False,Ninguno
73,DEPOR,Deportes,2025-02-01,2025,2,357.36,218.52,138.84,0.3885157824042982,True,True,Febrero
73,DEPOR,Deportes,2025-03-01,2025,3,357.69,218.56,139.13,0.388968100869468,False,False,Ninguno
73,DEPOR,Deportes,2025-04-01,2025,4,356.97,218.53,138.44000000000003,0.3878197047370928,False,False,Ninguno
73,DEPOR,Deportes,2025-05-01,2025,5,356.97,218.19,138.78000000000003,0.3887721657282125,False,False,Ninguno
73,DEPOR,Deportes,2025-06-01,2025,6,357.59,218.89,138.7,0.38787438127464413,False,False,Ninguno
73,DEPOR,Deportes,2025-07-01,2025,7,394.11,218.39,175.72000000000003,0.44586536753698214,False,True,Julio
73,DEPOR,Deportes,2025-08-01,2025,8,394.08,218.54,175.54,0.4454425497360942,False,False,Ninguno
73,DEPOR,Deportes,2025-09-01,2025,9,394.77,218.28,176.48999999999998,0.44707044608252905,False,False,Ninguno
73,DEPOR,Deportes,2025-10-01,2025,10,393.81,218.94,174.87,0.444046621467205,False,False,Ninguno
73,DEPOR,Deportes,2025-11-01,2025,11,393.08,218.39,174.69,0.4444133509718124,False,False,Esporádico
74,ALIM,Alimentos,2018-07-01,2018,7,22.23,17.6,4.629999999999999,0.20827710301394506,False,False,Ninguno
74,ALIM,Alimentos,2018-08-01,2018,8,22.22,17.58,4.640000000000001,0.20882088208820887,False,False,Ninguno
74,ALIM,Alimentos,2018-09-01,2018,9,22.27,17.54,4.73,0.2123933542882802,False,False,Ninguno
74,ALIM,Alimentos,2018-10-01,2018,10,22.84,18.38,4.460000000000001,0.19527145359019268,True,True,Esporádico
74,ALIM,Alimentos,2018-11-01,2018,11,22.94,18.37,4.57,0.1992153443766347,False,False,Ninguno
74,ALIM,Alimentos,2018-12-01,2018,12,24.07,18.38,5.690000000000001,0.23639385126713758,False,True,Esporádico
74,ALIM,Alimentos,2019-01-01,2019,1,24.18,18.4,5.780000000000001,0.23904052936311007,False,False,Ninguno
74,ALIM,Alimentos,2019-02-01,2019,2,27.74,17.24,10.5,0.3785147801009373,True,True,Febrero
74,ALIM,Alimentos,2019-03-01,2019,3,27.79,17.24,10.55,0.37963296149694137,False,False,Ninguno
74,ALIM,Alimentos,2019-04-01,2019,4,27.71,17.23,10.48,0.3782028148682786,False,False,Ninguno
74,ALIM,Alimentos,2019-05-01,2019,5,27.68,17.25,10.43,0.3768063583815029,False,False,Ninguno
74,ALIM,Alimentos,2019-06-01,2019,6,27.65,17.26,10.389999999999997,0.37576853526220605,False,False,Ninguno
74,ALIM,Alimentos,2019-07-01,2019,7,29.52,17.29,12.23,0.4142953929539296,False,True,Julio
74,ALIM,Alimentos,2019-08-01,2019,8,29.44,17.28,12.16,0.41304347826086957,False,False,Ninguno
74,ALIM,Alimentos,2019-09-01,2019,9,29.47,17.24,12.23,0.4149983033593485,False,False,Ninguno
74,ALIM,Alimentos,2019-10-01,2019,10,29.55,17.22,12.330000000000002,0.417258883248731,False,False,Ninguno
74,ALIM,Alimentos,2019-11-01,2019,11,29.54,17.23,12.309999999999999,0.41672308733920105,False,False,Ninguno
74,ALIM,Alimentos,2019-12-01,2019,12,29.52,17.23,12.29,0.41632791327913277,False,False,Ninguno
74,ALIM,Alimentos,2020-01-01,2020,1,29.38,17.23,12.149999999999999,0.4135466303607896,False,False,Ninguno
74,ALIM,Alimentos,2020-02-01,2020,2,32.32,18.02,14.3,0.44245049504950495,True,True,Febrero
74,ALIM,Alimentos,2020-03-01,2020,3,32.38,18.05,14.330000000000002,0.44255713403335395,False,False,Ninguno
74,ALIM,Alimentos,2020-04-01,2020,4,32.39,18.04,14.350000000000001,0.44303797468354433,False,False,Ninguno
74,ALIM,Alimentos,2020-05-01,2020,5,32.36,18.03,14.329999999999998,0.4428306551297898,False,False,Ninguno
74,ALIM,Alimentos,2020-06-01,2020,6,32.38,18.02,14.360000000000003,0.4434836318715257,False,True,Esporádico
74,ALIM,Alimentos,2020-07-01,2020,7,32.43,18.01,14.419999999999998,0.44465001541782295,False,False,Julio
74,ALIM,Alimentos,2020-08-01,2020,8,32.31,18.03,14.280000000000001,0.44196843082636955,False,False,Esporádico
74,ALIM,Alimentos,2020-09-01,2020,9,32.38,18.01,14.370000000000001,0.4437924644842495,False,False,Ninguno
74,ALIM,Alimentos,2020-10-01,2020,10,32.34,17.99,14.350000000000005,0.44372294372294385,False,False,Ninguno
74,ALIM,Alimentos,2020-11-01,2020,11,32.49,17.99,14.500000000000004,0.44629116651277323,False,False,Esporádico
74,ALIM,Alimentos,2020-12-01,2020,12,32.31,18.04,14.270000000000003,0.44165892912411026,False,False,Ninguno
74,ALIM,Alimentos,2021-01-01,2021,1,32.44,17.99,14.45,0.4454377311960543,False,False,Ninguno
74,ALIM,Alimentos,2021-02-01,2021,2,37.16,18.59,18.569999999999997,0.4997308934337997,True,True,Febrero
74,ALIM,Alimentos,2021-03-01,2021,3,37.33,18.6,18.729999999999997,0.5017412268952585,False,False,Ninguno
74,ALIM,Alimentos,2021-04-01,2021,4,37.27,18.59,18.680000000000003,0.5012074054199088,False,False,Ninguno
74,ALIM,Alimentos,2021-05-01,2021,5,37.2,18.57,18.630000000000003,0.5008064516129033,False,False,Ninguno
74,ALIM,Alimentos,2021-06-01,2021,6,37.33,18.6,18.729999999999997,0.5017412268952585,False,False,Ninguno
74,ALIM,Alimentos,2021-07-01,2021,7,37.17,19.47,17.700000000000003,0.4761904761904762,True,False,Julio
74,ALIM,Alimentos,2021-08-01,2021,8,37.16,19.5,17.659999999999997,0.47524219590958017,False,False,Ninguno
74,ALIM,Alimentos,2021-09-01,2021,9,37.18,19.51,17.669999999999998,0.47525551371705216,False,False,Ninguno
74,ALIM,Alimentos,2021-10-01,2021,10,37.3,19.52,17.779999999999998,0.47667560321715813,False,False,Ninguno
74,ALIM,Alimentos,2021-11-01,2021,11,37.16,19.49,17.669999999999998,0.4755113024757804,False,False,Ninguno
74,ALIM,Alimentos,2021-12-01,2021,12,37.34,19.51,17.830000000000002,0.47750401713979646,False,False,Ninguno
74,ALIM,Alimentos,2022-01-01,2022,1,37.13,19.51,17.62,0.4745488823054134,False,False,Ninguno
74,ALIM,Alimentos,2022-02-01,2022,2,37.3,19.86,17.439999999999998,0.4675603217158177,True,False,Febrero
74,ALIM,Alimentos,2022-03-01,2022,3,37.18,19.91,17.27,0.46449704142011833,False,False,Ninguno
74,ALIM,Alimentos,2022-04-01,2022,4,37.17,19.87,17.3,0.4654291094969061,False,False,Ninguno
74,ALIM,Alimentos,2022-05-01,2022,5,37.23,19.92,17.309999999999995,0.46494762288477026,False,False,Ninguno
74,ALIM,Alimentos,2022-06-01,2022,6,37.21,19.9,17.310000000000002,0.46519752754635857,False,False,Ninguno
74,ALIM,Alimentos,2022-07-01,2022,7,37.19,21.02,16.169999999999998,0.43479429954288784,True,False,Julio
74,ALIM,Alimentos,2022-08-01,2022,8,37.15,21.75,15.399999999999999,0.41453566621803495,True,False,Esporádico
74,ALIM,Alimentos,2022-09-01,2022,9,38.78,22.24,16.540000000000003,0.42650850954100056,True,True,Esporádico
74,ALIM,Alimentos,2022-10-01,2022,10,38.81,22.18,16.630000000000003,0.42849780984282404,False,False,Ninguno
74,ALIM,Alimentos,2022-11-01,2022,11,38.87,22.21,16.659999999999997,0.42860818111654225,False,False,Ninguno
74,ALIM,Alimentos,2022-12-01,2022,12,38.82,22.23,16.59,0.4273570324574961,False,False,Ninguno
74,ALIM,Alimentos,2023-01-01,2023,1,38.97,22.21,16.759999999999998,0.43007441621760323,False,False,Ninguno
74,ALIM,Alimentos,2023-02-01,2023,2,43.39,25.6,17.79,0.4100023046784973,True,True,Febrero
74,ALIM,Alimentos,2023-03-01,2023,3,43.33,25.53,17.799999999999997,0.41080083083314095,False,False,Ninguno
74,ALIM,Alimentos,2023-04-01,2023,4,43.58,25.58,18.0,0.4130335016062414,False,False,Ninguno
74,ALIM,Alimentos,2023-05-01,2023,5,43.57,26.1,17.47,0.4009639660316731,True,False,Esporádico
74,ALIM,Alimentos,2023-06-01,2023,6,43.58,26.09,17.49,0.4013308857273979,False,False,Ninguno
74,ALIM,Alimentos,2023-07-01,2023,7,43.43,26.6,16.83,0.38752014736357354,True,False,Julio
74,ALIM,Alimentos,2023-08-01,2023,8,43.52,26.54,16.980000000000004,0.3901654411764707,False,False,Ninguno
74,ALIM,Alimentos,2023-09-01,2023,9,43.42,28.22,15.200000000000003,0.3500690925840627,True,False,Esporádico
74,ALIM,Alimentos,2023-10-01,2023,10,43.42,28.2,15.220000000000002,0.350529709811147,False,False,Ninguno
74,ALIM,Alimentos,2023-11-01,2023,11,43.48,28.14,15.339999999999996,0.35280588776448935,False,False,Ninguno
74,ALIM,Alimentos,2023-12-01,2023,12,43.35,28.15,15.200000000000003,0.35063437139561715,False,False,Ninguno
74,ALIM,Alimentos,2024-01-01,2024,1,43.33,28.22,15.11,0.3487191322409416,False,False,Ninguno
74,ALIM,Alimentos,2024-02-01,2024,2,45.9,33.03,12.869999999999997,0.28039215686274505,True,True,Febrero
74,ALIM,Alimentos,2024-03-01,2024,3,45.98,32.98,13.0,0.28273162244454114,False,False,Ninguno
74,ALIM,Alimentos,2024-04-01,2024,4,45.98,33.02,12.959999999999994,0.28186167899086545,False,False,Ninguno
74,ALIM,Alimentos,2024-05-01,2024,5,46.12,32.94,13.18,0.28577623590633133,False,False,Ninguno
74,ALIM,Alimentos,2024-06-01,2024,6,45.89,32.95,12.939999999999998,0.2819786445848768,False,False,Ninguno
74,ALIM,Alimentos,2024-07-01,2024,7,46.87,32.99,13.879999999999995,0.2961382547471729,False,True,Julio
74,ALIM,Alimentos,2024-08-01,2024,8,46.82,32.96,13.86,0.2960273387441264,False,False,Ninguno
74,ALIM,Alimentos,2024-09-01,2024,9,47.01,32.98,14.030000000000001,0.29844713890661567,False,False,Ninguno
74,ALIM,Alimentos,2024-10-01,2024,10,46.92,32.96,13.96,0.2975277067348679,False,False,Ninguno
74,ALIM,Alimentos,2024-11-01,2024,11,46.86,32.92,13.939999999999998,0.2974818608621425,False,False,Ninguno
74,ALIM,Alimentos,2024-12-01,2024,12,46.94,32.92,14.019999999999996,0.2986791648913506,False,False,Esporádico
74,ALIM,Alimentos,2025-01-01,2025,1,47.07,32.97,14.100000000000001,0.2995538559592097,False,False,Ninguno
74,ALIM,Alimentos,2025-02-01,2025,2,49.89,33.63,16.259999999999998,0.3259170174383644,True,True,Febrero
74,ALIM,Alimentos,2025-03-01,2025,3,49.65,33.59,16.059999999999995,0.32346424974823756,False,False,Ninguno
74,ALIM,Alimentos,2025-04-01,2025,4,49.74,33.65,16.090000000000003,0.32348210695617213,False,False,Ninguno
74,ALIM,Alimentos,2025-05-01,2025,5,49.71,33.56,16.15,0.3248843291088312,False,False,Ninguno
74,ALIM,Alimentos,2025-06-01,2025,6,49.82,33.6,16.22,0.32557205941389,False,False,Ninguno
74,ALIM,Alimentos,2025-07-01,2025,7,51.53,34.3,17.230000000000004,0.334368329128663,True,True,Julio
74,ALIM,Alimentos,2025-08-01,2025,8,51.52,34.24,17.28,0.33540372670807456,False,False,Ninguno
74,ALIM,Alimentos,2025-09-01,2025,9,51.47,34.31,17.159999999999997,0.3333980959782397,False,False,Ninguno
74,ALIM,Alimentos,2025-10-01,2025,10,51.37,34.29,17.08,0.33248978002725327,False,False,Ninguno
74,ALIM,Alimentos,2025-11-01,2025,11,51.5,34.35,17.15,0.33300970873786406,False,False,Ninguno
75,HERR,Herramientas,2018-07-01,2018,7,58.57,43.42,15.149999999999999,0.2586648454840362,False,False,Ninguno
75,HERR,Herramientas,2018-08-01,2018,8,58.48,43.39,15.089999999999996,0.2580369357045143,False,False,Ninguno
75,HERR,Herramientas,2018-09-01,2018,9,58.52,43.45,15.07,0.2575187969924812,False,False,Ninguno
75,HERR,Herramientas,2018-10-01,2018,10,58.39,43.43,14.96,0.25620825483815723,False,False,Ninguno
75,HERR,Herramientas,2018-11-01,2018,11,58.47,43.5,14.969999999999999,0.2560287326834274,False,False,Ninguno
75,HERR,Herramientas,2018-12-01,2018,12,61.31,43.39,17.92,0.29228510846517697,False,True,Esporádico
75,HERR,Herramientas,2019-01-01,2019,1,61.16,43.37,17.79,0.2908763897972531,False,False,Ninguno
75,HERR,Herramientas,2019-02-01,2019,2,67.01,46.19,20.820000000000007,0.3106998955379795,True,True,Febrero
75,HERR,Herramientas,2019-03-01,2019,3,67.01,46.22,20.790000000000006,0.3102522011640054,False,False,Ninguno
75,HERR,Herramientas,2019-04-01,2019,4,67.06,46.19,20.870000000000005,0.31121383835371313,False,False,Ninguno
75,HERR,Herramientas,2019-05-01,2019,5,66.88,46.28,20.599999999999994,0.3080143540669856,False,False,Ninguno
75,HERR,Herramientas,2019-06-01,2019,6,67.04,46.19,20.85000000000001,0.31100835322195713,False,False,Ninguno
75,HERR,Herramientas,2019-07-01,2019,7,71.1,46.27,24.82999999999999,0.34922644163150485,False,True,Julio
75,HERR,Herramientas,2019-08-01,2019,8,70.97,46.21,24.759999999999998,0.34887980836973365,False,False,Ninguno
75,HERR,Herramientas,2019-09-01,2019,9,70.87,46.18,24.690000000000005,0.3483843657400875,False,False,Esporádico
75,HERR,Herramientas,2019-10-01,2019,10,70.85,46.26,24.589999999999996,0.34707127734650667,False,False,Ninguno
75,HERR,Herramientas,2019-11-01,2019,11,71.16,46.31,24.849999999999994,0.34921304103428885,False,False,Ninguno
75,HERR,Herramientas,2019-12-01,2019,12,71.19,46.29,24.9,0.3497682258744206,False,False,Ninguno
75,HERR,Herramientas,2020-01-01,2020,1,71.17,46.21,24.96,0.35070956863847125,False,False,Ninguno
75,HERR,Herramientas,2020-02-01,2020,2,79.41,47.07,32.339999999999996,0.40725349452210047,True,True,Febrero
75,HERR,Herramientas,2020-03-01,2020,3,82.44,47.2,35.239999999999995,0.42746239689471127,False,True,Esporádico
75,HERR,Herramientas,2020-04-01,2020,4,82.34,47.19,35.150000000000006,0.42688851105173675,False,False,Ninguno
75,HERR,Herramientas,2020-05-01,2020,5,82.4,47.22,35.18000000000001,0.4269417475728156,False,False,Ninguno
75,HERR,Herramientas,2020-06-01,2020,6,82.43,47.19,35.24000000000001,0.4275142545189859,False,False,Ninguno
75,HERR,Herramientas,2020-07-01,2020,7,82.56,47.07,35.49,0.42986918604651164,False,False,Julio
75,HERR,Herramientas,2020-08-01,2020,8,82.68,47.09,35.59,0.43045476536042576,False,False,Ninguno
75,HERR,Herramientas,2020-09-01,2020,9,82.49,47.1,35.38999999999999,0.42902169959995146,False,False,Ninguno
75,HERR,Herramientas,2020-10-01,2020,10,82.46,47.16,35.3,0.4280863448944943,False,False,Ninguno
75,HERR,Herramientas,2020-11-01,2020,11,82.72,47.13,35.589999999999996,0.4302466150870406,False,False,Ninguno
75,HERR,Herramientas,2020-12-01,2020,12,82.36,47.09,35.269999999999996,0.42824186498300143,False,False,Ninguno
75,HERR,Herramientas,2021-01-01,2021,1,82.53,47.12,35.410000000000004,0.42905610081182605,False,False,Ninguno
75,HERR,Herramientas,2021-02-01,2021,2,92.41,48.73,43.68,0.47267611730332215,True,True,Febrero
75,HERR,Herramientas,2021-03-01,2021,3,92.53,48.79,43.74,0.47271155300983464,False,False,Ninguno
75,HERR,Herramientas,2021-04-01,2021,4,92.46,48.91,43.55,0.47101449275362317,False,False,Esporádico
75,HERR,Herramientas,2021-05-01,2021,5,92.34,48.91,43.43000000000001,0.47032705219839727,False,False,Ninguno
75,HERR,Herramientas,2021-06-01,2021,6,92.27,48.73,43.54,0.47187601603988294,False,False,Ninguno
75,HERR,Herramientas,2021-07-01,2021,7,92.35,48.8,43.55,0.4715755278830536,False,False,Julio
75,HERR,Herramientas,2021-08-01,2021,8,92.41,48.74,43.669999999999995,0.4725679039065036,False,False,Ninguno
75,HERR,Herramientas,2021-09-01,2021,9,92.24,48.79,43.449999999999996,0.4710537727666956,False,False,Ninguno
75,HERR,Herramientas,2021-10-01,2021,10,92.67,48.78,43.89,0.47361605697636777,False,False,Ninguno
75,HERR,Herramientas,2021-11-01,2021,11,92.57,48.78,43.78999999999999,0.4730474235713514,False,False,Ninguno
75,HERR,Herramientas,2021-12-01,2021,12,92.41,48.84,43.56999999999999,0.4714857699383183,False,False,Ninguno
75,HERR,Herramientas,2022-01-01,2022,1,92.38,48.77,43.60999999999999,0.47207187702966,False,False,Ninguno
75,HERR,Herramientas,2022-02-01,2022,2,94.53,52.37,42.160000000000004,0.44599598011213376,True,True,Febrero
75,HERR,Herramientas,2022-03-01,2022,3,94.72,52.51,42.21,0.44562922297297297,False,False,Ninguno
75,HERR,Herramientas,2022-04-01,2022,4,94.75,52.45,42.3,0.4464379947229551,False,False,Ninguno
75,HERR,Herramientas,2022-05-01,2022,5,94.78,52.5,42.28,0.4460856720827179,False,False,Ninguno
75,HERR,Herramientas,2022-06-01,2022,6,94.99,52.42,42.56999999999999,0.4481524370986419,False,False,Ninguno
75,HERR,Herramientas,2022-07-01,2022,7,94.22,53.84,40.379999999999995,0.42857142857142855,True,True,Julio
75,HERR,Herramientas,2022-08-01,2022,8,94.06,53.79,40.27,0.4281309802253881,False,False,Ninguno
75,HERR,Herramientas,2022-09-01,2022,9,93.99,53.81,40.17999999999999,0.42749228641344816,False,False,Ninguno
75,HERR,Herramientas,2022-10-01,2022,10,93.81,53.82,39.99,0.4262871762072274,False,False,Ninguno
75,HERR,Herramientas,2022-11-01,2022,11,94.17,53.88,40.29,0.42784326218540936,False,False,Ninguno
75,HERR,Herramientas,2022-12-01,2022,12,93.92,53.81,40.11,0.4270655877342419,False,False,Ninguno
75,HERR,Herramientas,2023-01-01,2023,1,93.98,53.71,40.27,0.4284954245584167,False,False,Ninguno
75,HERR,Herramientas,2023-02-01,2023,2,94.09,57.28,36.81,0.3912211712190456,True,False,Febrero
75,HERR,Herramientas,2023-03-01,2023,3,96.64,58.59,38.05,0.39372930463576156,True,True,Esporádico
75,HERR,Herramientas,2023-04-01,2023,4,96.63,58.56,38.06999999999999,0.3939770257683949,False,False,Ninguno
75,HERR,Herramientas,2023-05-01,2023,5,96.36,58.64,37.72,0.3914487339144873,False,False,Ninguno
75,HERR,Herramientas,2023-06-01,2023,6,96.38,58.53,37.849999999999994,0.3927163311890433,False,False,Ninguno
75,HERR,Herramientas,2023-07-01,2023,7,95.76,59.81,35.95,0.37541771094402676,True,True,Julio
75,HERR,Herramientas,2023-08-01,2023,8,95.58,59.66,35.92,0.37581083908767526,False,False,Ninguno
75,HERR,Herramientas,2023-09-01,2023,9,95.68,59.71,35.970000000000006,0.3759406354515051,False,False,Ninguno
75,HERR,Herramientas,2023-10-01,2023,10,95.22,59.73,35.49,0.372715816005041,False,False,Ninguno
75,HERR,Herramientas,2023-11-01,2023,11,95.64,59.76,35.88,0.3751568381430364,False,False,Ninguno
75,HERR,Herramientas,2023-12-01,2023,12,95.73,59.7,36.03,0.37637104356001255,False,False,Ninguno
75,HERR,Herramientas,2024-01-01,2024,1,95.52,59.8,35.72,0.3739530988274707,False,False,Ninguno
75,HERR,Herramientas,2024-02-01,2024,2,96.37,64.3,32.07000000000001,0.3327799107606102,True,True,Febrero
75,HERR,Herramientas,2024-03-01,2024,3,96.7,64.45,32.25,0.33350568769389866,False,False,Ninguno
75,HERR,Herramientas,2024-04-01,2024,4,96.83,64.25,32.58,0.3364659712898895,False,False,Ninguno
75,HERR,Herramientas,2024-05-01,2024,5,96.76,64.41,32.35000000000001,0.33433236874741634,False,False,Esporádico
75,HERR,Herramientas,2024-06-01,2024,6,96.58,65.69,30.89,0.31983847587492237,True,False,Esporádico
75,HERR,Herramientas,2024-07-01,2024,7,98.07,69.37,28.69999999999999,0.2926481084939328,True,True,Julio
75,HERR,Herramientas,2024-08-01,2024,8,98.0,69.21,28.790000000000006,0.2937755102040817,False,False,Ninguno
75,HERR,Herramientas,2024-09-01,2024,9,98.2,69.24,28.960000000000008,0.29490835030549906,False,False,Ninguno
75,HERR,Herramientas,2024-10-01,2024,10,98.36,69.36,29.0,0.29483529890199267,False,False,Ninguno
75,HERR,Herramientas,2024-11-01,2024,11,98.08,70.64,27.439999999999998,0.2797716150081566,True,False,Esporádico
75,HERR,Herramientas,2024-12-01,2024,12,98.35,70.8,27.549999999999997,0.2801220132180986,False,False,Ninguno
75,HERR,Herramientas,2025-01-01,2025,1,98.21,70.85,27.36,0.27858670196517665,False,False,Ninguno
75,HERR,Herramientas,2025-02-01,2025,2,113.74,76.35,37.39,0.32873219623703187,True,True,Febrero
75,HERR,Herramientas,2025-03-01,2025,3,114.05,76.47,37.58,0.3295046032441911,False,False,Ninguno
75,HERR,Herramientas,2025-04-01,2025,4,113.72,76.35,37.370000000000005,0.32861413999296524,False,False,Ninguno
75,HERR,Herramientas,2025-05-01,2025,5,113.4,77.88,35.52000000000001,0.3132275132275133,True,False,Esporádico
75,HERR,Herramientas,2025-06-01,2025,6,113.59,77.99,35.60000000000001,0.31340787041112783,False,False,Ninguno
75,HERR,Herramientas,2025-07-01,2025,7,112.25,77.91,34.34,0.30592427616926504,False,True,Julio
75,HERR,Herramientas,2025-08-01,2025,8,112.61,78.11,34.5,0.306367107716899,False,False,Ninguno
75,HERR,Herramientas,2025-09-01,2025,9,112.5,78.06,34.44,0.3061333333333333,False,False,Ninguno
75,HERR,Herramientas,2025-10-01,2025,10,112.54,78.09,34.45,0.3061133819086547,False,False,Ninguno
75,HERR,Herramientas,2025-11-01,2025,11,112.55,77.99,34.56,0.30706352732119063,False,False,Ninguno
76,ALIM,Alimentos,2018-07-01,2018,7,24.03,18.71,5.32,0.2213899292550978,False,False,Ninguno
76,ALIM,Alimentos,2018-08-01,2018,8,24.08,18.74,5.34,0.2217607973421927,False,False,Ninguno
76,ALIM,Alimentos,2018-09-01,2018,9,24.07,18.7,5.370000000000001,0.2230992937266307,False,False,Ninguno
76,ALIM,Alimentos,2018-10-01,2018,10,24.13,18.73,5.399999999999999,0.22378781599668457,False,False,Ninguno
76,ALIM,Alimentos,2018-11-01,2018,11,24.06,18.7,5.359999999999999,0.2227763923524522,False,False,Ninguno
76,ALIM,Alimentos,2018-12-01,2018,12,24.1,18.76,5.34,0.22157676348547717,False,False,Ninguno
76,ALIM,Alimentos,2019-01-01,2019,1,24.13,18.72,5.41,0.22420223787816,False,False,Ninguno
76,ALIM,Alimentos,2019-02-01,2019,2,24.08,18.73,5.349999999999998,0.22217607973421918,False,False,Febrero
76,ALIM,Alimentos,2019-03-01,2019,3,24.15,18.77,5.379999999999999,0.22277432712215317,False,False,Ninguno
76,ALIM,Alimentos,2019-04-01,2019,4,24.03,18.72,5.310000000000002,0.22097378277153568,False,False,Ninguno
76,ALIM,Alimentos,2019-05-01,2019,5,24.01,18.72,5.290000000000003,0.22032486463973355,False,False,Esporádico
76,ALIM,Alimentos,2019-06-01,2019,6,24.07,18.7,5.370000000000001,0.2230992937266307,False,False,Ninguno
76,ALIM,Alimentos,2019-07-01,2019,7,26.14,20.79,5.350000000000001,0.20466717674062745,True,True,Julio
76,ALIM,Alimentos,2019-08-01,2019,8,26.09,20.75,5.34,0.20467612111920275,False,False,Ninguno
76,ALIM,Alimentos,2019-09-01,2019,9,26.17,20.75,5.420000000000002,0.20710737485670622,False,False,Ninguno
76,ALIM,Alimentos,2019-10-01,2019,10,26.19,20.76,5.43,0.20733104238258876,False,False,Ninguno
76,ALIM,Alimentos,2019-11-01,2019,11,26.09,20.8,5.289999999999999,0.20275967803756226,False,False,Ninguno
76,ALIM,Alimentos,2019-12-01,2019,12,26.15,20.76,5.389999999999997,0.20611854684512418,False,False,Ninguno
76,ALIM,Alimentos,2020-01-01,2020,1,26.17,20.83,5.340000000000003,0.20405043943446707,False,False,Esporádico
76,ALIM,Alimentos,2020-02-01,2020,2,28.08,21.0,7.079999999999998,0.2521367521367521,True,True,Febrero
76,ALIM,Alimentos,2020-03-01,2020,3,28.01,21.03,6.98,0.24919671545876473,False,False,Ninguno
76,ALIM,Alimentos,2020-04-01,2020,4,28.02,21.01,7.009999999999998,0.2501784439685938,False,False,Ninguno
76,ALIM,Alimentos,2020-05-01,2020,5,27.92,21.0,6.920000000000002,0.24785100286532957,False,False,Ninguno
76,ALIM,Alimentos,2020-06-01,2020,6,28.07,21.0,7.07,0.2518703241895262,False,False,Ninguno
76,ALIM,Alimentos,2020-07-01,2020,7,28.06,22.16,5.899999999999999,0.210263720598717,True,False,Julio
76,ALIM,Alimentos,2020-08-01,2020,8,27.95,22.18,5.77,0.2064400715563506,False,False,Ninguno
76,ALIM,Alimentos,2020-09-01,2020,9,27.99,22.65,5.34,0.1907824222936763,True,False,Esporádico
76,ALIM,Alimentos,2020-10-01,2020,10,27.96,22.66,5.300000000000001,0.1895565092989986,False,False,Ninguno
76,ALIM,Alimentos,2020-11-01,2020,11,27.94,22.67,5.27,0.18861846814602717,False,False,Ninguno
76,ALIM,Alimentos,2020-12-01,2020,12,28.02,22.67,5.349999999999998,0.19093504639543177,False,False,Ninguno
76,ALIM,Alimentos,2021-01-01,2021,1,27.99,22.66,5.329999999999998,0.1904251518399428,False,False,Ninguno
76,ALIM,Alimentos,2021-02-01,2021,2,31.66,23.19,8.469999999999999,0.2675300063171194,True,True,Febrero
76,ALIM,Alimentos,2021-03-01,2021,3,31.77,23.24,8.530000000000001,0.2684922883223167,False,False,Ninguno
76,ALIM,Alimentos,2021-04-01,2021,4,31.81,23.19,8.619999999999997,0.2709839673058786,False,False,Ninguno
76,ALIM,Alimentos,2021-05-01,2021,5,31.75,23.27,8.48,0.2670866141732284,False,False,Ninguno
76,ALIM,Alimentos,2021-06-01,2021,6,31.77,23.23,8.54,0.26880705067673905,False,False,Ninguno
76,ALIM,Alimentos,2021-07-01,2021,7,31.82,23.73,8.09,0.25424261470773096,True,False,Julio
76,ALIM,Alimentos,2021-08-01,2021,8,31.68,23.73,7.949999999999999,0.25094696969696967,False,False,Ninguno
76,ALIM,Alimentos,2021-09-01,2021,9,31.69,23.67,8.02,0.2530766803408015,False,False,Ninguno
76,ALIM,Alimentos,2021-10-01,2021,10,31.69,23.69,8.0,0.25244556642473964,False,False,Ninguno
76,ALIM,Alimentos,2021-11-01,2021,11,31.75,23.68,8.07,0.2541732283464567,False,False,Ninguno
76,ALIM,Alimentos,2021-12-01,2021,12,31.77,23.72,8.05,0.25338369531004096,False,False,Ninguno
76,ALIM,Alimentos,2022-01-01,2022,1,31.64,23.72,7.920000000000002,0.2503160556257902,False,False,Ninguno
76,ALIM,Alimentos,2022-02-01,2022,2,35.62,22.1,13.519999999999996,0.37956204379562036,True,True,Febrero
76,ALIM,Alimentos,2022-03-01,2022,3,35.55,22.05,13.499999999999996,0.3797468354430379,False,False,Ninguno
76,ALIM,Alimentos,2022-04-01,2022,4,35.68,22.1,13.579999999999998,0.38060538116591924,False,False,Ninguno
76,ALIM,Alimentos,2022-05-01,2022,5,35.6,22.13,13.470000000000002,0.37837078651685396,False,False,Ninguno
76,ALIM,Alimentos,2022-06-01,2022,6,35.67,22.1,13.57,0.3804317353518363,False,False,Ninguno
76,ALIM,Alimentos,2022-07-01,2022,7,37.23,22.09,15.139999999999997,0.4066612946548482,False,True,Julio
76,ALIM,Alimentos,2022-08-01,2022,8,37.23,22.12,15.109999999999996,0.4058554928820843,False,False,Ninguno
76,ALIM,Alimentos,2022-09-01,2022,9,37.14,22.07,15.07,0.4057619816908993,False,False,Ninguno
76,ALIM,Alimentos,2022-10-01,2022,10,37.05,22.12,14.929999999999996,0.40296896086369766,False,False,Ninguno
76,ALIM,Alimentos,2022-11-01,2022,11,37.07,22.12,14.95,0.4032910709468573,False,False,Esporádico
76,ALIM,Alimentos,2022-12-01,2022,12,37.16,22.12,15.039999999999996,0.4047362755651237,False,False,Ninguno
76,ALIM,Alimentos,2023-01-01,2023,1,37.13,22.07,15.060000000000002,0.40560193913277676,False,False,Ninguno
76,ALIM,Alimentos,2023-02-01,2023,2,37.23,23.61,13.619999999999997,0.3658340048348106,True,False,Febrero
76,ALIM,Alimentos,2023-03-01,2023,3,37.14,23.62,13.52,0.3640280021540118,False,False,Ninguno
76,ALIM,Alimentos,2023-04-01,2023,4,37.23,23.58,13.649999999999999,0.3666398066075745,False,False,Ninguno
76,ALIM,Alimentos,2023-05-01,2023,5,37.15,23.59,13.559999999999999,0.36500672947510093,False,False,Ninguno
76,ALIM,Alimentos,2023-06-01,2023,6,37.08,23.65,13.43,0.3621898597626753,False,False,Ninguno
76,ALIM,Alimentos,2023-07-01,2023,7,38.72,23.59,15.129999999999999,0.3907541322314049,False,True,Julio
76,ALIM,Alimentos,2023-08-01,2023,8,38.74,23.62,15.120000000000001,0.3902942694889004,False,False,Ninguno
76,ALIM,Alimentos,2023-09-01,2023,9,38.69,23.65,15.04,0.388730938226932,False,False,Ninguno
76,ALIM,Alimentos,2023-10-01,2023,10,38.67,23.64,15.030000000000001,0.3886733902249806,False,False,Ninguno
76,ALIM,Alimentos,2023-11-01,2023,11,38.69,23.61,15.079999999999998,0.3897647971051951,False,False,Esporádico
76,ALIM,Alimentos,2023-12-01,2023,12,38.64,23.66,14.98,0.38768115942028986,False,False,Ninguno
76,ALIM,Alimentos,2024-01-01,2024,1,39.61,24.05,15.559999999999999,0.3928300934107548,True,True,Esporádico
76,ALIM,Alimentos,2024-02-01,2024,2,40.7,24.99,15.710000000000004,0.3859950859950861,True,True,Febrero
76,ALIM,Alimentos,2024-03-01,2024,3,40.62,25.02,15.599999999999998,0.38404726735598227,False,False,Ninguno
76,ALIM,Alimentos,2024-04-01,2024,4,40.72,24.93,15.79,0.38777013752455797,False,False,Ninguno
76,ALIM,Alimentos,2024-05-01,2024,5,40.46,25.73,14.73,0.36406327236777064,True,True,Esporádico
76,ALIM,Alimentos,2024-06-01,2024,6,40.64,25.72,14.920000000000002,0.3671259842519685,False,False,Ninguno
76,ALIM,Alimentos,2024-07-01,2024,7,42.29,25.79,16.5,0.3901631591392764,False,True,Julio
76,ALIM,Alimentos,2024-08-01,2024,8,45.4,27.3,18.099999999999998,0.3986784140969163,True,True,Esporádico
76,ALIM,Alimentos,2024-09-01,2024,9,45.16,27.33,17.83,0.39481842338352524,False,False,Ninguno
76,ALIM,Alimentos,2024-10-01,2024,10,45.33,27.32,18.009999999999998,0.3973086256342378,False,False,Ninguno
76,ALIM,Alimentos,2024-11-01,2024,11,45.24,27.35,17.89,0.395446507515473,False,False,Ninguno
76,ALIM,Alimentos,2024-12-01,2024,12,45.15,27.31,17.84,0.39512735326688814,False,False,Ninguno
76,ALIM,Alimentos,2025-01-01,2025,1,45.16,27.29,17.869999999999997,0.395704162976085,False,False,Esporádico
76,ALIM,Alimentos,2025-02-01,2025,2,44.74,28.65,16.090000000000003,0.3596334376396961,True,True,Febrero
76,ALIM,Alimentos,2025-03-01,2025,3,44.82,28.6,16.22,0.3618920124944221,False,False,Ninguno
76,ALIM,Alimentos,2025-04-01,2025,4,44.84,28.6,16.240000000000002,0.36217662801070477,False,False,Ninguno
76,ALIM,Alimentos,2025-05-01,2025,5,44.26,28.6,15.659999999999997,0.3538183461364663,False,True,Esporádico
76,ALIM,Alimentos,2025-06-01,2025,6,44.12,28.66,15.459999999999997,0.35040797824116043,False,False,Ninguno
76,ALIM,Alimentos,2025-07-01,2025,7,44.3,30.05,14.249999999999996,0.3216704288939051,True,False,Julio
76,ALIM,Alimentos,2025-08-01,2025,8,44.27,29.96,14.310000000000002,0.3232437316467134,False,False,Ninguno
76,ALIM,Alimentos,2025-09-01,2025,9,44.12,30.03,14.089999999999996,0.3193563009972801,False,False,Ninguno
76,ALIM,Alimentos,2025-10-01,2025,10,44.35,30.05,14.3,0.322435174746336,False,False,Ninguno
76,ALIM,Alimentos,2025-11-01,2025,11,44.33,30.05,14.279999999999998,0.32212948341980596,False,False,Ninguno
77,ELEC,Electrónica,2018-07-01,2018,7,333.96,264.75,69.20999999999998,0.20724038807042755,False,False,Ninguno
77,ELEC,Electrónica,2018-08-01,2018,8,333.01,264.74,68.26999999999998,0.205008858592835,False,False,Ninguno
77,ELEC,Electrónica,2018-09-01,2018,9,328.95,270.07,58.879999999999995,0.1789937680498556,True,True,Esporádico
77,ELEC,Electrónica,2018-10-01,2018,10,329.03,270.08,58.94999999999999,0.17916299425584292,False,False,Ninguno
77,ELEC,Electrónica,2018-11-01,2018,11,327.14,270.06,57.079999999999984,0.17448187320413275,False,False,Ninguno
77,ELEC,Electrónica,2018-12-01,2018,12,327.63,270.21,57.420000000000016,0.1752586759454263,False,False,Ninguno
77,ELEC,Electrónica,2019-01-01,2019,1,327.69,269.8,57.889999999999986,0.17666086850376878,False,False,Ninguno
77,ELEC,Electrónica,2019-02-01,2019,2,337.31,275.4,61.910000000000025,0.18354036346387603,True,True,Febrero
77,ELEC,Electrónica,2019-03-01,2019,3,336.1,275.03,61.07000000000005,0.18170187444213046,False,False,Ninguno
77,ELEC,Electrónica,2019-04-01,2019,4,337.02,275.44,61.579999999999984,0.18271912646133756,False,False,Ninguno
77,ELEC,Electrónica,2019-05-01,2019,5,335.7,275.69,60.00999999999999,0.17876079833184388,False,False,Ninguno
77,ELEC,Electrónica,2019-06-01,2019,6,336.72,275.64,61.08000000000004,0.18139700641482548,False,False,Ninguno
77,ELEC,Electrónica,2019-07-01,2019,7,335.85,275.39,60.460000000000036,0.18002084263808257,False,False,Julio
77,ELEC,Electrónica,2019-08-01,2019,8,336.12,275.18,60.94,0.18130429608473164,False,False,Esporádico
77,ELEC,Electrónica,2019-09-01,2019,9,336.68,274.98,61.69999999999999,0.18326006890816202,False,False,Ninguno
77,ELEC,Electrónica,2019-10-01,2019,10,337.17,275.6,61.56999999999999,0.1826081798499273,False,False,Ninguno
77,ELEC,Electrónica,2019-11-01,2019,11,348.69,275.3,73.38999999999999,0.21047348647796033,False,True,Esporádico
77,ELEC,Electrónica,2019-12-01,2019,12,348.97,275.77,73.20000000000005,0.20976015130240433,False,False,Ninguno
77,ELEC,Electrónica,2020-01-01,2020,1,348.28,274.98,73.29999999999995,0.21046284598598816,False,False,Ninguno
77,ELEC,Electrónica,2020-02-01,2020,2,349.54,288.67,60.870000000000005,0.17414315958116383,True,False,Febrero
77,ELEC,Electrónica,2020-03-01,2020,3,349.19,289.48,59.70999999999998,0.1709957329820441,False,False,Ninguno
77,ELEC,Electrónica,2020-04-01,2020,4,348.56,288.74,59.81999999999999,0.17162038099609822,False,False,Ninguno
77,ELEC,Electrónica,2020-05-01,2020,5,349.61,289.74,59.870000000000005,0.1712479620148165,False,False,Ninguno
77,ELEC,Electrónica,2020-06-01,2020,6,348.13,288.99,59.139999999999986,0.1698790681641915,False,False,Ninguno
77,ELEC,Electrónica,2020-07-01,2020,7,353.96,297.08,56.879999999999995,0.16069612385580292,True,True,Julio
77,ELEC,Electrónica,2020-08-01,2020,8,352.04,296.7,55.34000000000003,0.15719804567662773,False,False,Ninguno
77,ELEC,Electrónica,2020-09-01,2020,9,351.99,297.33,54.660000000000025,0.15528850251427603,False,False,Ninguno
77,ELEC,Electrónica,2020-10-01,2020,10,353.32,297.4,55.920000000000016,0.1582701234008831,False,False,Ninguno
77,ELEC,Electrónica,2020-11-01,2020,11,352.33,297.38,54.94999999999999,0.15596174041381658,False,False,Ninguno
77,ELEC,Electrónica,2020-12-01,2020,12,352.94,296.32,56.620000000000005,0.16042386807956027,False,False,Ninguno
77,ELEC,Electrónica,2021-01-01,2021,1,352.61,296.8,55.81,0.15827684977737444,False,False,Ninguno
77,ELEC,Electrónica,2021-02-01,2021,2,353.65,297.4,56.25,0.15905556341015128,False,False,Febrero
77,ELEC,Electrónica,2021-03-01,2021,3,352.25,297.05,55.19999999999999,0.15670688431511706,False,False,Ninguno
77,ELEC,Electrónica,2021-04-01,2021,4,353.45,297.14,56.31,0.15931532041307117,False,False,Ninguno
77,ELEC,Electrónica,2021-05-01,2021,5,353.87,296.77,57.10000000000002,0.161358691044734,False,False,Ninguno
77,ELEC,Electrónica,2021-06-01,2021,6,352.16,296.58,55.58000000000004,0.15782598818718774,False,True,Esporádico
77,ELEC,Electrónica,2021-07-01,2021,7,353.35,297.21,56.14000000000004,0.15887929814631396,False,False,Julio
77,ELEC,Electrónica,2021-08-01,2021,8,352.38,296.64,55.74000000000001,0.15818150859867192,False,False,Ninguno
77,ELEC,Electrónica,2021-09-01,2021,9,352.38,296.31,56.06999999999999,0.15911799761620976,False,False,Ninguno
77,ELEC,Electrónica,2021-10-01,2021,10,352.55,296.8,55.75,0.15813359807119556,False,False,Ninguno
77,ELEC,Electrónica,2021-11-01,2021,11,353.88,296.57,57.31,0.16194755284277157,False,False,Ninguno
77,ELEC,Electrónica,2021-12-01,2021,12,353.57,296.88,56.69,0.16033600135758125,False,False,Ninguno
77,ELEC,Electrónica,2022-01-01,2022,1,352.8,296.31,56.49000000000001,0.16011904761904763,False,False,Ninguno
77,ELEC,Electrónica,2022-02-01,2022,2,354.29,309.62,44.670000000000016,0.12608315221993285,True,True,Febrero
77,ELEC,Electrónica,2022-03-01,2022,3,352.62,310.64,41.98000000000002,0.11905167035335494,False,False,Ninguno
77,ELEC,Electrónica,2022-04-01,2022,4,354.48,309.91,44.56999999999999,0.12573346874294739,False,False,Ninguno
77,ELEC,Electrónica,2022-05-01,2022,5,353.81,309.58,44.23000000000002,0.12501059890901903,False,False,Ninguno
77,ELEC,Electrónica,2022-06-01,2022,6,354.52,310.68,43.839999999999975,0.12366016021663087,False,False,Ninguno
77,ELEC,Electrónica,2022-07-01,2022,7,364.79,309.68,55.110000000000014,0.15107322020888733,False,True,Julio
77,ELEC,Electrónica,2022-08-01,2022,8,366.35,310.58,55.77000000000004,0.152231472635458,False,False,Ninguno
77,ELEC,Electrónica,2022-09-01,2022,9,366.03,310.23,55.799999999999955,0.15244652077698537,False,False,Ninguno
77,ELEC,Electrónica,2022-10-01,2022,10,365.8,310.39,55.410000000000025,0.1514762165117551,False,False,Ninguno
77,ELEC,Electrónica,2022-11-01,2022,11,365.85,310.5,55.35000000000002,0.1512915129151292,False,False,Esporádico
77,ELEC,Electrónica,2022-12-01,2022,12,364.87,310.14,54.73000000000002,0.1499986296489161,False,False,Ninguno
77,ELEC,Electrónica,2023-01-01,2023,1,365.39,310.4,54.99000000000001,0.15049672952188076,False,False,Ninguno
77,ELEC,Electrónica,2023-02-01,2023,2,401.45,316.85,84.59999999999997,0.21073608170382355,True,True,Febrero
77,ELEC,Electrónica,2023-03-01,2023,3,401.64,316.49,85.14999999999998,0.21200577631709985,False,False,Ninguno
77,ELEC,Electrónica,2023-04-01,2023,4,420.45,324.84,95.61000000000001,0.22739921512665007,True,True,Esporádico
77,ELEC,Electrónica,2023-05-01,2023,5,425.93,348.07,77.86000000000001,0.18279999060878552,True,True,Esporádico
77,ELEC,Electrónica,2023-06-01,2023,6,427.45,348.45,79.0,0.18481693765352672,False,False,Ninguno
77,ELEC,Electrónica,2023-07-01,2023,7,425.35,349.41,75.94,0.17853532385094625,False,False,Julio
77,ELEC,Electrónica,2023-08-01,2023,8,426.57,348.71,77.86000000000001,0.18252572848536,False,False,Ninguno
77,ELEC,Electrónica,2023-09-01,2023,9,426.14,348.19,77.94999999999999,0.18292110573989767,False,False,Ninguno
77,ELEC,Electrónica,2023-10-01,2023,10,426.54,348.5,78.04000000000002,0.18296056641815542,False,False,Ninguno
77,ELEC,Electrónica,2023-11-01,2023,11,426.97,348.98,77.99000000000001,0.18265920322270887,False,False,Ninguno
77,ELEC,Electrónica,2023-12-01,2023,12,427.25,348.25,79.0,0.18490345231129315,False,False,Ninguno
77,ELEC,Electrónica,2024-01-01,2024,1,427.44,349.0,78.44,0.1835111360658806,False,False,Ninguno
77,ELEC,Electrónica,2024-02-01,2024,2,484.28,360.89,123.38999999999999,0.25479061699843064,True,True,Febrero
77,ELEC,Electrónica,2024-03-01,2024,3,485.25,361.6,123.64999999999998,0.2548171045852653,False,False,Esporádico
77,ELEC,Electrónica,2024-04-01,2024,4,485.49,361.59,123.90000000000003,0.2552060804547983,False,False,Ninguno
77,ELEC,Electrónica,2024-05-01,2024,5,483.51,361.13,122.38,0.25310748485036505,False,False,Ninguno
77,ELEC,Electrónica,2024-06-01,2024,6,485.99,360.67,125.32,0.25786538817671145,False,False,Ninguno
77,ELEC,Electrónica,2024-07-01,2024,7,483.44,360.71,122.73000000000002,0.25386811186496777,False,False,Julio
77,ELEC,Electrónica,2024-08-01,2024,8,485.3,361.28,124.02000000000004,0.255553266021018,False,False,Esporádico
77,ELEC,Electrónica,2024-09-01,2024,9,484.04,360.67,123.37,0.2548756301132138,False,False,Ninguno
77,ELEC,Electrónica,2024-10-01,2024,10,483.23,360.93,122.30000000000001,0.2530885913540136,False,False,Ninguno
77,ELEC,Electrónica,2024-11-01,2024,11,484.09,361.39,122.69999999999999,0.25346526472350184,False,False,Ninguno
77,ELEC,Electrónica,2024-12-01,2024,12,485.5,361.49,124.00999999999999,0.2554273944387229,False,False,Esporádico
77,ELEC,Electrónica,2025-01-01,2025,1,484.12,361.21,122.91000000000003,0.2538833347104024,False,False,Ninguno
77,ELEC,Electrónica,2025-02-01,2025,2,506.28,380.31,125.96999999999997,0.24881488504384922,True,True,Febrero
77,ELEC,Electrónica,2025-03-01,2025,3,506.23,380.53,125.70000000000005,0.24830610592023397,False,False,Ninguno
77,ELEC,Electrónica,2025-04-01,2025,4,504.13,379.95,124.18,0.24632535258762622,False,False,Ninguno
77,ELEC,Electrónica,2025-05-01,2025,5,505.49,381.28,124.21000000000004,0.2457219727393223,False,False,Ninguno
77,ELEC,Electrónica,2025-06-01,2025,6,504.36,392.46,111.90000000000003,0.22186533428503455,True,False,Esporádico
77,ELEC,Electrónica,2025-07-01,2025,7,538.48,391.77,146.71000000000004,0.27245208735700494,False,True,Julio
77,ELEC,Electrónica,2025-08-01,2025,8,539.58,392.53,147.05000000000007,0.27252678008821685,False,False,Ninguno
77,ELEC,Electrónica,2025-09-01,2025,9,537.07,392.46,144.61000000000007,0.2692572662781389,False,False,Ninguno
77,ELEC,Electrónica,2025-10-01,2025,10,536.92,392.53,144.39,0.2689227445429487,False,False,Ninguno
77,ELEC,Electrónica,2025-11-01,2025,11,536.73,391.95,144.78000000000003,0.26974456430607574,False,False,Ninguno
78,HOGAR,Hogar,2018-07-01,2018,7,145.3,99.87,45.43000000000001,0.31266345492085346,False,True,Esporádico
78,HOGAR,Hogar,2018-08-01,2018,8,144.87,99.52,45.35000000000001,0.3130392765928074,False,False,Ninguno
78,HOGAR,Hogar,2018-09-01,2018,9,145.46,99.76,45.7,0.3141757184105596,False,False,Ninguno
78,HOGAR,Hogar,2018-10-01,2018,10,145.38,99.51,45.86999999999999,0.31551795295088725,False,False,Ninguno
78,HOGAR,Hogar,2018-11-01,2018,11,145.15,99.72,45.43000000000001,0.31298656562177063,False,False,Ninguno
78,HOGAR,Hogar,2018-12-01,2018,12,145.33,99.88,45.45000000000002,0.3127365306543729,False,False,Ninguno
78,HOGAR,Hogar,2019-01-01,2019,1,144.98,99.83,45.14999999999999,0.31142226514001925,False,False,Ninguno
78,HOGAR,Hogar,2019-02-01,2019,2,156.57,106.01,50.55999999999999,0.322922654403781,True,True,Febrero
78,HOGAR,Hogar,2019-03-01,2019,3,156.16,105.98,50.17999999999999,0.3213370901639344,False,False,Ninguno
78,HOGAR,Hogar,2019-04-01,2019,4,156.72,106.03,50.69,0.3234430832057172,False,False,Ninguno
78,HOGAR,Hogar,2019-05-01,2019,5,156.46,106.26,50.2,0.3208487792407005,False,False,Ninguno
78,HOGAR,Hogar,2019-06-01,2019,6,156.13,106.15,49.97999999999999,0.320117850509191,False,False,Ninguno
78,HOGAR,Hogar,2019-07-01,2019,7,167.57,113.39,54.17999999999999,0.32332756459986867,True,True,Julio
78,HOGAR,Hogar,2019-08-01,2019,8,168.28,113.27,55.010000000000005,0.3268956501069646,False,False,Ninguno
78,HOGAR,Hogar,2019-09-01,2019,9,168.0,113.08,54.92,0.3269047619047619,False,False,Ninguno
78,HOGAR,Hogar,2019-10-01,2019,10,167.62,113.47,54.150000000000006,0.3230521417491946,False,False,Ninguno
78,HOGAR,Hogar,2019-11-01,2019,11,176.07,121.04,55.02999999999999,0.31254614641903783,True,True,Esporádico
78,HOGAR,Hogar,2019-12-01,2019,12,176.6,120.95,55.64999999999999,0.31511891279728194,False,False,Ninguno
78,HOGAR,Hogar,2020-01-01,2020,1,176.39,121.34,55.04999999999998,0.31209252225182826,False,False,Ninguno
78,HOGAR,Hogar,2020-02-01,2020,2,195.74,123.71,72.03000000000002,0.3679881475426587,True,True,Febrero
78,HOGAR,Hogar,2020-03-01,2020,3,195.64,123.71,71.92999999999999,0.36766509916172563,False,False,Ninguno
78,HOGAR,Hogar,2020-04-01,2020,4,195.41,123.72,71.69,0.3668696586663937,False,False,Ninguno
78,HOGAR,Hogar,2020-05-01,2020,5,195.73,123.56,72.16999999999999,0.36872221938384503,False,False,Ninguno
78,HOGAR,Hogar,2020-06-01,2020,6,195.14,123.67,71.46999999999998,0.36624987188685043,False,False,Ninguno
78,HOGAR,Hogar,2020-07-01,2020,7,202.37,125.95,76.42,0.3776251420665118,True,True,Julio
78,HOGAR,Hogar,2020-08-01,2020,8,202.31,126.08,76.23,0.37679798329296627,False,False,Ninguno
78,HOGAR,Hogar,2020-09-01,2020,9,202.69,126.22,76.47,0.3772756426069367,False,False,Ninguno
78,HOGAR,Hogar,2020-10-01,2020,10,202.28,126.1,76.18,0.3766066838046273,False,False,Ninguno
78,HOGAR,Hogar,2020-11-01,2020,11,202.6,125.98,76.61999999999999,0.37818361303060216,False,False,Esporádico
78,HOGAR,Hogar,2020-12-01,2020,12,203.04,126.22,76.82,0.37834909377462567,False,False,Ninguno
78,HOGAR,Hogar,2021-01-01,2021,1,202.85,125.93,76.91999999999999,0.37919645057924567,False,False,Ninguno
78,HOGAR,Hogar,2021-02-01,2021,2,235.97,124.18,111.78999999999999,0.47374666271136157,True,True,Febrero
78,HOGAR,Hogar,2021-03-01,2021,3,236.3,124.06,112.24000000000001,0.4749894202285231,False,False,Ninguno
78,HOGAR,Hogar,2021-04-01,2021,4,236.16,124.07,112.09,0.4746358401084011,False,False,Ninguno
78,HOGAR,Hogar,2021-05-01,2021,5,236.01,124.19,111.82,0.4737934833269777,False,False,Ninguno
78,HOGAR,Hogar,2021-06-01,2021,6,236.37,124.03,112.34,0.4752718196048568,False,False,Ninguno
78,HOGAR,Hogar,2021-07-01,2021,7,249.49,124.08,125.41000000000001,0.5026654374924847,False,True,Julio
78,HOGAR,Hogar,2021-08-01,2021,8,249.36,123.9,125.46000000000001,0.5031280076997112,False,False,Esporádico
78,HOGAR,Hogar,2021-09-01,2021,9,249.82,123.96,125.86,0.5038027379713393,False,False,Ninguno
78,HOGAR,Hogar,2021-10-01,2021,10,250.06,124.21,125.85000000000001,0.5032792129888827,False,False,Esporádico
78,HOGAR,Hogar,2021-11-01,2021,11,249.64,124.1,125.53999999999999,0.50288415318058,False,False,Ninguno
78,HOGAR,Hogar,2021-12-01,2021,12,250.06,124.13,125.93,0.5035991362073102,False,False,Ninguno
78,HOGAR,Hogar,2022-01-01,2022,1,262.62,123.86,138.76,0.5283679841596223,False,True,Esporádico
78,HOGAR,Hogar,2022-02-01,2022,2,283.63,134.7,148.93,0.5250854987131122,True,True,Febrero
78,HOGAR,Hogar,2022-03-01,2022,3,283.23,134.73,148.50000000000003,0.5243088655862727,False,False,Ninguno
78,HOGAR,Hogar,2022-04-01,2022,4,283.51,134.73,148.78,0.5247786674191387,False,False,Ninguno
78,HOGAR,Hogar,2022-05-01,2022,5,282.83,134.36,148.46999999999997,0.5249443128381005,False,False,Ninguno
78,HOGAR,Hogar,2022-06-01,2022,6,282.11,134.34,147.77,0.5238027719683811,False,False,Ninguno
78,HOGAR,Hogar,2022-07-01,2022,7,282.11,134.31,147.8,0.5239091134663784,False,False,Julio
78,HOGAR,Hogar,2022-08-01,2022,8,282.82,134.6,148.22,0.5240789194540697,False,False,Ninguno
78,HOGAR,Hogar,2022-09-01,2022,9,283.39,134.38,149.01,0.5258124845619111,False,False,Ninguno
78,HOGAR,Hogar,2022-10-01,2022,10,283.76,134.66,149.1,0.5254440372145475,False,False,Ninguno
78,HOGAR,Hogar,2022-11-01,2022,11,282.89,134.56,148.32999999999998,0.5243380819399767,False,False,Ninguno
78,HOGAR,Hogar,2022-12-01,2022,12,282.48,134.37,148.11,0.524320305862362,False,False,Ninguno
78,HOGAR,Hogar,2023-01-01,2023,1,282.8,134.32,148.48000000000002,0.5250353606789251,False,False,Ninguno
78,HOGAR,Hogar,2023-02-01,2023,2,282.42,137.02,145.4,0.5148360597691382,True,False,Febrero
78,HOGAR,Hogar,2023-03-01,2023,3,282.7,137.31,145.39,0.5142907675981606,False,False,Ninguno
78,HOGAR,Hogar,2023-04-01,2023,4,282.35,137.16,145.19000000000003,0.5142199397910395,False,False,Ninguno
78,HOGAR,Hogar,2023-05-01,2023,5,282.28,137.13,145.14999999999998,0.5142057531528978,False,False,Ninguno
78,HOGAR,Hogar,2023-06-01,2023,6,282.27,137.2,145.07,0.5139405533708861,False,False,Ninguno
78,HOGAR,Hogar,2023-07-01,2023,7,283.06,137.35,145.71,0.5147671871687982,False,False,Julio
78,HOGAR,Hogar,2023-08-01,2023,8,282.81,137.31,145.5,0.5144796860082741,False,False,Ninguno
78,HOGAR,Hogar,2023-09-01,2023,9,282.27,137.12,145.14999999999998,0.5142239699578417,False,False,Ninguno
78,HOGAR,Hogar,2023-10-01,2023,10,282.98,137.2,145.78000000000003,0.5151600819845926,False,False,Ninguno
78,HOGAR,Hogar,2023-11-01,2023,11,283.36,137.17,146.19000000000003,0.5159161490683231,False,False,Ninguno
78,HOGAR,Hogar,2023-12-01,2023,12,283.38,137.37,146.01,0.5152445479568071,False,False,Ninguno
78,HOGAR,Hogar,2024-01-01,2024,1,283.16,136.99,146.17000000000002,0.5162099166548948,False,False,Ninguno
78,HOGAR,Hogar,2024-02-01,2024,2,310.15,129.02,181.12999999999997,0.5840077381911978,True,True,Febrero
78,HOGAR,Hogar,2024-03-01,2024,3,311.05,129.26,181.79000000000002,0.5844398006751327,False,False,Ninguno
78,HOGAR,Hogar,2024-04-01,2024,4,309.96,129.0,180.95999999999998,0.583817266744096,False,False,Ninguno
78,HOGAR,Hogar,2024-05-01,2024,5,311.63,129.1,182.53,0.5857266630298752,False,False,Ninguno
78,HOGAR,Hogar,2024-06-01,2024,6,311.72,129.13,182.59000000000003,0.5857500320800719,False,False,Ninguno
78,HOGAR,Hogar,2024-07-01,2024,7,324.89,125.77,199.12,0.612884360860599,True,True,Julio
78,HOGAR,Hogar,2024-08-01,2024,8,325.0,125.41,199.59,0.6141230769230769,False,False,Ninguno
78,HOGAR,Hogar,2024-09-01,2024,9,325.28,125.67,199.60999999999996,0.6136559272011805,False,False,Ninguno
78,HOGAR,Hogar,2024-10-01,2024,10,325.37,125.75,199.62,0.6135169191996803,False,False,Ninguno
78,HOGAR,Hogar,2024-11-01,2024,11,324.28,125.7,198.57999999999998,0.6123720241766375,False,False,Ninguno
78,HOGAR,Hogar,2024-12-01,2024,12,325.38,125.57,199.81,0.6140819964349377,False,False,Ninguno
78,HOGAR,Hogar,2025-01-01,2025,1,324.02,125.84,198.17999999999998,0.6116289117955681,False,False,Ninguno
78,HOGAR,Hogar,2025-02-01,2025,2,323.1,129.67,193.43000000000004,0.5986691426802848,True,True,Febrero
78,HOGAR,Hogar,2025-03-01,2025,3,323.44,129.42,194.02,0.5998639624041554,False,False,Ninguno
78,HOGAR,Hogar,2025-04-01,2025,4,323.79,129.84,193.95000000000002,0.5989993514314834,False,False,Ninguno
78,HOGAR,Hogar,2025-05-01,2025,5,330.43,132.18,198.25,0.5999757891232637,True,True,Esporádico
78,HOGAR,Hogar,2025-06-01,2025,6,329.36,132.41,196.95000000000002,0.597977896526597,False,False,Ninguno
78,HOGAR,Hogar,2025-07-01,2025,7,364.08,132.43,231.64999999999998,0.6362612612612613,False,True,Julio
78,HOGAR,Hogar,2025-08-01,2025,8,363.3,132.4,230.9,0.6355628956785027,False,False,Ninguno
78,HOGAR,Hogar,2025-09-01,2025,9,363.29,132.4,230.89000000000001,0.6355528641030581,False,False,Ninguno
78,HOGAR,Hogar,2025-10-01,2025,10,362.83,132.47,230.35999999999999,0.6348978860623432,False,False,Ninguno
78,HOGAR,Hogar,2025-11-01,2025,11,363.65,132.15,231.49999999999997,0.6366011274577204,False,False,Ninguno
79,HOGAR,Hogar,2018-07-01,2018,7,99.63,67.67,31.959999999999994,0.3207869115728194,False,False,Ninguno
79,HOGAR,Hogar,2018-08-01,2018,8,99.33,67.68,31.64999999999999,0.31863485351857435,False,False,Ninguno
79,HOGAR,Hogar,2018-09-01,2018,9,99.36,67.6,31.760000000000005,0.319645732689211,False,False,Ninguno
79,HOGAR,Hogar,2018-10-01,2018,10,99.56,67.67,31.89,0.32030936118923264,False,False,Ninguno
79,HOGAR,Hogar,2018-11-01,2018,11,99.25,67.57,31.680000000000007,0.3191939546599497,False,False,Ninguno
79,HOGAR,Hogar,2018-12-01,2018,12,99.33,67.64,31.689999999999998,0.31903755159569114,False,False,Ninguno
79,HOGAR,Hogar,2019-01-01,2019,1,99.59,67.64,31.950000000000003,0.3208153429059143,False,False,Ninguno
79,HOGAR,Hogar,2019-02-01,2019,2,107.54,68.95,38.59,0.3588432211270225,True,True,Febrero
79,HOGAR,Hogar,2019-03-01,2019,3,107.37,69.04,38.33,0.356989848188507,False,False,Ninguno
79,HOGAR,Hogar,2019-04-01,2019,4,107.24,69.11,38.129999999999995,0.3555576277508392,False,False,Ninguno
79,HOGAR,Hogar,2019-05-01,2019,5,107.44,69.13,38.31,0.3565711094564408,False,False,Ninguno
79,HOGAR,Hogar,2019-06-01,2019,6,107.64,69.05,38.59,0.35850984764028243,False,False,Ninguno
79,HOGAR,Hogar,2019-07-01,2019,7,107.36,73.34,34.019999999999996,0.3168777943368107,True,False,Julio
79,HOGAR,Hogar,2019-08-01,2019,8,107.12,73.28,33.84,0.3159073935772965,False,False,Ninguno
79,HOGAR,Hogar,2019-09-01,2019,9,107.61,73.15,34.459999999999994,0.3202304618529876,False,False,Ninguno
79,HOGAR,Hogar,2019-10-01,2019,10,106.32,73.17,33.14999999999999,0.31179458239277646,False,True,Esporádico
79,HOGAR,Hogar,2019-11-01,2019,11,106.0,73.12,32.879999999999995,0.310188679245283,False,False,Ninguno
79,HOGAR,Hogar,2019-12-01,2019,12,106.19,73.29,32.89999999999999,0.30982201713909024,False,False,Ninguno
79,HOGAR,Hogar,2020-01-01,2020,1,106.14,73.35,32.790000000000006,0.3089315997738836,False,False,Ninguno
79,HOGAR,Hogar,2020-02-01,2020,2,117.01,77.11,39.900000000000006,0.3409964960259807,True,True,Febrero
79,HOGAR,Hogar,2020-03-01,2020,3,116.86,77.23,39.629999999999995,0.3391237378059216,False,False,Ninguno
79,HOGAR,Hogar,2020-04-01,2020,4,116.58,77.08,39.5,0.33882312575055756,False,False,Ninguno
79,HOGAR,Hogar,2020-05-01,2020,5,116.6,77.15,39.44999999999999,0.33833619210977695,False,False,Ninguno
79,HOGAR,Hogar,2020-06-01,2020,6,117.15,77.11,40.040000000000006,0.34178403755868547,False,False,Ninguno
79,HOGAR,Hogar,2020-07-01,2020,7,116.77,77.13,39.64,0.3394707544746082,False,False,Julio
79,HOGAR,Hogar,2020-08-01,2020,8,117.74,82.15,35.58999999999999,0.30227620180057746,True,True,Esporádico
79,HOGAR,Hogar,2020-09-01,2020,9,117.95,81.96,35.99000000000001,0.30512929207291234,False,False,Ninguno
79,HOGAR,Hogar,2020-10-01,2020,10,118.01,81.97,36.040000000000006,0.30539784764003053,False,False,Esporádico
79,HOGAR,Hogar,2020-11-01,2020,11,117.5,81.91,35.59,0.30289361702127665,False,False,Ninguno
79,HOGAR,Hogar,2020-12-01,2020,12,117.32,81.97,35.349999999999994,0.30131264916467776,False,False,Ninguno
79,HOGAR,Hogar,2021-01-01,2021,1,117.8,82.15,35.64999999999999,0.30263157894736836,False,False,Ninguno
79,HOGAR,Hogar,2021-02-01,2021,2,117.99,92.39,25.599999999999994,0.21696753962200183,True,True,Febrero
79,HOGAR,Hogar,2021-03-01,2021,3,118.02,92.39,25.629999999999995,0.21716658193526517,False,False,Ninguno
79,HOGAR,Hogar,2021-04-01,2021,4,117.6,92.46,25.14,0.21377551020408164,False,False,Ninguno
79,HOGAR,Hogar,2021-05-01,2021,5,118.03,92.52,25.510000000000005,0.216131491993561,False,False,Ninguno
79,HOGAR,Hogar,2021-06-01,2021,6,117.63,92.47,25.159999999999997,0.21389101419705855,False,False,Ninguno
79,HOGAR,Hogar,2021-07-01,2021,7,118.63,94.16,24.47,0.20627160077552054,True,True,Julio
79,HOGAR,Hogar,2021-08-01,2021,8,118.46,94.31,24.14999999999999,0.20386628397771395,False,False,Ninguno
79,HOGAR,Hogar,2021-09-01,2021,9,126.72,93.87,32.849999999999994,0.25923295454545453,True,True,Esporádico
79,HOGAR,Hogar,2021-10-01,2021,10,126.67,94.17,32.5,0.2565721954685403,False,False,Ninguno
79,HOGAR,Hogar,2021-11-01,2021,11,126.61,94.18,32.42999999999999,0.2561409051417739,False,False,Ninguno
79,HOGAR,Hogar,2021-12-01,2021,12,126.27,93.88,32.39,0.2565138195929358,False,False,Ninguno
79,HOGAR,Hogar,2022-01-01,2022,1,126.12,93.92,32.2,0.25531240088804313,False,False,Ninguno
79,HOGAR,Hogar,2022-02-01,2022,2,127.24,103.26,23.97999999999999,0.18846274756365916,True,True,Febrero
79,HOGAR,Hogar,2022-03-01,2022,3,127.7,103.12,24.58,0.19248238057948314,False,False,Ninguno
79,HOGAR,Hogar,2022-04-01,2022,4,127.51,103.02,24.49000000000001,0.19206336757901346,False,False,Ninguno
79,HOGAR,Hogar,2022-05-01,2022,5,127.13,103.24,23.89,0.18791787933611265,False,False,Ninguno
79,HOGAR,Hogar,2022-06-01,2022,6,127.23,103.13,24.10000000000001,0.18942073410359198,False,False,Ninguno
79,HOGAR,Hogar,2022-07-01,2022,7,131.52,109.25,22.27000000000001,0.16932785888077864,True,True,Julio
79,HOGAR,Hogar,2022-08-01,2022,8,132.02,109.23,22.790000000000006,0.17262535979397065,False,False,Ninguno
79,HOGAR,Hogar,2022-09-01,2022,9,132.11,116.0,16.110000000000014,0.12194383468321862,True,False,Esporádico
79,HOGAR,Hogar,2022-10-01,2022,10,131.84,115.99,15.850000000000009,0.12022148058252434,False,False,Ninguno
79,HOGAR,Hogar,2022-11-01,2022,11,132.11,115.89,16.220000000000013,0.12277647415032936,False,False,Ninguno
79,HOGAR,Hogar,2022-12-01,2022,12,131.93,116.14,15.790000000000006,0.1196846812703707,False,False,Ninguno
79,HOGAR,Hogar,2023-01-01,2023,1,131.94,115.84,16.099999999999994,0.12202516295285731,False,False,Ninguno
79,HOGAR,Hogar,2023-02-01,2023,2,131.72,126.17,5.549999999999997,0.042134831460674135,True,False,Febrero
79,HOGAR,Hogar,2023-03-01,2023,3,131.71,126.08,5.63000000000001,0.04274542555614615,False,False,Ninguno
79,HOGAR,Hogar,2023-04-01,2023,4,131.61,126.14,5.470000000000013,0.0415621913228479,False,False,Ninguno
79,HOGAR,Hogar,2023-05-01,2023,5,131.51,126.1,5.409999999999997,0.04113755607938557,False,False,Ninguno
79,HOGAR,Hogar,2023-06-01,2023,6,132.06,126.06,6.0,0.045433893684688774,False,False,Ninguno
79,HOGAR,Hogar,2023-07-01,2023,7,152.26,129.88,22.379999999999995,0.14698541967686848,True,True,Julio
79,HOGAR,Hogar,2023-08-01,2023,8,151.69,129.64,22.05000000000001,0.1453622519612368,False,False,Ninguno
79,HOGAR,Hogar,2023-09-01,2023,9,151.76,130.06,21.69999999999999,0.14298892988929882,False,False,Ninguno
79,HOGAR,Hogar,2023-10-01,2023,10,151.56,129.56,22.0,0.14515703351807865,False,False,Ninguno
79,HOGAR,Hogar,2023-11-01,2023,11,151.68,126.57,25.110000000000014,0.16554588607594944,True,False,Esporádico
79,HOGAR,Hogar,2023-12-01,2023,12,152.33,126.54,25.790000000000006,0.16930348585308216,False,False,Ninguno
79,HOGAR,Hogar,2024-01-01,2024,1,151.45,126.38,25.069999999999993,0.1655331792670848,False,False,Ninguno
79,HOGAR,Hogar,2024-02-01,2024,2,159.79,118.86,40.92999999999999,0.25614869516240063,True,True,Febrero
79,HOGAR,Hogar,2024-03-01,2024,3,160.11,118.87,41.24000000000001,0.25757291861844983,False,False,Ninguno
79,HOGAR,Hogar,2024-04-01,2024,4,159.88,118.92,40.959999999999994,0.25619214410808105,False,False,Ninguno
79,HOGAR,Hogar,2024-05-01,2024,5,159.35,119.09,40.25999999999999,0.25265139629745836,False,False,Ninguno
79,HOGAR,Hogar,2024-06-01,2024,6,160.29,118.71,41.58,0.25940482874789444,False,True,Esporádico
79,HOGAR,Hogar,2024-07-01,2024,7,161.11,121.89,39.22000000000001,0.24343616162870094,True,False,Julio
79,HOGAR,Hogar,2024-08-01,2024,8,160.68,121.76,38.92,0.24222056260891212,False,False,Ninguno
79,HOGAR,Hogar,2024-09-01,2024,9,160.47,121.74,38.730000000000004,0.24135352402318194,False,False,Ninguno
79,HOGAR,Hogar,2024-10-01,2024,10,161.07,121.95,39.11999999999999,0.24287576829949706,False,False,Ninguno
79,HOGAR,Hogar,2024-11-01,2024,11,160.22,121.88,38.34,0.2392959680439396,False,False,Ninguno
79,HOGAR,Hogar,2024-12-01,2024,12,160.3,121.88,38.420000000000016,0.23967560823456027,False,False,Ninguno
79,HOGAR,Hogar,2025-01-01,2025,1,160.75,121.8,38.95,0.2423017107309487,False,False,Ninguno
79,HOGAR,Hogar,2025-02-01,2025,2,160.61,121.72,38.890000000000015,0.2421393437519458,False,False,Febrero
79,HOGAR,Hogar,2025-03-01,2025,3,160.57,121.99,38.58,0.24026904153951548,False,False,Ninguno
79,HOGAR,Hogar,2025-04-01,2025,4,161.11,121.7,39.41000000000001,0.2446154801067594,False,False,Ninguno
79,HOGAR,Hogar,2025-05-01,2025,5,160.62,124.28,36.34,0.22624828788444779,True,False,Esporádico
79,HOGAR,Hogar,2025-06-01,2025,6,160.49,124.32,36.170000000000016,0.22537229733939818,False,False,Ninguno
79,HOGAR,Hogar,2025-07-01,2025,7,174.63,126.95,47.67999999999999,0.2730344156215999,True,True,Julio
79,HOGAR,Hogar,2025-08-01,2025,8,175.41,126.9,48.50999999999999,0.2765520779887121,False,False,Ninguno
79,HOGAR,Hogar,2025-09-01,2025,9,174.63,126.96,47.67,0.27297715169214914,False,False,Ninguno
79,HOGAR,Hogar,2025-10-01,2025,10,174.79,127.05,47.739999999999995,0.2731277533039647,False,False,Ninguno
79,HOGAR,Hogar,2025-11-01,2025,11,175.03,126.84,48.19,0.2753242301319774,False,False,Esporádico
80,ROPA,Ropa,2018-07-01,2018,7,283.86,167.73,116.13000000000002,0.4091101247093638,False,False,Ninguno
80,ROPA,Ropa,2018-08-01,2018,8,286.53,171.35,115.17999999999998,0.40198234041810627,True,True,Esporádico
80,ROPA,Ropa,2018-09-01,2018,9,286.53,171.42,115.10999999999999,0.40173803790179036,False,False,Ninguno
80,ROPA,Ropa,2018-10-01,2018,10,286.12,171.64,114.48000000000002,0.4001118411855166,False,False,Ninguno
80,ROPA,Ropa,2018-11-01,2018,11,287.29,171.19,116.10000000000002,0.40412127118939056,False,False,Ninguno
80,ROPA,Ropa,2018-12-01,2018,12,286.75,171.05,115.69999999999999,0.40348735832606797,False,False,Ninguno
80,ROPA,Ropa,2019-01-01,2019,1,286.58,171.47,115.10999999999999,0.4016679461232465,False,False,Ninguno
80,ROPA,Ropa,2019-02-01,2019,2,323.86,176.9,146.96,0.4537763231025752,True,True,Febrero
80,ROPA,Ropa,2019-03-01,2019,3,324.14,176.85,147.29,0.45440241870796566,False,False,Ninguno
80,ROPA,Ropa,2019-04-01,2019,4,324.52,186.4,138.11999999999998,0.425613213361272,True,False,Esporádico
80,ROPA,Ropa,2019-05-01,2019,5,324.89,186.11,138.77999999999997,0.4271599618332358,False,False,Esporádico
80,ROPA,Ropa,2019-06-01,2019,6,324.17,186.06,138.11,0.4260418916000864,False,False,Ninguno
80,ROPA,Ropa,2019-07-01,2019,7,350.25,191.95,158.3,0.4519628836545325,True,True,Julio
80,ROPA,Ropa,2019-08-01,2019,8,350.98,192.36,158.62,0.45193458316713203,False,False,Ninguno
80,ROPA,Ropa,2019-09-01,2019,9,350.15,192.48,157.67,0.4502927316864201,False,False,Ninguno
80,ROPA,Ropa,2019-10-01,2019,10,349.91,192.3,157.61,0.45043011059986854,False,False,Ninguno
80,ROPA,Ropa,2019-11-01,2019,11,359.84,192.5,167.33999999999997,0.4650400177856825,False,True,Esporádico
80,ROPA,Ropa,2019-12-01,2019,12,358.13,192.49,165.64,0.4625136123753944,False,False,Ninguno
80,ROPA,Ropa,2020-01-01,2020,1,359.88,192.46,167.42,0.46521062576414357,False,False,Ninguno
80,ROPA,Ropa,2020-02-01,2020,2,400.87,196.08,204.79,0.5108638710804001,True,True,Febrero
80,ROPA,Ropa,2020-03-01,2020,3,400.2,196.0,204.2,0.5102448775612194,False,False,Ninguno
80,ROPA,Ropa,2020-04-01,2020,4,410.39,209.09,201.29999999999998,0.4905090279977582,True,True,Esporádico
80,ROPA,Ropa,2020-05-01,2020,5,409.31,208.72,200.59,0.4900686521218636,False,False,Ninguno
80,ROPA,Ropa,2020-06-01,2020,6,410.85,208.71,202.14000000000001,0.4920043811610077,False,False,Ninguno
80,ROPA,Ropa,2020-07-01,2020,7,409.42,217.4,192.02,0.4690049338088027,True,False,Julio
80,ROPA,Ropa,2020-08-01,2020,8,411.41,217.69,193.72000000000003,0.4708684767020734,False,False,Ninguno
80,ROPA,Ropa,2020-09-01,2020,9,424.64,227.78,196.85999999999999,0.4635926902788244,True,True,Esporádico
80,ROPA,Ropa,2020-10-01,2020,10,425.95,227.94,198.01,0.4648667684000469,False,False,Ninguno
80,ROPA,Ropa,2020-11-01,2020,11,426.71,227.88,198.82999999999998,0.4659604883878981,False,False,Ninguno
80,ROPA,Ropa,2020-12-01,2020,12,426.41,227.99,198.42000000000002,0.46532679815201333,False,False,Ninguno
80,ROPA,Ropa,2021-01-01,2021,1,426.95,228.12,198.82999999999998,0.4656985595502986,False,False,Ninguno
80,ROPA,Ropa,2021-02-01,2021,2,444.26,233.82,210.44,0.47368657993067126,True,True,Febrero
80,ROPA,Ropa,2021-03-01,2021,3,444.36,233.14,211.22000000000003,0.47533531370960486,False,False,Ninguno
80,ROPA,Ropa,2021-04-01,2021,4,445.52,233.77,211.74999999999997,0.47528730472257136,False,False,Ninguno
80,ROPA,Ropa,2021-05-01,2021,5,444.46,233.43,211.02999999999997,0.47480088196913106,False,False,Ninguno
80,ROPA,Ropa,2021-06-01,2021,6,445.04,233.77,211.27,0.474721373359698,False,False,Ninguno
80,ROPA,Ropa,2021-07-01,2021,7,445.68,232.55,213.13,0.47821306767187216,True,False,Julio
80,ROPA,Ropa,2021-08-01,2021,8,445.9,232.28,213.61999999999998,0.4790760260148015,False,False,Ninguno
80,ROPA,Ropa,2021-09-01,2021,9,446.31,232.2,214.11,0.4797338173018754,False,False,Ninguno
80,ROPA,Ropa,2021-10-01,2021,10,444.61,232.16,212.45000000000002,0.4778345066462743,False,False,Ninguno
80,ROPA,Ropa,2021-11-01,2021,11,446.07,232.67,213.4,0.47840025108166884,False,False,Esporádico
80,ROPA,Ropa,2021-12-01,2021,12,444.49,232.11,212.38,0.47780602488244955,False,False,Ninguno
80,ROPA,Ropa,2022-01-01,2022,1,446.26,232.72,213.54,0.47851028548379865,False,False,Ninguno
80,ROPA,Ropa,2022-02-01,2022,2,432.97,237.06,195.91000000000003,0.4524793865625794,True,True,Febrero
80,ROPA,Ropa,2022-03-01,2022,3,433.12,236.95,196.17000000000002,0.4529229774658294,False,False,Ninguno
80,ROPA,Ropa,2022-04-01,2022,4,434.02,237.03,196.98999999999998,0.4538730934058338,False,False,Ninguno
80,ROPA,Ropa,2022-05-01,2022,5,442.66,242.08,200.58,0.4531242940405729,True,True,Esporádico
80,ROPA,Ropa,2022-06-01,2022,6,442.67,242.04,200.63000000000002,0.45322700883276484,False,False,Ninguno
80,ROPA,Ropa,2022-07-01,2022,7,486.56,246.55,240.01,0.49327934889838865,True,True,Julio
80,ROPA,Ropa,2022-08-01,2022,8,489.25,247.04,242.21,0.49506387327542156,False,False,Ninguno
80,ROPA,Ropa,2022-09-01,2022,9,487.89,247.42,240.47,0.4928774928774929,False,False,Ninguno
80,ROPA,Ropa,2022-10-01,2022,10,488.36,246.9,241.46,0.494430338275043,False,False,Ninguno
80,ROPA,Ropa,2022-11-01,2022,11,488.32,246.99,241.32999999999998,0.494204619921363,False,False,Ninguno
80,ROPA,Ropa,2022-12-01,2022,12,488.65,247.31,241.33999999999997,0.49389133326511814,False,False,Ninguno
80,ROPA,Ropa,2023-01-01,2023,1,487.82,246.93,240.89,0.4938091919150506,False,False,Esporádico
80,ROPA,Ropa,2023-02-01,2023,2,487.8,247.07,240.73000000000002,0.4935014350143502,False,False,Febrero
80,ROPA,Ropa,2023-03-01,2023,3,486.52,246.89,239.63,0.49253884732385106,False,False,Ninguno
80,ROPA,Ropa,2023-04-01,2023,4,517.88,251.65,266.23,0.5140766200664247,True,True,Esporádico
80,ROPA,Ropa,2023-05-01,2023,5,516.58,251.72,264.86,0.5127182624182121,False,False,Ninguno
80,ROPA,Ropa,2023-06-01,2023,6,518.91,252.34,266.56999999999994,0.5137114335819313,False,False,Ninguno
80,ROPA,Ropa,2023-07-01,2023,7,505.75,252.1,253.65,0.5015323776569451,False,True,Julio
80,ROPA,Ropa,2023-08-01,2023,8,505.62,252.37,253.25,0.5008702187413473,False,False,Ninguno
80,ROPA,Ropa,2023-09-01,2023,9,506.42,251.61,254.81,0.5031594328817977,False,False,Ninguno
80,ROPA,Ropa,2023-10-01,2023,10,505.28,252.21,253.06999999999996,0.5008510132995566,False,False,Ninguno
80,ROPA,Ropa,2023-11-01,2023,11,504.88,252.09,252.79,0.5006932340358105,False,False,Ninguno
80,ROPA,Ropa,2023-12-01,2023,12,504.94,252.3,252.64,0.5003366736641977,False,False,Ninguno
80,ROPA,Ropa,2024-01-01,2024,1,506.19,252.29,253.9,0.501590311938205,False,False,Ninguno
80,ROPA,Ropa,2024-02-01,2024,2,587.9,261.11,326.78999999999996,0.555859840108862,True,True,Febrero
80,ROPA,Ropa,2024-03-01,2024,3,589.33,260.96,328.37000000000006,0.5571920655659818,False,False,Ninguno
80,ROPA,Ropa,2024-04-01,2024,4,589.47,260.97,328.5,0.5572802687159651,False,False,Ninguno
80,ROPA,Ropa,2024-05-01,2024,5,589.97,260.46,329.51000000000005,0.5585199247419361,False,False,Ninguno
80,ROPA,Ropa,2024-06-01,2024,6,587.86,261.18,326.68,0.5557105433266424,False,False,Ninguno
80,ROPA,Ropa,2024-07-01,2024,7,625.7,269.72,355.98,0.5689307975067924,True,True,Julio
80,ROPA,Ropa,2024-08-01,2024,8,625.25,269.94,355.31,0.5682686925229908,False,False,Ninguno
80,ROPA,Ropa,2024-09-01,2024,9,625.99,270.47,355.52,0.5679323950861834,False,False,Ninguno
80,ROPA,Ropa,2024-10-01,2024,10,625.56,269.76,355.79999999999995,0.5687703817379628,False,False,Ninguno
80,ROPA,Ropa,2024-11-01,2024,11,623.94,270.68,353.26000000000005,0.5661762348943808,False,False,Ninguno
80,ROPA,Ropa,2024-12-01,2024,12,625.98,270.55,355.43,0.5677976932170357,False,False,Ninguno
80,ROPA,Ropa,2025-01-01,2025,1,624.4,270.47,353.92999999999995,0.5668321588725176,False,False,Ninguno
80,ROPA,Ropa,2025-02-01,2025,2,640.44,275.09,365.3500000000001,0.5704671788145651,True,True,Febrero
80,ROPA,Ropa,2025-03-01,2025,3,641.19,275.16,366.03000000000003,0.5708604313853928,False,False,Ninguno
80,ROPA,Ropa,2025-04-01,2025,4,641.49,275.73,365.76,0.5701725669924707,False,False,Ninguno
80,ROPA,Ropa,2025-05-01,2025,5,638.56,275.89,362.66999999999996,0.5679497619644199,False,False,Ninguno
80,ROPA,Ropa,2025-06-01,2025,6,641.11,275.45,365.66,0.5703545413423594,False,False,Ninguno
80,ROPA,Ropa,2025-07-01,2025,7,655.69,276.1,379.59000000000003,0.5789168662020162,False,True,Julio
80,ROPA,Ropa,2025-08-01,2025,8,656.26,275.04,381.21999999999997,0.5808978148904397,False,False,Ninguno
80,ROPA,Ropa,2025-09-01,2025,9,653.35,275.14,378.21000000000004,0.5788780898446468,False,False,Ninguno
80,ROPA,Ropa,2025-10-01,2025,10,656.2,275.83,380.37000000000006,0.579655592807071,False,False,Ninguno
80,ROPA,Ropa,2025-11-01,2025,11,653.93,275.62,378.30999999999995,0.5785175783340725,False,False,Esporádico
81,ROPA,Ropa,2018-07-01,2018,7,75.2,47.31,27.89,0.37087765957446805,False,False,Ninguno
81,ROPA,Ropa,2018-08-01,2018,8,75.5,47.37,28.130000000000003,0.37258278145695367,False,False,Ninguno
81,ROPA,Ropa,2018-09-01,2018,9,75.18,47.31,27.870000000000005,0.3707102952913009,False,False,Ninguno
81,ROPA,Ropa,2018-10-01,2018,10,75.43,47.41,28.02000000000001,0.37147023730611173,False,False,Ninguno
81,ROPA,Ropa,2018-11-01,2018,11,75.17,47.43,27.740000000000002,0.369030198217374,False,False,Ninguno
81,ROPA,Ropa,2018-12-01,2018,12,75.34,47.28,28.060000000000002,0.3724449163790815,False,False,Ninguno
81,ROPA,Ropa,2019-01-01,2019,1,75.31,47.37,27.940000000000005,0.37099986721550926,False,False,Ninguno
81,ROPA,Ropa,2019-02-01,2019,2,78.94,48.8,30.14,0.3818089688370915,True,True,Febrero
81,ROPA,Ropa,2019-03-01,2019,3,78.95,48.81,30.14,0.381760607979734,False,False,Ninguno
81,ROPA,Ropa,2019-04-01,2019,4,78.88,48.74,30.139999999999993,0.3820993914807302,False,False,Ninguno
81,ROPA,Ropa,2019-05-01,2019,5,78.75,48.75,30.0,0.38095238095238093,False,False,Esporádico
81,ROPA,Ropa,2019-06-01,2019,6,82.31,48.84,33.47,0.4066334588749848,False,True,Esporádico
81,ROPA,Ropa,2019-07-01,2019,7,82.3,49.67,32.629999999999995,0.39647630619684077,True,True,Julio
81,ROPA,Ropa,2019-08-01,2019,8,82.26,49.79,32.470000000000006,0.3947240457087285,False,False,Ninguno
81,ROPA,Ropa,2019-09-01,2019,9,82.32,49.76,32.559999999999995,0.3955296404275996,False,False,Ninguno
81,ROPA,Ropa,2019-10-01,2019,10,82.28,49.67,32.61,0.39632960622265434,False,False,Ninguno
81,ROPA,Ropa,2019-11-01,2019,11,82.42,49.79,32.63,0.3958990536277603,False,False,Ninguno
81,ROPA,Ropa,2019-12-01,2019,12,82.2,49.67,32.53,0.3957420924574209,False,False,Ninguno
81,ROPA,Ropa,2020-01-01,2020,1,82.52,49.77,32.74999999999999,0.3968734852157052,False,False,Ninguno
81,ROPA,Ropa,2020-02-01,2020,2,80.44,50.7,29.739999999999995,0.36971655892590743,True,True,Febrero
81,ROPA,Ropa,2020-03-01,2020,3,80.62,50.8,29.820000000000007,0.3698834036219301,False,False,Ninguno
81,ROPA,Ropa,2020-04-01,2020,4,80.57,53.55,27.019999999999996,0.3353605560382276,True,False,Esporádico
81,ROPA,Ropa,2020-05-01,2020,5,80.9,53.41,27.49000000000001,0.33980222496909773,False,False,Ninguno
81,ROPA,Ropa,2020-06-01,2020,6,80.83,53.52,27.309999999999995,0.3378696028702214,False,False,Ninguno
81,ROPA,Ropa,2020-07-01,2020,7,77.86,53.45,24.409999999999997,0.3135114307731826,False,True,Julio
81,ROPA,Ropa,2020-08-01,2020,8,77.78,53.39,24.39,0.3135767549498586,False,False,Ninguno
81,ROPA,Ropa,2020-09-01,2020,9,77.52,53.46,24.059999999999995,0.31037151702786375,False,False,Ninguno
81,ROPA,Ropa,2020-10-01,2020,10,77.65,53.42,24.230000000000004,0.31204121056020606,False,False,Ninguno
81,ROPA,Ropa,2020-11-01,2020,11,77.81,53.4,24.410000000000004,0.313712890373988,False,False,Ninguno
81,ROPA,Ropa,2020-12-01,2020,12,77.64,53.42,24.22,0.3119526017516744,False,False,Esporádico
81,ROPA,Ropa,2021-01-01,2021,1,77.73,53.56,24.17,0.3109481538659462,False,False,Ninguno
81,ROPA,Ropa,2021-02-01,2021,2,89.09,54.52,34.57,0.3880345717813447,True,True,Febrero
81,ROPA,Ropa,2021-03-01,2021,3,89.02,54.65,34.37,0.38609301280611097,False,False,Ninguno
81,ROPA,Ropa,2021-04-01,2021,4,89.37,54.68,34.690000000000005,0.38816157547275376,False,False,Ninguno
81,ROPA,Ropa,2021-05-01,2021,5,88.99,54.72,34.269999999999996,0.3850994493763344,False,False,Ninguno
81,ROPA,Ropa,2021-06-01,2021,6,89.36,54.56,34.8,0.3894359892569382,False,False,Ninguno
81,ROPA,Ropa,2021-07-01,2021,7,89.0,55.85,33.15,0.3724719101123595,True,False,Julio
81,ROPA,Ropa,2021-08-01,2021,8,89.32,55.75,33.56999999999999,0.3758396775638154,False,False,Ninguno
81,ROPA,Ropa,2021-09-01,2021,9,88.88,55.73,33.15,0.372974797479748,False,False,Ninguno
81,ROPA,Ropa,2021-10-01,2021,10,89.17,55.76,33.410000000000004,0.37467758214646185,False,False,Ninguno
81,ROPA,Ropa,2021-11-01,2021,11,89.1,55.72,33.379999999999995,0.37463524130190795,False,False,Ninguno
81,ROPA,Ropa,2021-12-01,2021,12,89.3,55.84,33.459999999999994,0.3746920492721164,False,False,Ninguno
81,ROPA,Ropa,2022-01-01,2022,1,89.28,55.75,33.53,0.3755600358422939,False,False,Ninguno
81,ROPA,Ropa,2022-02-01,2022,2,97.55,54.74,42.809999999999995,0.43885187083546895,True,True,Febrero
81,ROPA,Ropa,2022-03-01,2022,3,97.61,54.8,42.81,0.43858211248847456,False,False,Ninguno
81,ROPA,Ropa,2022-04-01,2022,4,97.69,54.68,43.01,0.440270242604156,False,False,Ninguno
81,ROPA,Ropa,2022-05-01,2022,5,97.62,54.78,42.84,0.4388444990780578,False,False,Ninguno
81,ROPA,Ropa,2022-06-01,2022,6,97.49,54.68,42.809999999999995,0.4391219612267925,False,False,Ninguno
81,ROPA,Ropa,2022-07-01,2022,7,97.76,55.98,41.78000000000001,0.4273731587561375,True,True,Julio
81,ROPA,Ropa,2022-08-01,2022,8,97.93,56.15,41.78000000000001,0.42663126723169614,False,False,Ninguno
81,ROPA,Ropa,2022-09-01,2022,9,97.51,56.17,41.34,0.42395651728027894,False,False,Ninguno
81,ROPA,Ropa,2022-10-01,2022,10,97.71,56.19,41.519999999999996,0.42493091802272026,False,False,Ninguno
81,ROPA,Ropa,2022-11-01,2022,11,97.65,56.19,41.46000000000001,0.4245775729646698,False,False,Ninguno
81,ROPA,Ropa,2022-12-01,2022,12,97.71,56.08,41.629999999999995,0.42605669839320437,False,False,Ninguno
81,ROPA,Ropa,2023-01-01,2023,1,98.0,56.05,41.95,0.42806122448979594,False,False,Ninguno
81,ROPA,Ropa,2023-02-01,2023,2,114.03,62.51,51.52,0.4518109269490485,True,True,Febrero
81,ROPA,Ropa,2023-03-01,2023,3,118.17,63.78,54.39,0.46026910383346026,True,True,Esporádico
81,ROPA,Ropa,2023-04-01,2023,4,118.55,63.74,54.809999999999995,0.4623365668494306,False,False,Ninguno
81,ROPA,Ropa,2023-05-01,2023,5,118.09,63.65,54.440000000000005,0.46100431873994413,False,False,Ninguno
81,ROPA,Ropa,2023-06-01,2023,6,118.44,63.64,54.8,0.4626815265113137,False,False,Ninguno
81,ROPA,Ropa,2023-07-01,2023,7,115.17,63.62,51.550000000000004,0.4475992011808631,False,True,Julio
81,ROPA,Ropa,2023-08-01,2023,8,115.25,63.74,51.51,0.446941431670282,False,False,Ninguno
81,ROPA,Ropa,2023-09-01,2023,9,115.63,63.62,52.01,0.4497967655452737,False,False,Ninguno
81,ROPA,Ropa,2023-10-01,2023,10,115.16,63.85,51.309999999999995,0.4455540118096561,False,False,Ninguno
81,ROPA,Ropa,2023-11-01,2023,11,121.23,63.75,57.480000000000004,0.4741400643405098,False,True,Esporádico
81,ROPA,Ropa,2023-12-01,2023,12,121.41,63.67,57.739999999999995,0.475578617906268,False,False,Ninguno
81,ROPA,Ropa,2024-01-01,2024,1,121.27,63.71,57.559999999999995,0.47464335779665207,False,False,Ninguno
81,ROPA,Ropa,2024-02-01,2024,2,127.43,72.06,55.370000000000005,0.434513065997018,True,True,Febrero
81,ROPA,Ropa,2024-03-01,2024,3,127.52,72.02,55.5,0.43522584692597244,False,False,Ninguno
81,ROPA,Ropa,2024-04-01,2024,4,127.88,72.02,55.86,0.43681576477948075,False,False,Ninguno
81,ROPA,Ropa,2024-05-01,2024,5,127.55,72.09,55.459999999999994,0.4348098784790278,False,False,Ninguno
81,ROPA,Ropa,2024-06-01,2024,6,128.0,72.07,55.93000000000001,0.43695312500000005,False,False,Ninguno
81,ROPA,Ropa,2024-07-01,2024,7,135.72,73.73,61.989999999999995,0.4567491895078102,True,True,Julio
81,ROPA,Ropa,2024-08-01,2024,8,134.43,75.62,58.81,0.43747675370081085,True,True,Esporádico
81,ROPA,Ropa,2024-09-01,2024,9,134.08,75.52,58.56000000000002,0.4367541766109786,False,False,Ninguno
81,ROPA,Ropa,2024-10-01,2024,10,134.02,75.79,58.230000000000004,0.43448738994179975,False,False,Ninguno
81,ROPA,Ropa,2024-11-01,2024,11,134.17,75.64,58.52999999999999,0.43623760900350295,False,False,Ninguno
81,ROPA,Ropa,2024-12-01,2024,12,133.84,75.65,58.19,0.4347728631201434,False,False,Ninguno
81,ROPA,Ropa,2025-01-01,2025,1,134.19,75.51,58.67999999999999,0.437290409121395,False,False,Ninguno
81,ROPA,Ropa,2025-02-01,2025,2,134.0,78.21,55.790000000000006,0.4163432835820896,True,False,Febrero
81,ROPA,Ropa,2025-03-01,2025,3,133.92,78.39,55.52999999999999,0.41465053763440857,False,False,Ninguno
81,ROPA,Ropa,2025-04-01,2025,4,133.74,78.42,55.32000000000001,0.41363840287124276,False,False,Ninguno
81,ROPA,Ropa,2025-05-01,2025,5,134.15,78.43,55.72,0.41535594483786803,False,False,Ninguno
81,ROPA,Ropa,2025-06-01,2025,6,134.0,78.35,55.650000000000006,0.4152985074626866,False,False,Ninguno
81,ROPA,Ropa,2025-07-01,2025,7,134.02,80.54,53.480000000000004,0.3990449186688554,True,False,Julio
81,ROPA,Ropa,2025-08-01,2025,8,134.31,80.8,53.510000000000005,0.3984066711339439,False,False,Ninguno
81,ROPA,Ropa,2025-09-01,2025,9,134.16,80.69,53.47,0.39855396541443056,False,False,Ninguno
81,ROPA,Ropa,2025-10-01,2025,10,134.38,80.56,53.81999999999999,0.40050602768269083,False,False,Ninguno
81,ROPA,Ropa,2025-11-01,2025,11,134.23,80.78,53.44999999999999,0.3981971243388214,False,False,Ninguno
82,ALIM,Alimentos,2018-07-01,2018,7,16.44,12.47,3.9700000000000006,0.24148418491484186,False,False,Ninguno
82,ALIM,Alimentos,2018-08-01,2018,8,16.44,12.45,3.990000000000002,0.2427007299270074,False,False,Ninguno
82,ALIM,Alimentos,2018-09-01,2018,9,16.42,12.46,3.960000000000001,0.24116930572472597,False,False,Ninguno
82,ALIM,Alimentos,2018-10-01,2018,10,16.42,12.45,3.9700000000000024,0.24177831912302084,False,False,Ninguno
82,ALIM,Alimentos,2018-11-01,2018,11,16.97,12.45,4.52,0.26635238656452564,False,True,Esporádico
82,ALIM,Alimentos,2018-12-01,2018,12,17.82,12.46,5.359999999999999,0.3007856341189674,False,True,Esporádico
82,ALIM,Alimentos,2019-01-01,2019,1,17.91,12.45,5.460000000000001,0.3048576214405361,False,False,Ninguno
82,ALIM,Alimentos,2019-02-01,2019,2,20.6,13.07,7.530000000000001,0.3655339805825243,True,True,Febrero
82,ALIM,Alimentos,2019-03-01,2019,3,20.48,13.08,7.4,0.361328125,False,False,Ninguno
82,ALIM,Alimentos,2019-04-01,2019,4,20.52,13.09,7.43,0.3620857699805068,False,False,Ninguno
82,ALIM,Alimentos,2019-05-01,2019,5,20.58,13.09,7.489999999999998,0.3639455782312925,False,False,Ninguno
82,ALIM,Alimentos,2019-06-01,2019,6,20.53,13.11,7.420000000000002,0.36142230881636633,False,False,Ninguno
82,ALIM,Alimentos,2019-07-01,2019,7,19.86,13.37,6.49,0.32678751258811684,True,True,Julio
82,ALIM,Alimentos,2019-08-01,2019,8,19.92,13.37,6.5500000000000025,0.3288152610441768,False,False,Ninguno
82,ALIM,Alimentos,2019-09-01,2019,9,19.92,13.34,6.580000000000002,0.3303212851405623,False,False,Esporádico
82,ALIM,Alimentos,2019-10-01,2019,10,19.9,13.34,6.559999999999999,0.3296482412060301,False,False,Ninguno
82,ALIM,Alimentos,2019-11-01,2019,11,19.91,13.38,6.529999999999999,0.32797589151180306,False,False,Esporádico
82,ALIM,Alimentos,2019-12-01,2019,12,19.94,13.34,6.600000000000001,0.33099297893681046,False,False,Ninguno
82,ALIM,Alimentos,2020-01-01,2020,1,19.94,13.34,6.600000000000001,0.33099297893681046,False,False,Ninguno
82,ALIM,Alimentos,2020-02-01,2020,2,20.77,13.98,6.789999999999999,0.32691381800674046,True,True,Febrero
82,ALIM,Alimentos,2020-03-01,2020,3,20.72,13.93,6.789999999999999,0.3277027027027027,False,False,Ninguno
82,ALIM,Alimentos,2020-04-01,2020,4,20.68,13.98,6.699999999999999,0.32398452611218564,False,False,Ninguno
82,ALIM,Alimentos,2020-05-01,2020,5,20.77,13.96,6.809999999999999,0.32787674530572936,False,False,Ninguno
82,ALIM,Alimentos,2020-06-01,2020,6,20.78,13.96,6.82,0.32820019249278154,False,False,Ninguno
82,ALIM,Alimentos,2020-07-01,2020,7,20.76,14.77,5.990000000000002,0.28853564547206173,True,False,Julio
82,ALIM,Alimentos,2020-08-01,2020,8,20.74,14.75,5.989999999999998,0.28881388621022175,False,False,Ninguno
82,ALIM,Alimentos,2020-09-01,2020,9,20.79,14.76,6.029999999999999,0.29004329004329005,False,False,Ninguno
82,ALIM,Alimentos,2020-10-01,2020,10,20.72,14.74,5.979999999999999,0.2886100386100386,False,False,Ninguno
82,ALIM,Alimentos,2020-11-01,2020,11,20.75,14.78,5.970000000000001,0.287710843373494,False,False,Ninguno
82,ALIM,Alimentos,2020-12-01,2020,12,20.76,14.73,6.030000000000001,0.2904624277456648,False,False,Ninguno
82,ALIM,Alimentos,2021-01-01,2021,1,20.78,14.78,6.000000000000002,0.2887391722810395,False,False,Ninguno
82,ALIM,Alimentos,2021-02-01,2021,2,23.68,15.34,8.34,0.35219594594594594,True,True,Febrero
82,ALIM,Alimentos,2021-03-01,2021,3,23.56,15.32,8.239999999999998,0.3497453310696095,False,False,Ninguno
82,ALIM,Alimentos,2021-04-01,2021,4,23.59,15.33,8.26,0.35014836795252224,False,False,Ninguno
82,ALIM,Alimentos,2021-05-01,2021,5,23.69,15.35,8.340000000000002,0.35204727733220775,False,False,Ninguno
82,ALIM,Alimentos,2021-06-01,2021,6,23.68,15.35,8.33,0.35177364864864863,False,False,Esporádico
82,ALIM,Alimentos,2021-07-01,2021,7,23.65,15.75,7.899999999999999,0.3340380549682875,True,False,Julio
82,ALIM,Alimentos,2021-08-01,2021,8,24.82,16.13,8.690000000000001,0.35012087026591465,True,True,Esporádico
82,ALIM,Alimentos,2021-09-01,2021,9,24.77,16.18,8.59,0.3467904723455793,False,False,Ninguno
82,ALIM,Alimentos,2021-10-01,2021,10,24.81,16.16,8.649999999999999,0.34864973800886734,False,False,Ninguno
82,ALIM,Alimentos,2021-11-01,2021,11,24.78,16.16,8.620000000000001,0.34786117836965297,False,False,Ninguno
82,ALIM,Alimentos,2021-12-01,2021,12,26.31,16.14,10.169999999999998,0.38654503990877986,False,True,Esporádico
82,ALIM,Alimentos,2022-01-01,2022,1,26.41,16.17,10.239999999999998,0.3877319197273759,False,False,Ninguno
82,ALIM,Alimentos,2022-02-01,2022,2,29.87,16.12,13.75,0.46032808838299294,False,True,Febrero
82,ALIM,Alimentos,2022-03-01,2022,3,29.89,16.17,13.719999999999999,0.4590163934426229,False,False,Ninguno
82,ALIM,Alimentos,2022-04-01,2022,4,30.01,16.17,13.84,0.46117960679773407,False,False,Ninguno
82,ALIM,Alimentos,2022-05-01,2022,5,30.02,16.55,13.469999999999999,0.4487008660892738,True,False,Esporádico
82,ALIM,Alimentos,2022-06-01,2022,6,29.94,16.54,13.400000000000002,0.44756179024716103,False,False,Ninguno
82,ALIM,Alimentos,2022-07-01,2022,7,30.92,16.52,14.400000000000002,0.4657179818887452,False,True,Julio
82,ALIM,Alimentos,2022-08-01,2022,8,30.94,16.57,14.370000000000001,0.4644473173884939,False,False,Esporádico
82,ALIM,Alimentos,2022-09-01,2022,9,30.89,16.55,14.34,0.4642279054710262,False,False,Ninguno
82,ALIM,Alimentos,2022-10-01,2022,10,30.88,16.52,14.36,0.4650259067357513,False,False,Ninguno
82,ALIM,Alimentos,2022-11-01,2022,11,30.92,16.55,14.370000000000001,0.4647477360931436,False,False,Ninguno
82,ALIM,Alimentos,2022-12-01,2022,12,30.93,16.57,14.36,0.46427416747494343,False,False,Ninguno
82,ALIM,Alimentos,2023-01-01,2023,1,30.91,16.57,14.34,0.4639275315431899,False,False,Ninguno
82,ALIM,Alimentos,2023-02-01,2023,2,33.25,16.87,16.38,0.49263157894736836,True,True,Febrero
82,ALIM,Alimentos,2023-03-01,2023,3,33.31,16.89,16.42,0.49294506154308015,False,False,Ninguno
82,ALIM,Alimentos,2023-04-01,2023,4,33.38,16.87,16.51,0.4946075494307969,False,False,Ninguno
82,ALIM,Alimentos,2023-05-01,2023,5,33.41,16.9,16.509999999999998,0.4941634241245136,False,False,Ninguno
82,ALIM,Alimentos,2023-06-01,2023,6,33.32,16.87,16.45,0.4936974789915966,False,False,Ninguno
82,ALIM,Alimentos,2023-07-01,2023,7,32.76,17.24,15.52,0.4737484737484738,True,True,Julio
82,ALIM,Alimentos,2023-08-01,2023,8,32.72,17.19,15.529999999999998,0.4746332518337408,False,False,Ninguno
82,ALIM,Alimentos,2023-09-01,2023,9,32.76,17.21,15.549999999999997,0.4746642246642246,False,False,Ninguno
82,ALIM,Alimentos,2023-10-01,2023,10,32.84,17.18,15.660000000000004,0.4768574908647991,False,False,Ninguno
82,ALIM,Alimentos,2023-11-01,2023,11,32.66,17.2,15.459999999999997,0.47336191059399874,False,False,Ninguno
82,ALIM,Alimentos,2023-12-01,2023,12,32.47,17.22,15.25,0.46966430551278104,False,True,Esporádico
82,ALIM,Alimentos,2024-01-01,2024,1,32.52,17.18,15.340000000000003,0.471709717097171,False,False,Ninguno
82,ALIM,Alimentos,2024-02-01,2024,2,32.52,17.66,14.860000000000003,0.456949569495695,True,False,Febrero
82,ALIM,Alimentos,2024-03-01,2024,3,32.54,17.65,14.89,0.4575906576521205,False,False,Ninguno
82,ALIM,Alimentos,2024-04-01,2024,4,32.45,17.65,14.800000000000004,0.45608628659476125,False,False,Ninguno
82,ALIM,Alimentos,2024-05-01,2024,5,32.49,17.68,14.810000000000002,0.4558325638658049,False,False,Ninguno
82,ALIM,Alimentos,2024-06-01,2024,6,32.53,17.65,14.880000000000003,0.45742391638487556,False,False,Ninguno
82,ALIM,Alimentos,2024-07-01,2024,7,32.61,19.15,13.46,0.41275682306041095,True,False,Julio
82,ALIM,Alimentos,2024-08-01,2024,8,32.59,19.16,13.430000000000003,0.4120895980362075,False,False,Ninguno
82,ALIM,Alimentos,2024-09-01,2024,9,32.51,19.13,13.379999999999999,0.411565672100892,False,False,Ninguno
82,ALIM,Alimentos,2024-10-01,2024,10,32.58,19.1,13.479999999999997,0.4137507673419275,False,False,Ninguno
82,ALIM,Alimentos,2024-11-01,2024,11,32.53,19.16,13.370000000000001,0.41100522594528127,False,False,Ninguno
82,ALIM,Alimentos,2024-12-01,2024,12,32.54,19.14,13.399999999999999,0.41180086047940995,False,False,Ninguno
82,ALIM,Alimentos,2025-01-01,2025,1,32.52,19.12,13.400000000000002,0.41205412054120544,False,False,Ninguno
82,ALIM,Alimentos,2025-02-01,2025,2,36.19,19.75,16.439999999999998,0.4542691351201989,True,True,Febrero
82,ALIM,Alimentos,2025-03-01,2025,3,36.08,19.7,16.38,0.4539911308203991,True,False,Esporádico
82,ALIM,Alimentos,2025-04-01,2025,4,36.16,19.66,16.499999999999996,0.4563053097345132,False,False,Ninguno
82,ALIM,Alimentos,2025-05-01,2025,5,36.01,19.66,16.349999999999998,0.45404054429325186,False,False,Ninguno
82,ALIM,Alimentos,2025-06-01,2025,6,36.16,19.66,16.499999999999996,0.4563053097345132,False,False,Ninguno
82,ALIM,Alimentos,2025-07-01,2025,7,38.26,20.08,18.18,0.47516989022477785,True,True,Julio
82,ALIM,Alimentos,2025-08-01,2025,8,38.1,20.06,18.040000000000003,0.47349081364829404,False,False,Ninguno
82,ALIM,Alimentos,2025-09-01,2025,9,38.16,20.05,18.109999999999996,0.4745807127882599,False,False,Ninguno
82,ALIM,Alimentos,2025-10-01,2025,10,38.06,20.08,17.980000000000004,0.4724119810825014,False,False,Ninguno
82,ALIM,Alimentos,2025-11-01,2025,11,38.71,20.09,18.62,0.4810126582278481,False,True,Esporádico
83,BELLE,Belleza,2018-07-01,2018,7,136.74,85.39,51.35000000000001,0.37553020330554343,False,False,Ninguno
83,BELLE,Belleza,2018-08-01,2018,8,136.99,85.27,51.72000000000001,0.377545806263231,False,False,Ninguno
83,BELLE,Belleza,2018-09-01,2018,9,136.35,85.32,51.03,0.37425742574257426,False,False,Ninguno
83,BELLE,Belleza,2018-10-01,2018,10,136.75,85.22,51.53,0.37681901279707497,False,False,Ninguno
83,BELLE,Belleza,2018-11-01,2018,11,136.33,85.44,50.890000000000015,0.37328541040123236,False,False,Ninguno
83,BELLE,Belleza,2018-12-01,2018,12,136.91,85.15,51.75999999999999,0.3780585786282959,False,False,Ninguno
83,BELLE,Belleza,2019-01-01,2019,1,136.41,85.44,50.97,0.37365295799428194,False,False,Ninguno
83,BELLE,Belleza,2019-02-01,2019,2,138.38,87.13,51.25,0.3703569880040468,True,True,Febrero
83,BELLE,Belleza,2019-03-01,2019,3,138.47,86.84,51.629999999999995,0.3728605474109915,False,False,Ninguno
83,BELLE,Belleza,2019-04-01,2019,4,138.39,86.93,51.45999999999998,0.371847676855264,False,False,Ninguno
83,BELLE,Belleza,2019-05-01,2019,5,138.92,86.85,52.06999999999999,0.3748200403109703,False,False,Esporádico
83,BELLE,Belleza,2019-06-01,2019,6,139.05,86.88,52.170000000000016,0.3751887810140238,False,False,Ninguno
83,BELLE,Belleza,2019-07-01,2019,7,138.0,88.65,49.349999999999994,0.35760869565217385,True,True,Julio
83,BELLE,Belleza,2019-08-01,2019,8,138.16,88.76,49.39999999999999,0.3575564562825709,False,False,Ninguno
83,BELLE,Belleza,2019-09-01,2019,9,138.08,88.83,49.250000000000014,0.3566772885283894,False,False,Ninguno
83,BELLE,Belleza,2019-10-01,2019,10,138.26,88.72,49.53999999999999,0.35831042962534354,False,False,Ninguno
83,BELLE,Belleza,2019-11-01,2019,11,138.34,88.78,49.56,0.35824779528697415,False,False,Ninguno
83,BELLE,Belleza,2019-12-01,2019,12,137.56,88.85,48.71000000000001,0.35410002907822047,False,False,Ninguno
83,BELLE,Belleza,2020-01-01,2020,1,137.99,88.68,49.31,0.3573447351257337,False,False,Ninguno
83,BELLE,Belleza,2020-02-01,2020,2,152.11,88.76,63.35000000000001,0.4164749194661758,False,True,Febrero
83,BELLE,Belleza,2020-03-01,2020,3,151.56,88.66,62.900000000000006,0.4150171549221431,False,False,Ninguno
83,BELLE,Belleza,2020-04-01,2020,4,151.92,88.58,63.33999999999999,0.4169299631384939,False,False,Ninguno
83,BELLE,Belleza,2020-05-01,2020,5,151.69,88.81,62.879999999999995,0.41452963280374444,False,False,Ninguno
83,BELLE,Belleza,2020-06-01,2020,6,151.44,88.78,62.66,0.41376122556788164,False,False,Ninguno
83,BELLE,Belleza,2020-07-01,2020,7,154.21,90.58,63.63000000000001,0.41261915569677715,True,True,Julio
83,BELLE,Belleza,2020-08-01,2020,8,153.6,90.64,62.959999999999994,0.4098958333333333,False,False,Ninguno
83,BELLE,Belleza,2020-09-01,2020,9,154.12,90.51,63.61,0.41273033999480924,False,False,Ninguno
83,BELLE,Belleza,2020-10-01,2020,10,154.17,90.61,63.55999999999999,0.41227216708827913,False,False,Ninguno
83,BELLE,Belleza,2020-11-01,2020,11,154.38,90.4,63.97999999999999,0.41443192123332034,False,True,Esporádico
83,BELLE,Belleza,2020-12-01,2020,12,154.13,90.6,63.53,0.4121845195614092,False,False,Ninguno
83,BELLE,Belleza,2021-01-01,2021,1,154.49,90.37,64.12,0.41504304485727234,False,False,Ninguno
83,BELLE,Belleza,2021-02-01,2021,2,150.93,92.26,58.67,0.3887232491883655,True,True,Febrero
83,BELLE,Belleza,2021-03-01,2021,3,150.42,92.27,58.14999999999999,0.38658423082036963,False,False,Ninguno
83,BELLE,Belleza,2021-04-01,2021,4,150.66,92.18,58.47999999999999,0.38815876808708344,False,False,Ninguno
83,BELLE,Belleza,2021-05-01,2021,5,150.49,92.38,58.110000000000014,0.3861386138613862,False,False,Ninguno
83,BELLE,Belleza,2021-06-01,2021,6,150.51,92.35,58.16,0.386419507009501,False,False,Ninguno
83,BELLE,Belleza,2021-07-01,2021,7,151.01,94.01,56.999999999999986,0.37745844646049925,True,False,Julio
83,BELLE,Belleza,2021-08-01,2021,8,151.15,94.16,56.99000000000001,0.3770426728415482,False,False,Ninguno
83,BELLE,Belleza,2021-09-01,2021,9,150.53,94.02,56.510000000000005,0.37540689563542157,False,False,Ninguno
83,BELLE,Belleza,2021-10-01,2021,10,151.09,94.1,56.99000000000001,0.3771924018796744,False,False,Ninguno
83,BELLE,Belleza,2021-11-01,2021,11,150.77,94.1,56.670000000000016,0.37587053127279973,False,False,Ninguno
83,BELLE,Belleza,2021-12-01,2021,12,150.47,94.1,56.370000000000005,0.3746261713298332,False,False,Ninguno
83,BELLE,Belleza,2022-01-01,2022,1,150.89,94.34,56.54999999999998,0.3747763271257206,False,False,Ninguno
83,BELLE,Belleza,2022-02-01,2022,2,164.49,105.93,58.56,0.35600948385920117,True,True,Febrero
83,BELLE,Belleza,2022-03-01,2022,3,164.55,105.99,58.56000000000002,0.35587967183226993,False,False,Ninguno
83,BELLE,Belleza,2022-04-01,2022,4,169.3,105.98,63.32000000000001,0.37401063201417606,False,True,Esporádico
83,BELLE,Belleza,2022-05-01,2022,5,169.19,106.01,63.17999999999999,0.3734263254329452,False,False,Ninguno
83,BELLE,Belleza,2022-06-01,2022,6,168.86,105.78,63.08000000000001,0.3735638990880019,False,False,Ninguno
83,BELLE,Belleza,2022-07-01,2022,7,185.74,107.94,77.80000000000001,0.41886508021966196,True,True,Julio
83,BELLE,Belleza,2022-08-01,2022,8,186.6,108.04,78.55999999999999,0.42100750267952836,False,False,Ninguno
83,BELLE,Belleza,2022-09-01,2022,9,185.69,108.07,77.62,0.4180085088049976,False,False,Ninguno
83,BELLE,Belleza,2022-10-01,2022,10,186.57,108.25,78.32,0.419788819209948,False,False,Ninguno
83,BELLE,Belleza,2022-11-01,2022,11,186.67,107.89,78.77999999999999,0.4220281780682487,False,False,Ninguno
83,BELLE,Belleza,2022-12-01,2022,12,186.06,108.02,78.04,0.4194345909921531,False,False,Ninguno
83,BELLE,Belleza,2023-01-01,2023,1,186.57,108.03,78.53999999999999,0.4209680012863804,False,False,Ninguno
83,BELLE,Belleza,2023-02-01,2023,2,203.98,107.86,96.11999999999999,0.47122266888910674,False,True,Febrero
83,BELLE,Belleza,2023-03-01,2023,3,203.72,107.89,95.83,0.47040054977419987,False,False,Ninguno
83,BELLE,Belleza,2023-04-01,2023,4,203.04,108.11,94.92999999999999,0.46754334121355395,False,False,Ninguno
83,BELLE,Belleza,2023-05-01,2023,5,203.76,108.21,95.55,0.46893404004711425,False,True,Esporádico
83,BELLE,Belleza,2023-06-01,2023,6,203.86,108.11,95.75000000000001,0.46968507799470227,False,False,Ninguno
83,BELLE,Belleza,2023-07-01,2023,7,205.74,112.92,92.82000000000001,0.45115193934091574,True,True,Julio
83,BELLE,Belleza,2023-08-01,2023,8,204.94,112.97,91.97,0.44876549233922125,False,False,Ninguno
83,BELLE,Belleza,2023-09-01,2023,9,205.91,120.62,85.28999999999999,0.4142100917876742,True,False,Esporádico
83,BELLE,Belleza,2023-10-01,2023,10,204.88,120.93,83.94999999999999,0.4097520499804763,False,False,Ninguno
83,BELLE,Belleza,2023-11-01,2023,11,205.53,120.71,84.82000000000001,0.41268914513696303,False,False,Ninguno
83,BELLE,Belleza,2023-12-01,2023,12,204.98,120.97,84.00999999999999,0.40984486291345495,False,False,Ninguno
83,BELLE,Belleza,2024-01-01,2024,1,205.06,120.72,84.34,0.41129425533990055,False,False,Ninguno
83,BELLE,Belleza,2024-02-01,2024,2,199.06,124.5,74.56,0.37456043403998796,True,True,Febrero
83,BELLE,Belleza,2024-03-01,2024,3,198.59,127.32,71.27000000000001,0.3588801047384058,True,False,Esporádico
83,BELLE,Belleza,2024-04-01,2024,4,199.05,127.59,71.46000000000001,0.35900527505651847,False,False,Ninguno
83,BELLE,Belleza,2024-05-01,2024,5,199.57,127.29,72.27999999999999,0.36217868417096755,False,True,Esporádico
83,BELLE,Belleza,2024-06-01,2024,6,199.48,127.41,72.07,0.36128935231602166,False,False,Ninguno
83,BELLE,Belleza,2024-07-01,2024,7,215.3,127.49,87.81000000000002,0.40784951230840694,False,True,Julio
83,BELLE,Belleza,2024-08-01,2024,8,215.65,136.73,78.92000000000002,0.36596336656619527,True,False,Esporádico
83,BELLE,Belleza,2024-09-01,2024,9,214.99,136.84,78.15,0.363505279315317,False,False,Ninguno
83,BELLE,Belleza,2024-10-01,2024,10,215.8,136.46,79.34,0.36765523632993513,False,False,Ninguno
83,BELLE,Belleza,2024-11-01,2024,11,215.85,136.74,79.10999999999999,0.36650451702571224,False,False,Ninguno
83,BELLE,Belleza,2024-12-01,2024,12,215.46,136.35,79.11000000000001,0.3671679197994988,False,False,Ninguno
83,BELLE,Belleza,2025-01-01,2025,1,215.3,136.4,78.9,0.36646539712029724,False,False,Ninguno
83,BELLE,Belleza,2025-02-01,2025,2,203.69,139.4,64.28999999999999,0.31562668761353035,True,True,Febrero
83,BELLE,Belleza,2025-03-01,2025,3,203.64,139.1,64.53999999999999,0.31693184050284817,False,False,Ninguno
83,BELLE,Belleza,2025-04-01,2025,4,204.4,139.14,65.26000000000002,0.31927592954990225,False,False,Ninguno
83,BELLE,Belleza,2025-05-01,2025,5,203.66,139.22,64.44,0.3164097024452519,False,False,Ninguno
83,BELLE,Belleza,2025-06-01,2025,6,204.04,139.51,64.53,0.31626151734953933,False,False,Ninguno
83,BELLE,Belleza,2025-07-01,2025,7,217.52,139.4,78.12,0.359139389481427,False,True,Julio
83,BELLE,Belleza,2025-08-01,2025,8,217.58,139.16,78.42000000000002,0.36041915617244236,False,False,Ninguno
83,BELLE,Belleza,2025-09-01,2025,9,217.06,139.51,77.55000000000001,0.35727448631714737,False,False,Ninguno
83,BELLE,Belleza,2025-10-01,2025,10,217.13,139.41,77.72,0.35794224658038964,False,False,Ninguno
83,BELLE,Belleza,2025-11-01,2025,11,216.57,139.08,77.48999999999998,0.3578057902756614,False,False,Ninguno
84,LIBRO,Libros,2018-07-01,2018,7,61.17,43.48,17.690000000000005,0.28919404937060655,False,False,Ninguno
84,LIBRO,Libros,2018-08-01,2018,8,60.9,43.5,17.4,0.2857142857142857,False,False,Ninguno
84,LIBRO,Libros,2018-09-01,2018,9,61.16,43.54,17.619999999999997,0.2880967952910399,False,False,Ninguno
84,LIBRO,Libros,2018-10-01,2018,10,61.24,43.44,17.800000000000004,0.29065969954278253,False,False,Ninguno
84,LIBRO,Libros,2018-11-01,2018,11,61.06,43.45,17.61,0.28840484769079594,False,False,Esporádico
84,LIBRO,Libros,2018-12-01,2018,12,61.11,43.43,17.68,0.28931435117002124,False,False,Ninguno
84,LIBRO,Libros,2019-01-01,2019,1,61.02,43.48,17.540000000000006,0.2874467387741725,False,False,Ninguno
84,LIBRO,Libros,2019-02-01,2019,2,57.79,49.43,8.36,0.14466170617753935,True,True,Febrero
84,LIBRO,Libros,2019-03-01,2019,3,57.79,49.47,8.32,0.14396954490396263,False,False,Ninguno
84,LIBRO,Libros,2019-04-01,2019,4,57.15,48.29,8.86,0.15503062117235344,True,True,Esporádico
84,LIBRO,Libros,2019-05-01,2019,5,57.07,48.19,8.880000000000003,0.15559838794462943,False,False,Ninguno
84,LIBRO,Libros,2019-06-01,2019,6,57.19,48.22,8.969999999999999,0.1568456023780381,False,False,Ninguno
84,LIBRO,Libros,2019-07-01,2019,7,57.16,53.7,3.4599999999999937,0.06053184044786553,True,False,Julio
84,LIBRO,Libros,2019-08-01,2019,8,57.15,48.29,8.86,0.15503062117235344,True,False,Esporádico
84,LIBRO,Libros,2019-09-01,2019,9,57.19,48.29,8.899999999999999,0.15562161216995976,False,False,Ninguno
84,LIBRO,Libros,2019-10-01,2019,10,56.89,48.29,8.600000000000001,0.1511689224819828,False,False,Ninguno
84,LIBRO,Libros,2019-11-01,2019,11,57.1,48.29,8.810000000000002,0.15429071803852892,False,False,Ninguno
84,LIBRO,Libros,2019-12-01,2019,12,57.0,48.29,8.71,0.15280701754385967,False,False,Ninguno
84,LIBRO,Libros,2020-01-01,2020,1,72.18,57.86,14.320000000000007,0.19839290662233314,False,False,Ninguno
84,LIBRO,Libros,2020-02-01,2020,2,68.81,59.05,9.760000000000005,0.14183984885917753,True,True,Febrero
84,LIBRO,Libros,2020-03-01,2020,3,69.12,59.05,10.070000000000007,0.1456886574074075,False,False,Ninguno
84,LIBRO,Libros,2020-04-01,2020,4,71.67,60.16,11.510000000000005,0.1605971815264407,True,True,Esporádico
84,LIBRO,Libros,2020-05-01,2020,5,71.4,60.15,11.250000000000007,0.1575630252100841,False,False,Ninguno
84,LIBRO,Libros,2020-06-01,2020,6,71.44,60.29,11.149999999999999,0.1560750279955207,False,False,Ninguno
84,LIBRO,Libros,2020-07-01,2020,7,72.2,61.81,10.39,0.14390581717451523,True,True,Julio
84,LIBRO,Libros,2020-08-01,2020,8,72.18,61.81,10.370000000000005,0.14366860626212252,False,False,Ninguno
84,LIBRO,Libros,2020-09-01,2020,9,72.4,61.84,10.560000000000002,0.14585635359116025,False,False,Ninguno
84,LIBRO,Libros,2020-10-01,2020,10,72.49,61.71,10.779999999999994,0.14871016691957503,False,False,Ninguno
84,LIBRO,Libros,2020-11-01,2020,11,72.4,61.75,10.650000000000006,0.1470994475138122,False,True,Esporádico
84,LIBRO,Libros,2020-12-01,2020,12,72.33,61.81,10.519999999999996,0.14544449052951744,False,False,Ninguno
84,LIBRO,Libros,2021-01-01,2021,1,72.47,61.73,10.740000000000002,0.14819925486408173,False,False,Ninguno
84,LIBRO,Libros,2021-02-01,2021,2,72.17,61.85,10.32,0.14299570458639324,False,False,Febrero
84,LIBRO,Libros,2021-03-01,2021,3,72.16,63.08,9.079999999999998,0.12583148558758314,True,False,Esporádico
84,LIBRO,Libros,2021-04-01,2021,4,72.22,63.03,9.189999999999998,0.12725006923289944,False,False,Ninguno
84,LIBRO,Libros,2021-05-01,2021,5,72.48,63.06,9.420000000000002,0.12996688741721857,False,False,Ninguno
84,LIBRO,Libros,2021-06-01,2021,6,72.3,63.04,9.259999999999998,0.1280774550484094,False,False,Ninguno
84,LIBRO,Libros,2021-07-01,2021,7,79.06,63.08,15.980000000000004,0.2021249683784468,False,True,Julio
84,LIBRO,Libros,2021-08-01,2021,8,79.08,63.0,16.08,0.20333839150227617,False,False,Ninguno
84,LIBRO,Libros,2021-09-01,2021,9,78.98,63.08,15.900000000000006,0.20131678906052172,False,False,Ninguno
84,LIBRO,Libros,2021-10-01,2021,10,79.21,63.18,16.029999999999994,0.20237343769726038,False,False,Ninguno
84,LIBRO,Libros,2021-11-01,2021,11,79.04,63.12,15.920000000000009,0.2014170040485831,False,False,Ninguno
84,LIBRO,Libros,2021-12-01,2021,12,78.88,63.05,15.829999999999998,0.20068458417849896,False,False,Ninguno
84,LIBRO,Libros,2022-01-01,2022,1,79.16,63.01,16.15,0.20401718039413844,False,False,Ninguno
84,LIBRO,Libros,2022-02-01,2022,2,90.31,65.36,24.950000000000003,0.2762706234082605,True,True,Febrero
84,LIBRO,Libros,2022-03-01,2022,3,90.31,65.49,24.820000000000007,0.27483113719410923,False,False,Ninguno
84,LIBRO,Libros,2022-04-01,2022,4,90.57,65.56,25.00999999999999,0.27614000220823665,False,False,Ninguno
84,LIBRO,Libros,2022-05-01,2022,5,90.1,65.35,24.75,0.2746947835738069,False,False,Ninguno
84,LIBRO,Libros,2022-06-01,2022,6,90.4,65.36,25.040000000000006,0.2769911504424779,False,False,Esporádico
84,LIBRO,Libros,2022-07-01,2022,7,92.05,65.51,26.539999999999992,0.28832156436719164,False,True,Julio
84,LIBRO,Libros,2022-08-01,2022,8,92.25,65.49,26.760000000000005,0.2900813008130082,False,False,Ninguno
84,LIBRO,Libros,2022-09-01,2022,9,92.12,65.47,26.650000000000006,0.28929656969170653,False,False,Ninguno
84,LIBRO,Libros,2022-10-01,2022,10,92.05,65.35,26.700000000000003,0.2900597501357958,False,False,Ninguno
84,LIBRO,Libros,2022-11-01,2022,11,92.08,65.47,26.61,0.28898783666377065,False,False,Ninguno
84,LIBRO,Libros,2022-12-01,2022,12,92.32,65.56,26.75999999999999,0.2898613518197573,False,False,Ninguno
84,LIBRO,Libros,2023-01-01,2023,1,92.03,65.54,26.489999999999995,0.28784092143866125,False,False,Ninguno
84,LIBRO,Libros,2023-02-01,2023,2,92.01,68.93,23.08,0.25084229975002714,True,False,Febrero
84,LIBRO,Libros,2023-03-01,2023,3,92.01,68.88,23.13000000000001,0.2513857189435932,False,False,Ninguno
84,LIBRO,Libros,2023-04-01,2023,4,92.35,68.99,23.36,0.2529507309149973,False,False,Ninguno
84,LIBRO,Libros,2023-05-01,2023,5,92.32,68.95,23.36999999999999,0.2531412478336221,False,False,Ninguno
84,LIBRO,Libros,2023-06-01,2023,6,91.93,68.93,23.0,0.25019036223213315,False,False,Ninguno
84,LIBRO,Libros,2023-07-01,2023,7,97.58,71.51,26.069999999999993,0.2671654027464644,True,True,Julio
84,LIBRO,Libros,2023-08-01,2023,8,97.65,71.63,26.02000000000001,0.26646185355862784,False,False,Ninguno
84,LIBRO,Libros,2023-09-01,2023,9,97.75,71.7,26.049999999999997,0.26649616368286444,False,False,Ninguno
84,LIBRO,Libros,2023-10-01,2023,10,97.98,71.54,26.439999999999998,0.26985098999795876,False,False,Ninguno
84,LIBRO,Libros,2023-11-01,2023,11,97.88,71.58,26.299999999999997,0.26869636289333876,False,False,Ninguno
84,LIBRO,Libros,2023-12-01,2023,12,98.02,71.72,26.299999999999997,0.2683125892674964,False,False,Ninguno
84,LIBRO,Libros,2024-01-01,2024,1,97.82,71.64,26.179999999999993,0.267634430586792,False,False,Ninguno
84,LIBRO,Libros,2024-02-01,2024,2,106.99,72.13,34.86,0.3258248434433125,True,True,Febrero
84,LIBRO,Libros,2024-03-01,2024,3,106.74,72.25,34.489999999999995,0.3231216038973206,False,False,Ninguno
84,LIBRO,Libros,2024-04-01,2024,4,107.25,72.26,34.989999999999995,0.3262470862470862,False,False,Esporádico
84,LIBRO,Libros,2024-05-01,2024,5,107.02,72.15,34.86999999999999,0.3258269482339749,False,False,Ninguno
84,LIBRO,Libros,2024-06-01,2024,6,108.69,72.29,36.39999999999999,0.33489741466556255,False,True,Esporádico
84,LIBRO,Libros,2024-07-01,2024,7,114.48,72.2,42.28,0.3693221523410203,False,True,Julio
84,LIBRO,Libros,2024-08-01,2024,8,114.28,72.23,42.05,0.36795589779488974,False,False,Ninguno
84,LIBRO,Libros,2024-09-01,2024,9,114.1,72.03,42.06999999999999,0.36871165644171777,False,False,Ninguno
84,LIBRO,Libros,2024-10-01,2024,10,114.44,72.04,42.39999999999999,0.37049982523593145,False,False,Ninguno
84,LIBRO,Libros,2024-11-01,2024,11,114.36,72.22,42.14,0.3684854844351172,False,False,Ninguno
84,LIBRO,Libros,2024-12-01,2024,12,114.19,72.19,42.0,0.36780803923285754,False,False,Ninguno
84,LIBRO,Libros,2025-01-01,2025,1,114.07,72.04,42.02999999999999,0.3684579644078197,False,False,Ninguno
84,LIBRO,Libros,2025-02-01,2025,2,111.98,73.65,38.33,0.34229326665475973,True,True,Febrero
84,LIBRO,Libros,2025-03-01,2025,3,111.61,73.58,38.03,0.3407400770540274,False,False,Esporádico
84,LIBRO,Libros,2025-04-01,2025,4,111.73,73.53,38.2,0.3418956412780811,False,False,Ninguno
84,LIBRO,Libros,2025-05-01,2025,5,111.6,73.65,37.94999999999999,0.34005376344086014,False,False,Ninguno
84,LIBRO,Libros,2025-06-01,2025,6,112.03,73.68,38.349999999999994,0.3423190216906185,False,False,Ninguno
84,LIBRO,Libros,2025-07-01,2025,7,119.35,72.29,47.05999999999999,0.3943024717218265,True,True,Julio
84,LIBRO,Libros,2025-08-01,2025,8,118.93,72.15,46.78,0.39334062053308666,False,False,Ninguno
84,LIBRO,Libros,2025-09-01,2025,9,119.08,72.16,46.92,0.39402082633523683,False,False,Ninguno
84,LIBRO,Libros,2025-10-01,2025,10,119.34,72.32,47.02000000000001,0.3940003351768058,False,False,Ninguno
84,LIBRO,Libros,2025-11-01,2025,11,118.86,72.36,46.5,0.39121655729429583,False,False,Ninguno
85,ROPA,Ropa,2018-07-01,2018,7,15.39,9.29,6.100000000000001,0.3963612735542561,False,False,Ninguno
85,ROPA,Ropa,2018-08-01,2018,8,15.36,9.3,6.059999999999999,0.39453124999999994,False,False,Ninguno
85,ROPA,Ropa,2018-09-01,2018,9,15.38,9.3,6.08,0.3953185955786736,False,False,Ninguno
85,ROPA,Ropa,2018-10-01,2018,10,15.37,9.7,5.67,0.36890045543266103,True,True,Esporádico
85,ROPA,Ropa,2018-11-01,2018,11,15.34,9.7,5.640000000000001,0.3676662320730118,False,False,Ninguno
85,ROPA,Ropa,2018-12-01,2018,12,15.36,9.69,5.67,0.369140625,False,False,Ninguno
85,ROPA,Ropa,2019-01-01,2019,1,15.38,9.69,5.690000000000001,0.369960988296489,False,False,Ninguno
85,ROPA,Ropa,2019-02-01,2019,2,17.56,10.15,7.409999999999998,0.4219817767653758,True,True,Febrero
85,ROPA,Ropa,2019-03-01,2019,3,17.6,10.16,7.440000000000001,0.4227272727272728,False,False,Ninguno
85,ROPA,Ropa,2019-04-01,2019,4,17.58,10.15,7.429999999999998,0.4226393629124004,False,False,Ninguno
85,ROPA,Ropa,2019-05-01,2019,5,17.61,10.17,7.4399999999999995,0.42248722316865417,False,False,Ninguno
85,ROPA,Ropa,2019-06-01,2019,6,17.56,10.14,7.419999999999998,0.4225512528473803,False,False,Ninguno
85,ROPA,Ropa,2019-07-01,2019,7,17.61,10.17,7.4399999999999995,0.42248722316865417,False,False,Julio
85,ROPA,Ropa,2019-08-01,2019,8,17.57,10.17,7.4,0.42117245304496304,False,False,Ninguno
85,ROPA,Ropa,2019-09-01,2019,9,17.61,10.16,7.449999999999999,0.4230550823395798,False,False,Ninguno
85,ROPA,Ropa,2019-10-01,2019,10,17.59,10.14,7.449999999999999,0.42353610005685044,False,False,Ninguno
85,ROPA,Ropa,2019-11-01,2019,11,17.58,10.16,7.419999999999998,0.42207053469852096,False,False,Ninguno
85,ROPA,Ropa,2019-12-01,2019,12,17.62,10.16,7.460000000000001,0.42338251986379116,False,False,Ninguno
85,ROPA,Ropa,2020-01-01,2020,1,17.62,10.17,7.450000000000001,0.42281498297389336,False,False,Ninguno
85,ROPA,Ropa,2020-02-01,2020,2,19.76,10.46,9.3,0.4706477732793522,True,True,Febrero
85,ROPA,Ropa,2020-03-01,2020,3,19.74,10.46,9.279999999999998,0.470111448834853,False,False,Esporádico
85,ROPA,Ropa,2020-04-01,2020,4,19.77,10.47,9.299999999999999,0.47040971168437024,False,False,Ninguno
85,ROPA,Ropa,2020-05-01,2020,5,19.84,10.45,9.39,0.4732862903225807,False,False,Ninguno
85,ROPA,Ropa,2020-06-01,2020,6,19.82,10.47,9.35,0.4717457114026236,False,False,Ninguno
85,ROPA,Ropa,2020-07-01,2020,7,19.8,11.0,8.8,0.4444444444444445,True,False,Julio
85,ROPA,Ropa,2020-08-01,2020,8,19.75,11.0,8.75,0.4430379746835443,False,False,Ninguno
85,ROPA,Ropa,2020-09-01,2020,9,19.77,11.0,8.77,0.443601416287304,False,False,Ninguno
85,ROPA,Ropa,2020-10-01,2020,10,19.74,10.99,8.749999999999998,0.44326241134751765,False,False,Ninguno
85,ROPA,Ropa,2020-11-01,2020,11,19.8,10.99,8.81,0.444949494949495,False,False,Ninguno
85,ROPA,Ropa,2020-12-01,2020,12,19.84,11.01,8.83,0.44506048387096775,False,False,Ninguno
85,ROPA,Ropa,2021-01-01,2021,1,19.77,11.0,8.77,0.443601416287304,False,False,Ninguno
85,ROPA,Ropa,2021-02-01,2021,2,22.43,11.98,10.45,0.46589389210878285,True,True,Febrero
85,ROPA,Ropa,2021-03-01,2021,3,22.49,12.02,10.469999999999999,0.4655402401067141,False,False,Ninguno
85,ROPA,Ropa,2021-04-01,2021,4,22.47,12.0,10.469999999999999,0.465954606141522,False,False,Ninguno
85,ROPA,Ropa,2021-05-01,2021,5,22.46,11.98,10.48,0.4666073018699911,False,False,Ninguno
85,ROPA,Ropa,2021-06-01,2021,6,22.37,12.0,10.370000000000001,0.46356727760393385,False,False,Ninguno
85,ROPA,Ropa,2021-07-01,2021,7,21.94,11.63,10.31,0.4699179580674567,True,True,Julio
85,ROPA,Ropa,2021-08-01,2021,8,21.97,11.62,10.35,0.4710969503868912,False,False,Ninguno
85,ROPA,Ropa,2021-09-01,2021,9,22.01,11.63,10.38,0.4716038164470695,False,False,Ninguno
85,ROPA,Ropa,2021-10-01,2021,10,21.99,11.63,10.359999999999998,0.4711232378353796,False,False,Ninguno
85,ROPA,Ropa,2021-11-01,2021,11,21.97,11.62,10.35,0.4710969503868912,False,False,Ninguno
85,ROPA,Ropa,2021-12-01,2021,12,23.34,11.62,11.72,0.5021422450728363,False,True,Esporádico
85,ROPA,Ropa,2022-01-01,2022,1,23.36,11.64,11.719999999999999,0.5017123287671232,False,False,Ninguno
85,ROPA,Ropa,2022-02-01,2022,2,25.76,12.29,13.470000000000002,0.5229037267080746,True,True,Febrero
85,ROPA,Ropa,2022-03-01,2022,3,26.33,12.33,13.999999999999998,0.5317128750474743,False,True,Esporádico
85,ROPA,Ropa,2022-04-01,2022,4,26.31,12.31,13.999999999999998,0.5321170657544659,False,False,Ninguno
85,ROPA,Ropa,2022-05-01,2022,5,26.33,12.32,14.009999999999998,0.5320926699582225,False,False,Esporádico
85,ROPA,Ropa,2022-06-01,2022,6,26.19,12.33,13.860000000000001,0.5292096219931272,False,False,Ninguno
85,ROPA,Ropa,2022-07-01,2022,7,27.96,12.32,15.64,0.5593705293276109,False,True,Julio
85,ROPA,Ropa,2022-08-01,2022,8,28.11,12.3,15.809999999999999,0.5624332977588047,False,False,Ninguno
85,ROPA,Ropa,2022-09-01,2022,9,28.09,12.34,15.75,0.5606977572089712,False,False,Ninguno
85,ROPA,Ropa,2022-10-01,2022,10,28.09,12.34,15.75,0.5606977572089712,False,False,Ninguno
85,ROPA,Ropa,2022-11-01,2022,11,28.0,12.29,15.71,0.5610714285714286,False,False,Ninguno
85,ROPA,Ropa,2022-12-01,2022,12,27.97,12.29,15.68,0.5606006435466572,False,False,Ninguno
85,ROPA,Ropa,2023-01-01,2023,1,28.04,12.3,15.739999999999998,0.5613409415121255,False,False,Ninguno
85,ROPA,Ropa,2023-02-01,2023,2,31.97,14.05,17.919999999999998,0.5605254926493587,True,True,Febrero
85,ROPA,Ropa,2023-03-01,2023,3,31.96,14.04,17.92,0.560700876095119,False,False,Ninguno
85,ROPA,Ropa,2023-04-01,2023,4,31.85,14.04,17.810000000000002,0.5591836734693878,False,False,Ninguno
85,ROPA,Ropa,2023-05-01,2023,5,31.87,14.07,17.8,0.5585189833699404,False,False,Ninguno
85,ROPA,Ropa,2023-06-01,2023,6,32.95,14.03,18.92,0.5742033383915023,False,True,Esporádico
85,ROPA,Ropa,2023-07-01,2023,7,35.97,14.33,21.64,0.601612454823464,True,True,Julio
85,ROPA,Ropa,2023-08-01,2023,8,36.05,14.34,21.709999999999997,0.6022191400832178,False,False,Ninguno
85,ROPA,Ropa,2023-09-01,2023,9,36.01,14.33,21.68,0.6020549847264649,False,False,Ninguno
85,ROPA,Ropa,2023-10-01,2023,10,35.92,14.35,21.57,0.6005011135857461,False,False,Ninguno
85,ROPA,Ropa,2023-11-01,2023,11,35.93,14.38,21.549999999999997,0.5997773448371834,False,False,Ninguno
85,ROPA,Ropa,2023-12-01,2023,12,35.95,14.34,21.610000000000003,0.6011126564673157,False,False,Ninguno
85,ROPA,Ropa,2024-01-01,2024,1,36.03,14.36,21.67,0.601443241742992,False,False,Ninguno
85,ROPA,Ropa,2024-02-01,2024,2,35.9,13.27,22.63,0.6303621169916435,True,True,Febrero
85,ROPA,Ropa,2024-03-01,2024,3,36.0,13.3,22.7,0.6305555555555555,False,False,Ninguno
85,ROPA,Ropa,2024-04-01,2024,4,35.9,13.28,22.619999999999997,0.63008356545961,False,False,Ninguno
85,ROPA,Ropa,2024-05-01,2024,5,36.01,13.29,22.72,0.6309358511524576,False,False,Ninguno
85,ROPA,Ropa,2024-06-01,2024,6,36.0,13.28,22.72,0.6311111111111111,False,False,Ninguno
85,ROPA,Ropa,2024-07-01,2024,7,36.2,13.99,22.21,0.6135359116022099,True,True,Julio
85,ROPA,Ropa,2024-08-01,2024,8,36.33,13.99,22.339999999999996,0.6149187998898981,False,False,Ninguno
85,ROPA,Ropa,2024-09-01,2024,9,36.26,14.0,22.259999999999998,0.6138996138996139,False,False,Ninguno
85,ROPA,Ropa,2024-10-01,2024,10,36.17,13.96,22.21,0.6140447884987559,False,False,Ninguno
85,ROPA,Ropa,2024-11-01,2024,11,36.35,13.99,22.36,0.615130674002751,False,False,Ninguno
85,ROPA,Ropa,2024-12-01,2024,12,36.18,13.99,22.189999999999998,0.6133222775013819,False,False,Ninguno
85,ROPA,Ropa,2025-01-01,2025,1,36.37,14.0,22.369999999999997,0.615067363211438,False,False,Ninguno
85,ROPA,Ropa,2025-02-01,2025,2,40.58,14.38,26.199999999999996,0.6456382454411039,True,True,Febrero
85,ROPA,Ropa,2025-03-01,2025,3,40.49,14.34,26.150000000000002,0.6458384786367004,False,False,Ninguno
85,ROPA,Ropa,2025-04-01,2025,4,40.56,14.37,26.190000000000005,0.6457100591715977,False,False,Ninguno
85,ROPA,Ropa,2025-05-01,2025,5,40.58,14.38,26.199999999999996,0.6456382454411039,False,False,Ninguno
85,ROPA,Ropa,2025-06-01,2025,6,40.45,14.78,25.67,0.634610630407911,True,False,Esporádico
85,ROPA,Ropa,2025-07-01,2025,7,44.51,15.07,29.439999999999998,0.6614243990114581,True,True,Julio
85,ROPA,Ropa,2025-08-01,2025,8,44.66,15.1,29.559999999999995,0.6618898343036274,False,False,Ninguno
85,ROPA,Ropa,2025-09-01,2025,9,44.57,15.11,29.46,0.6609827238052501,False,False,Ninguno
85,ROPA,Ropa,2025-10-01,2025,10,44.63,15.06,29.57,0.6625588169392784,False,False,Ninguno
85,ROPA,Ropa,2025-11-01,2025,11,44.57,15.06,29.509999999999998,0.6621045546331613,False,False,Ninguno
86,DEPOR,Deportes,2018-07-01,2018,7,246.74,177.36,69.38,0.28118667423198507,False,False,Ninguno
86,DEPOR,Deportes,2018-08-01,2018,8,245.99,177.48,68.51000000000002,0.2785072563925364,False,False,Ninguno
86,DEPOR,Deportes,2018-09-01,2018,9,246.33,177.92,68.41000000000003,0.2777168838549914,False,False,Ninguno
86,DEPOR,Deportes,2018-10-01,2018,10,246.37,177.72,68.65,0.2786459390347851,False,False,Ninguno
86,DEPOR,Deportes,2018-11-01,2018,11,246.63,177.87,68.75999999999999,0.2787981997323926,False,False,Ninguno
86,DEPOR,Deportes,2018-12-01,2018,12,246.65,177.74,68.91,0.2793837421447395,False,False,Ninguno
86,DEPOR,Deportes,2019-01-01,2019,1,245.74,177.66,68.08000000000001,0.27704077480263695,False,False,Ninguno
86,DEPOR,Deportes,2019-02-01,2019,2,280.43,177.67,102.76000000000002,0.3664372570695005,False,True,Febrero
86,DEPOR,Deportes,2019-03-01,2019,3,279.58,177.31,102.26999999999998,0.36579869804707055,False,False,Ninguno
86,DEPOR,Deportes,2019-04-01,2019,4,279.33,177.96,101.36999999999998,0.3629040919342712,False,False,Ninguno
86,DEPOR,Deportes,2019-05-01,2019,5,280.51,177.95,102.56,0.3656197640012834,False,False,Ninguno
86,DEPOR,Deportes,2019-06-01,2019,6,279.86,177.91,101.95000000000002,0.36428928750089334,False,False,Ninguno
86,DEPOR,Deportes,2019-07-01,2019,7,279.97,187.57,92.40000000000003,0.33003536093152847,True,False,Julio
86,DEPOR,Deportes,2019-08-01,2019,8,280.06,187.73,92.33000000000001,0.32967935442405205,False,False,Ninguno
86,DEPOR,Deportes,2019-09-01,2019,9,279.01,187.72,91.28999999999999,0.3271925737428766,False,False,Ninguno
86,DEPOR,Deportes,2019-10-01,2019,10,279.67,187.09,92.58000000000001,0.33103300318232204,False,False,Ninguno
86,DEPOR,Deportes,2019-11-01,2019,11,280.22,187.28,92.94000000000003,0.3316679751623725,False,False,Ninguno
86,DEPOR,Deportes,2019-12-01,2019,12,280.55,187.11,93.44,0.3330600605952593,False,False,Ninguno
86,DEPOR,Deportes,2020-01-01,2020,1,279.63,187.23,92.4,0.33043664842828024,False,False,Ninguno
86,DEPOR,Deportes,2020-02-01,2020,2,298.58,185.43,113.14999999999998,0.37896041261973334,True,True,Febrero
86,DEPOR,Deportes,2020-03-01,2020,3,298.65,185.94,112.70999999999998,0.3773982923154193,False,False,Ninguno
86,DEPOR,Deportes,2020-04-01,2020,4,299.74,185.56,114.18,0.38093013945419363,False,False,Ninguno
86,DEPOR,Deportes,2020-05-01,2020,5,299.1,185.46,113.64000000000001,0.3799398194583751,False,False,Ninguno
86,DEPOR,Deportes,2020-06-01,2020,6,298.94,185.41,113.53,0.3797752057269017,False,False,Ninguno
86,DEPOR,Deportes,2020-07-01,2020,7,324.33,190.6,133.73,0.41232695094502514,True,True,Julio
86,DEPOR,Deportes,2020-08-01,2020,8,324.7,190.67,134.03,0.41278102864182326,False,False,Ninguno
86,DEPOR,Deportes,2020-09-01,2020,9,324.13,189.98,134.15,0.413877148057878,False,False,Ninguno
86,DEPOR,Deportes,2020-10-01,2020,10,325.35,190.22,135.13000000000002,0.41533732903027515,False,False,Ninguno
86,DEPOR,Deportes,2020-11-01,2020,11,325.75,190.17,135.58,0.4162087490406754,False,False,Ninguno
86,DEPOR,Deportes,2020-12-01,2020,12,324.81,190.46,134.35,0.41362642775776604,False,False,Ninguno
86,DEPOR,Deportes,2021-01-01,2021,1,325.96,190.47,135.48999999999998,0.4156644987114983,False,False,Ninguno
86,DEPOR,Deportes,2021-02-01,2021,2,340.63,194.1,146.53,0.43017350204033705,True,True,Febrero
86,DEPOR,Deportes,2021-03-01,2021,3,340.88,193.94,146.94,0.4310607838535555,False,False,Ninguno
86,DEPOR,Deportes,2021-04-01,2021,4,340.7,194.21,146.48999999999998,0.42996771353096563,False,False,Ninguno
86,DEPOR,Deportes,2021-05-01,2021,5,340.49,193.8,146.69,0.4308202884078827,False,False,Ninguno
86,DEPOR,Deportes,2021-06-01,2021,6,340.52,193.99,146.52999999999997,0.4303124632914366,False,False,Ninguno
86,DEPOR,Deportes,2021-07-01,2021,7,371.76,194.08,177.67999999999998,0.4779427587690983,False,True,Julio
86,DEPOR,Deportes,2021-08-01,2021,8,373.57,194.05,179.51999999999998,0.48055250689295176,False,False,Ninguno
86,DEPOR,Deportes,2021-09-01,2021,9,372.88,194.32,178.56,0.4788671958807123,False,False,Ninguno
86,DEPOR,Deportes,2021-10-01,2021,10,372.77,193.9,178.86999999999998,0.47984011588915415,False,False,Ninguno
86,DEPOR,Deportes,2021-11-01,2021,11,373.97,194.15,179.82000000000002,0.48084070914779264,False,False,Ninguno
86,DEPOR,Deportes,2021-12-01,2021,12,389.05,194.25,194.8,0.5007068500192777,False,True,Esporádico
86,DEPOR,Deportes,2022-01-01,2022,1,389.8,193.99,195.81,0.5023345305284761,False,False,Ninguno
86,DEPOR,Deportes,2022-02-01,2022,2,408.38,203.17,205.21,0.5024976737352466,True,True,Febrero
86,DEPOR,Deportes,2022-03-01,2022,3,407.32,203.15,204.17,0.5012520868113522,False,False,Ninguno
86,DEPOR,Deportes,2022-04-01,2022,4,408.52,203.4,205.11999999999998,0.5021051600900812,False,False,Ninguno
86,DEPOR,Deportes,2022-05-01,2022,5,406.78,203.51,203.26999999999998,0.49970500024583314,False,False,Ninguno
86,DEPOR,Deportes,2022-06-01,2022,6,407.71,203.61,204.09999999999997,0.5006009173186824,False,False,Ninguno
86,DEPOR,Deportes,2022-07-01,2022,7,436.07,216.16,219.91,0.5042997683858096,True,True,Julio
86,DEPOR,Deportes,2022-08-01,2022,8,436.44,216.6,219.84,0.5037118504261754,False,False,Ninguno
86,DEPOR,Deportes,2022-09-01,2022,9,435.25,216.0,219.25,0.5037334865020103,False,False,Ninguno
86,DEPOR,Deportes,2022-10-01,2022,10,434.33,216.56,217.76999999999998,0.5013929500610135,False,False,Esporádico
86,DEPOR,Deportes,2022-11-01,2022,11,436.54,216.33,220.21,0.504444037201631,False,False,Ninguno
86,DEPOR,Deportes,2022-12-01,2022,12,436.65,216.35,220.29999999999998,0.5045230733997481,False,False,Ninguno
86,DEPOR,Deportes,2023-01-01,2023,1,435.95,216.02,219.92999999999998,0.5044844592269755,False,False,Ninguno
86,DEPOR,Deportes,2023-02-01,2023,2,506.88,225.93,280.95,0.5542732007575757,True,True,Febrero
86,DEPOR,Deportes,2023-03-01,2023,3,504.95,226.44,278.51,0.5515595603525102,False,False,Ninguno
86,DEPOR,Deportes,2023-04-01,2023,4,537.38,236.34,301.03999999999996,0.5601994863969629,True,True,Esporádico
86,DEPOR,Deportes,2023-05-01,2023,5,535.1,236.57,298.53000000000003,0.5578957204260886,False,False,Ninguno
86,DEPOR,Deportes,2023-06-01,2023,6,535.26,236.58,298.67999999999995,0.5580091917946418,False,False,Ninguno
86,DEPOR,Deportes,2023-07-01,2023,7,547.88,236.13,311.75,0.5690114623640213,False,True,Julio
86,DEPOR,Deportes,2023-08-01,2023,8,549.57,236.17,313.4000000000001,0.5702640246010519,False,False,Ninguno
86,DEPOR,Deportes,2023-09-01,2023,9,549.46,236.43,313.03000000000003,0.5697048010774215,False,False,Ninguno
86,DEPOR,Deportes,2023-10-01,2023,10,550.06,236.2,313.85999999999996,0.5705922990219249,False,False,Ninguno
86,DEPOR,Deportes,2023-11-01,2023,11,548.98,236.64,312.34000000000003,0.5689460453932749,False,False,Ninguno
86,DEPOR,Deportes,2023-12-01,2023,12,549.93,236.8,313.12999999999994,0.569399741785318,False,False,Ninguno
86,DEPOR,Deportes,2024-01-01,2024,1,548.72,236.64,312.08000000000004,0.5687417990960781,False,False,Ninguno
86,DEPOR,Deportes,2024-02-01,2024,2,622.95,217.85,405.1,0.6502929609117907,True,True,Febrero
86,DEPOR,Deportes,2024-03-01,2024,3,624.96,217.46,407.5,0.6520417306707629,False,False,Ninguno
86,DEPOR,Deportes,2024-04-01,2024,4,625.71,217.7,408.01000000000005,0.6520752425244922,False,False,Ninguno
86,DEPOR,Deportes,2024-05-01,2024,5,624.1,217.25,406.85,0.6518987341772152,False,False,Ninguno
86,DEPOR,Deportes,2024-06-01,2024,6,623.95,217.21,406.74,0.6518791569837327,False,False,Ninguno
86,DEPOR,Deportes,2024-07-01,2024,7,647.14,222.23,424.90999999999997,0.656596717866304,True,True,Julio
86,DEPOR,Deportes,2024-08-01,2024,8,647.91,221.67,426.24,0.6578691484928463,False,False,Ninguno
86,DEPOR,Deportes,2024-09-01,2024,9,650.03,221.82,428.21,0.6587542113440918,False,False,Ninguno
86,DEPOR,Deportes,2024-10-01,2024,10,647.7,221.82,425.88000000000005,0.6575266327003243,False,False,Ninguno
86,DEPOR,Deportes,2024-11-01,2024,11,647.21,221.53,425.68000000000006,0.6577154246689638,False,False,Ninguno
86,DEPOR,Deportes,2024-12-01,2024,12,648.64,222.15,426.49,0.657514183522447,False,False,Ninguno
86,DEPOR,Deportes,2025-01-01,2025,1,649.56,222.12,427.43999999999994,0.6580454461481618,False,False,Ninguno
86,DEPOR,Deportes,2025-02-01,2025,2,633.02,221.6,411.41999999999996,0.6499320716565037,False,True,Febrero
86,DEPOR,Deportes,2025-03-01,2025,3,631.59,222.11,409.48,0.6483319875235517,False,False,Ninguno
86,DEPOR,Deportes,2025-04-01,2025,4,630.21,221.54,408.6700000000001,0.6484663842211327,False,False,Ninguno
86,DEPOR,Deportes,2025-05-01,2025,5,630.2,221.73,408.47,0.6481593145033323,False,False,Ninguno
86,DEPOR,Deportes,2025-06-01,2025,6,644.62,221.05,423.57,0.6570847941422854,True,True,Esporádico
86,DEPOR,Deportes,2025-07-01,2025,7,647.84,244.14,403.70000000000005,0.6231476907878489,True,False,Julio
86,DEPOR,Deportes,2025-08-01,2025,8,646.84,243.9,402.94000000000005,0.6229361202152001,False,False,Ninguno
86,DEPOR,Deportes,2025-09-01,2025,9,646.61,243.77,402.84000000000003,0.6230030466587279,False,False,Ninguno
86,DEPOR,Deportes,2025-10-01,2025,10,644.22,243.69,400.53000000000003,0.6217286020303623,False,False,Ninguno
86,DEPOR,Deportes,2025-11-01,2025,11,689.5,257.13,432.37,0.6270775924583031,True,True,Esporádico
87,MUEB,Muebles,2018-07-01,2018,7,433.9,264.44,169.45999999999998,0.3905508181608665,False,False,Ninguno
87,MUEB,Muebles,2018-08-01,2018,8,433.33,263.86,169.46999999999997,0.39108762375095185,False,False,Ninguno
87,MUEB,Muebles,2018-09-01,2018,9,431.96,264.19,167.76999999999998,0.38839244374479115,False,False,Ninguno
87,MUEB,Muebles,2018-10-01,2018,10,432.8,264.38,168.42000000000002,0.38914048059149725,False,False,Ninguno
87,MUEB,Muebles,2018-11-01,2018,11,432.02,263.98,168.03999999999996,0.3889634739132447,False,False,Ninguno
87,MUEB,Muebles,2018-12-01,2018,12,432.55,264.27,168.28000000000003,0.3890417292798521,False,False,Ninguno
87,MUEB,Muebles,2019-01-01,2019,1,431.88,264.17,167.70999999999998,0.3883254607761415,False,False,Ninguno
87,MUEB,Muebles,2019-02-01,2019,2,500.59,243.95,256.64,0.5126750434487305,True,True,Febrero
87,MUEB,Muebles,2019-03-01,2019,3,501.16,244.0,257.16,0.5131295394684332,False,False,Ninguno
87,MUEB,Muebles,2019-04-01,2019,4,499.49,243.1,256.39,0.5133035696410339,False,False,Esporádico
87,MUEB,Muebles,2019-05-01,2019,5,501.03,243.92,257.11,0.5131628844580165,False,False,Ninguno
87,MUEB,Muebles,2019-06-01,2019,6,501.83,243.85,257.98,0.5140784727895902,False,False,Esporádico
87,MUEB,Muebles,2019-07-01,2019,7,494.3,248.03,246.27,0.49821970463281406,True,True,Julio
87,MUEB,Muebles,2019-08-01,2019,8,504.05,248.08,255.97,0.5078266045035215,False,True,Esporádico
87,MUEB,Muebles,2019-09-01,2019,9,504.58,248.41,256.16999999999996,0.5076895635974473,False,False,Ninguno
87,MUEB,Muebles,2019-10-01,2019,10,504.85,248.43,256.42,0.5079132415568981,False,False,Ninguno
87,MUEB,Muebles,2019-11-01,2019,11,506.39,248.6,257.78999999999996,0.5090740338474298,False,False,Ninguno
87,MUEB,Muebles,2019-12-01,2019,12,503.85,248.07,255.78000000000003,0.5076510866329265,False,False,Ninguno
87,MUEB,Muebles,2020-01-01,2020,1,505.08,248.81,256.27,0.5073849687178269,False,False,Ninguno
87,MUEB,Muebles,2020-02-01,2020,2,568.44,259.18,309.26000000000005,0.544050383505735,True,True,Febrero
87,MUEB,Muebles,2020-03-01,2020,3,569.33,258.34,310.99000000000007,0.5462385611156975,False,False,Ninguno
87,MUEB,Muebles,2020-04-01,2020,4,568.84,259.05,309.79,0.5445995358976162,False,False,Ninguno
87,MUEB,Muebles,2020-05-01,2020,5,569.0,258.26,310.74,0.546115992970123,False,False,Ninguno
87,MUEB,Muebles,2020-06-01,2020,6,567.03,258.37,308.65999999999997,0.5443450963793802,False,False,Ninguno
87,MUEB,Muebles,2020-07-01,2020,7,597.62,265.96,331.66,0.55496803989157,True,True,Julio
87,MUEB,Muebles,2020-08-01,2020,8,600.56,266.01,334.54999999999995,0.5570634074863461,False,False,Ninguno
87,MUEB,Muebles,2020-09-01,2020,9,599.38,265.49,333.89,0.5570589609262905,False,False,Ninguno
87,MUEB,Muebles,2020-10-01,2020,10,598.89,265.68,333.21,0.5563793017081601,False,False,Ninguno
87,MUEB,Muebles,2020-11-01,2020,11,598.51,265.62,332.89,0.5561978914303854,False,False,Ninguno
87,MUEB,Muebles,2020-12-01,2020,12,600.76,265.34,335.42,0.5583261202476864,False,False,Ninguno
87,MUEB,Muebles,2021-01-01,2021,1,599.04,265.98,333.05999999999995,0.5559895833333333,False,False,Ninguno
87,MUEB,Muebles,2021-02-01,2021,2,598.53,271.03,327.5,0.5471739094113912,True,False,Febrero
87,MUEB,Muebles,2021-03-01,2021,3,598.23,271.12,327.11,0.5467963826621868,False,False,Ninguno
87,MUEB,Muebles,2021-04-01,2021,4,599.24,270.82,328.42,0.5480608771110073,False,False,Ninguno
87,MUEB,Muebles,2021-05-01,2021,5,597.79,271.53,326.26,0.5457769450810486,False,False,Ninguno
87,MUEB,Muebles,2021-06-01,2021,6,598.12,270.66,327.46,0.5474821106132548,False,False,Ninguno
87,MUEB,Muebles,2021-07-01,2021,7,600.21,271.68,328.53000000000003,0.547358424551407,False,False,Julio
87,MUEB,Muebles,2021-08-01,2021,8,622.28,271.63,350.65,0.5634923185704185,False,True,Esporádico
87,MUEB,Muebles,2021-09-01,2021,9,621.72,271.69,350.03000000000003,0.5630026378434022,False,False,Ninguno
87,MUEB,Muebles,2021-10-01,2021,10,623.0,270.88,352.12,0.5652006420545747,False,False,Ninguno
87,MUEB,Muebles,2021-11-01,2021,11,622.96,271.03,351.93000000000006,0.5649319378451265,False,False,Ninguno
87,MUEB,Muebles,2021-12-01,2021,12,622.92,270.95,351.96999999999997,0.5650324279201181,False,False,Ninguno
87,MUEB,Muebles,2022-01-01,2022,1,620.81,270.92,349.88999999999993,0.5636023904254119,False,False,Ninguno
87,MUEB,Muebles,2022-02-01,2022,2,724.33,309.7,414.63000000000005,0.5724324548203168,True,True,Febrero
87,MUEB,Muebles,2022-03-01,2022,3,721.91,309.51,412.4,0.5712623457217658,False,False,Ninguno
87,MUEB,Muebles,2022-04-01,2022,4,722.62,309.05,413.57,0.5723201682765492,False,False,Ninguno
87,MUEB,Muebles,2022-05-01,2022,5,722.11,309.92,412.19,0.5708133109914002,False,False,Ninguno
87,MUEB,Muebles,2022-06-01,2022,6,723.63,309.96,413.67,0.5716595497699101,False,False,Ninguno
87,MUEB,Muebles,2022-07-01,2022,7,725.52,317.09,408.43,0.5629479545705149,True,False,Julio
87,MUEB,Muebles,2022-08-01,2022,8,722.65,317.09,405.56,0.5612122050785304,False,False,Ninguno
87,MUEB,Muebles,2022-09-01,2022,9,721.92,317.0,404.91999999999996,0.5608931737588653,False,False,Ninguno
87,MUEB,Muebles,2022-10-01,2022,10,724.15,317.05,407.09999999999997,0.5621763446799696,False,False,Ninguno
87,MUEB,Muebles,2022-11-01,2022,11,723.77,317.33,406.44,0.5615596114787847,False,False,Ninguno
87,MUEB,Muebles,2022-12-01,2022,12,724.85,316.9,407.95000000000005,0.5628060978133408,False,False,Ninguno
87,MUEB,Muebles,2023-01-01,2023,1,721.46,317.74,403.72,0.559587503118676,False,False,Esporádico
87,MUEB,Muebles,2023-02-01,2023,2,696.77,324.02,372.75,0.5349684974955868,True,True,Febrero
87,MUEB,Muebles,2023-03-01,2023,3,694.68,324.16,370.5199999999999,0.5333678816145563,False,False,Ninguno
87,MUEB,Muebles,2023-04-01,2023,4,694.47,323.58,370.89000000000004,0.5340619465203681,False,False,Ninguno
87,MUEB,Muebles,2023-05-01,2023,5,695.88,323.47,372.40999999999997,0.5351641087543829,False,False,Ninguno
87,MUEB,Muebles,2023-06-01,2023,6,696.68,323.06,373.61999999999995,0.5362863868634092,False,False,Ninguno
87,MUEB,Muebles,2023-07-01,2023,7,697.16,323.7,373.46,0.5356876470250731,False,False,Julio
87,MUEB,Muebles,2023-08-01,2023,8,697.47,323.35,374.12,0.5363958306450457,False,False,Ninguno
87,MUEB,Muebles,2023-09-01,2023,9,697.53,324.29,373.23999999999995,0.5350880965693231,False,False,Ninguno
87,MUEB,Muebles,2023-10-01,2023,10,697.09,324.0,373.09000000000003,0.5352106614640865,False,False,Ninguno
87,MUEB,Muebles,2023-11-01,2023,11,694.49,323.74,370.75,0.5338449797693271,False,False,Ninguno
87,MUEB,Muebles,2023-12-01,2023,12,696.67,323.87,372.79999999999995,0.5351170568561873,False,False,Ninguno
87,MUEB,Muebles,2024-01-01,2024,1,695.95,324.27,371.68000000000006,0.5340613549823983,False,False,Ninguno
87,MUEB,Muebles,2024-02-01,2024,2,701.25,323.88,377.37,0.538139037433155,False,True,Febrero
87,MUEB,Muebles,2024-03-01,2024,3,698.5,323.22,375.28,0.5372655690765926,False,False,Ninguno
87,MUEB,Muebles,2024-04-01,2024,4,697.85,323.7,374.15000000000003,0.5361467364046715,False,False,Ninguno
87,MUEB,Muebles,2024-05-01,2024,5,698.55,323.02,375.53,0.5375849974948107,False,False,Ninguno
87,MUEB,Muebles,2024-06-01,2024,6,697.32,324.11,373.21000000000004,0.5352062180921241,False,False,Ninguno
87,MUEB,Muebles,2024-07-01,2024,7,701.27,331.43,369.84,0.5273860282059691,True,False,Julio
87,MUEB,Muebles,2024-08-01,2024,8,701.12,330.73,370.39,0.5282833181195801,False,False,Ninguno
87,MUEB,Muebles,2024-09-01,2024,9,699.83,322.63,377.20000000000005,0.53898803995256,True,False,Esporádico
87,MUEB,Muebles,2024-10-01,2024,10,699.27,321.99,377.28,0.5395340855463555,False,False,Esporádico
87,MUEB,Muebles,2024-11-01,2024,11,700.79,321.84,378.95,0.5407468713880049,False,False,Esporádico
87,MUEB,Muebles,2024-12-01,2024,12,699.76,322.13,377.63,0.5396564536412485,False,False,Ninguno
87,MUEB,Muebles,2025-01-01,2025,1,698.0,321.87,376.13,0.5388681948424069,False,False,Ninguno
87,MUEB,Muebles,2025-02-01,2025,2,807.23,366.79,440.44,0.5456189685715347,True,True,Febrero
87,MUEB,Muebles,2025-03-01,2025,3,808.84,367.09,441.75000000000006,0.5461525147124278,False,False,Ninguno
87,MUEB,Muebles,2025-04-01,2025,4,809.99,366.61,443.38,0.5473894739441227,False,False,Ninguno
87,MUEB,Muebles,2025-05-01,2025,5,807.34,366.89,440.45000000000005,0.5455570143929448,False,False,Ninguno
87,MUEB,Muebles,2025-06-01,2025,6,809.17,366.84,442.33,0.5466465637628681,False,False,Ninguno
87,MUEB,Muebles,2025-07-01,2025,7,841.85,383.34,458.51000000000005,0.5446457207340976,True,True,Julio
87,MUEB,Muebles,2025-08-01,2025,8,840.69,384.55,456.14000000000004,0.5425781203535192,False,False,Ninguno
87,MUEB,Muebles,2025-09-01,2025,9,839.95,383.16,456.79,0.54382998988035,False,False,Ninguno
87,MUEB,Muebles,2025-10-01,2025,10,877.02,384.66,492.35999999999996,0.5614011082985564,False,True,Esporádico
87,MUEB,Muebles,2025-11-01,2025,11,872.13,384.45,487.68,0.5591826906539162,False,False,Ninguno
88,HOGAR,Hogar,2018-07-01,2018,7,394.95,264.43,130.51999999999998,0.33047221167236357,False,False,Ninguno
88,HOGAR,Hogar,2018-08-01,2018,8,395.08,263.92,131.15999999999997,0.33198339576794567,False,False,Ninguno
88,HOGAR,Hogar,2018-09-01,2018,9,394.83,263.74,131.08999999999997,0.33201631081731375,False,False,Ninguno
88,HOGAR,Hogar,2018-10-01,2018,10,394.08,264.49,129.58999999999997,0.3288418595209094,False,False,Ninguno
88,HOGAR,Hogar,2018-11-01,2018,11,394.28,263.74,130.53999999999996,0.3310845084711372,False,False,Ninguno
88,HOGAR,Hogar,2018-12-01,2018,12,396.35,264.01,132.34000000000003,0.33389680837643504,False,False,Ninguno
88,HOGAR,Hogar,2019-01-01,2019,1,394.33,263.77,130.56,0.3310932467730074,False,False,Ninguno
88,HOGAR,Hogar,2019-02-01,2019,2,375.69,301.83,73.86000000000001,0.1965982592030664,True,True,Febrero
88,HOGAR,Hogar,2019-03-01,2019,3,375.33,301.85,73.47999999999996,0.1957743852076838,False,False,Ninguno
88,HOGAR,Hogar,2019-04-01,2019,4,374.31,302.12,72.19,0.19286153188533567,False,False,Ninguno
88,HOGAR,Hogar,2019-05-01,2019,5,375.11,301.2,73.91000000000003,0.1970355362427022,False,False,Ninguno
88,HOGAR,Hogar,2019-06-01,2019,6,387.65,308.1,79.54999999999995,0.20521088610860302,True,True,Esporádico
88,HOGAR,Hogar,2019-07-01,2019,7,406.56,315.24,91.32,0.22461629279811096,True,True,Julio
88,HOGAR,Hogar,2019-08-01,2019,8,406.37,315.41,90.95999999999998,0.22383542092181996,False,False,Ninguno
88,HOGAR,Hogar,2019-09-01,2019,9,406.96,314.74,92.21999999999997,0.22660703754668757,False,False,Ninguno
88,HOGAR,Hogar,2019-10-01,2019,10,406.63,315.36,91.26999999999998,0.22445466394510977,False,False,Ninguno
88,HOGAR,Hogar,2019-11-01,2019,11,406.78,315.7,91.07999999999998,0.22390481341265547,False,False,Ninguno
88,HOGAR,Hogar,2019-12-01,2019,12,407.14,315.49,91.64999999999998,0.22510684285503754,False,False,Ninguno
88,HOGAR,Hogar,2020-01-01,2020,1,406.04,314.63,91.41000000000003,0.22512560338882873,False,False,Ninguno
88,HOGAR,Hogar,2020-02-01,2020,2,412.56,337.88,74.68,0.18101609462866008,True,True,Febrero
88,HOGAR,Hogar,2020-03-01,2020,3,413.14,337.72,75.41999999999996,0.18255312968969348,False,False,Ninguno
88,HOGAR,Hogar,2020-04-01,2020,4,412.49,337.1,75.38999999999999,0.18276806710465704,False,False,Ninguno
88,HOGAR,Hogar,2020-05-01,2020,5,411.45,337.49,73.95999999999998,0.17975452667395792,False,False,Ninguno
88,HOGAR,Hogar,2020-06-01,2020,6,412.89,336.97,75.91999999999996,0.1838746397345539,False,False,Ninguno
88,HOGAR,Hogar,2020-07-01,2020,7,427.31,352.47,74.83999999999997,0.17514216844913522,True,True,Julio
88,HOGAR,Hogar,2020-08-01,2020,8,428.94,352.7,76.24000000000001,0.17774047652352312,False,False,Ninguno
88,HOGAR,Hogar,2020-09-01,2020,9,428.97,352.17,76.80000000000001,0.17903349884607317,False,False,Ninguno
88,HOGAR,Hogar,2020-10-01,2020,10,457.75,353.57,104.18,0.22759148006553798,False,True,Esporádico
88,HOGAR,Hogar,2020-11-01,2020,11,457.53,353.52,104.00999999999999,0.2273293554521015,False,False,Esporádico
88,HOGAR,Hogar,2020-12-01,2020,12,457.06,352.2,104.86000000000001,0.22942283288846108,False,False,Ninguno
88,HOGAR,Hogar,2021-01-01,2021,1,456.48,353.49,102.99000000000001,0.22561777076761305,False,False,Ninguno
88,HOGAR,Hogar,2021-02-01,2021,2,487.31,352.27,135.04000000000002,0.27711313127167514,False,True,Febrero
88,HOGAR,Hogar,2021-03-01,2021,3,488.99,352.28,136.71000000000004,0.2795762694533631,False,False,Ninguno
88,HOGAR,Hogar,2021-04-01,2021,4,489.11,352.99,136.12,0.2783014045920141,False,False,Ninguno
88,HOGAR,Hogar,2021-05-01,2021,5,489.31,353.13,136.18,0.2783102736506509,False,False,Ninguno
88,HOGAR,Hogar,2021-06-01,2021,6,488.34,352.88,135.45999999999998,0.2773887045910636,False,False,Ninguno
88,HOGAR,Hogar,2021-07-01,2021,7,529.97,364.91,165.06,0.3114515915995245,True,True,Julio
88,HOGAR,Hogar,2021-08-01,2021,8,528.03,365.12,162.90999999999997,0.3085241368861617,False,False,Ninguno
88,HOGAR,Hogar,2021-09-01,2021,9,528.06,364.92,163.13999999999993,0.30894216566299276,False,False,Ninguno
88,HOGAR,Hogar,2021-10-01,2021,10,529.58,364.82,164.76000000000005,0.3111144680690359,False,False,Esporádico
88,HOGAR,Hogar,2021-11-01,2021,11,527.52,365.43,162.08999999999997,0.30726797088262053,False,False,Ninguno
88,HOGAR,Hogar,2021-12-01,2021,12,527.67,364.11,163.55999999999995,0.30996645630791964,False,False,Ninguno
88,HOGAR,Hogar,2022-01-01,2022,1,530.04,364.55,165.48999999999995,0.31222171911553837,False,False,Ninguno
88,HOGAR,Hogar,2022-02-01,2022,2,586.85,416.22,170.63,0.290755729743546,True,True,Febrero
88,HOGAR,Hogar,2022-03-01,2022,3,585.91,414.88,171.02999999999997,0.2919049000699766,False,False,Ninguno
88,HOGAR,Hogar,2022-04-01,2022,4,588.28,416.15,172.13,0.2925987624940505,False,False,Ninguno
88,HOGAR,Hogar,2022-05-01,2022,5,586.91,415.89,171.01999999999998,0.2913905028028147,False,False,Ninguno
88,HOGAR,Hogar,2022-06-01,2022,6,589.09,415.36,173.73000000000002,0.29491249214890763,False,False,Ninguno
88,HOGAR,Hogar,2022-07-01,2022,7,585.85,423.55,162.3,0.27703337031663394,True,False,Julio
88,HOGAR,Hogar,2022-08-01,2022,8,586.88,424.28,162.60000000000002,0.2770583424209379,False,False,Ninguno
88,HOGAR,Hogar,2022-09-01,2022,9,588.2,424.25,163.95000000000005,0.27873172390343426,False,False,Ninguno
88,HOGAR,Hogar,2022-10-01,2022,10,588.45,423.93,164.52000000000004,0.27958195258730567,False,False,Ninguno
88,HOGAR,Hogar,2022-11-01,2022,11,611.91,423.51,188.39999999999998,0.30788841496298475,False,True,Esporádico
88,HOGAR,Hogar,2022-12-01,2022,12,609.26,424.02,185.24,0.30404096773134626,False,False,Ninguno
88,HOGAR,Hogar,2023-01-01,2023,1,611.21,424.55,186.66000000000003,0.30539421802653755,False,False,Ninguno
88,HOGAR,Hogar,2023-02-01,2023,2,638.2,479.45,158.75000000000006,0.2487464744594172,True,True,Febrero
88,HOGAR,Hogar,2023-03-01,2023,3,640.04,479.34,160.7,0.2510780576213987,False,False,Ninguno
88,HOGAR,Hogar,2023-04-01,2023,4,637.1,479.99,157.11,0.24660178935802857,False,False,Ninguno
88,HOGAR,Hogar,2023-05-01,2023,5,640.43,479.65,160.77999999999997,0.25105007573036864,False,False,Ninguno
88,HOGAR,Hogar,2023-06-01,2023,6,639.62,479.62,160.0,0.25014852568712675,False,False,Ninguno
88,HOGAR,Hogar,2023-07-01,2023,7,637.95,479.95,158.00000000000006,0.2476683125636806,False,False,Julio
88,HOGAR,Hogar,2023-08-01,2023,8,639.39,479.19,160.2,0.250551306714212,False,False,Ninguno
88,HOGAR,Hogar,2023-09-01,2023,9,638.8,479.44,159.35999999999996,0.2494677520350657,False,False,Ninguno
88,HOGAR,Hogar,2023-10-01,2023,10,639.59,479.84,159.75000000000006,0.249769383511312,False,False,Ninguno
88,HOGAR,Hogar,2023-11-01,2023,11,637.17,479.0,158.16999999999996,0.2482383037493918,False,False,Ninguno
88,HOGAR,Hogar,2023-12-01,2023,12,638.56,479.04,159.51999999999992,0.2498120771736406,False,False,Ninguno
88,HOGAR,Hogar,2024-01-01,2024,1,638.79,479.13,159.65999999999997,0.24994129526135347,False,False,Ninguno
88,HOGAR,Hogar,2024-02-01,2024,2,610.44,479.46,130.98000000000008,0.21456654216630638,False,True,Febrero
88,HOGAR,Hogar,2024-03-01,2024,3,610.64,479.5,131.14,0.21475828638805186,False,False,Ninguno
88,HOGAR,Hogar,2024-04-01,2024,4,612.41,479.02,133.39,0.2178115968060613,False,False,Ninguno
88,HOGAR,Hogar,2024-05-01,2024,5,611.59,478.83,132.76000000000005,0.21707352965221804,False,False,Ninguno
88,HOGAR,Hogar,2024-06-01,2024,6,611.07,480.25,130.82000000000005,0.21408349288952172,False,False,Ninguno
88,HOGAR,Hogar,2024-07-01,2024,7,610.77,493.74,117.02999999999997,0.19161058991109578,True,False,Julio
88,HOGAR,Hogar,2024-08-01,2024,8,610.72,492.78,117.94000000000005,0.19311632171862728,False,False,Esporádico
88,HOGAR,Hogar,2024-09-01,2024,9,611.55,493.49,118.05999999999995,0.19305044558907686,False,False,Ninguno
88,HOGAR,Hogar,2024-10-01,2024,10,609.41,494.62,114.78999999999996,0.18836251456326605,False,False,Ninguno
88,HOGAR,Hogar,2024-11-01,2024,11,610.72,493.41,117.31,0.19208475242336914,False,False,Ninguno
88,HOGAR,Hogar,2024-12-01,2024,12,611.93,493.66,118.26999999999992,0.19327374046051007,False,False,Ninguno
88,HOGAR,Hogar,2025-01-01,2025,1,609.19,493.64,115.55000000000007,0.18967809714538988,False,False,Ninguno
88,HOGAR,Hogar,2025-02-01,2025,2,644.91,540.78,104.13,0.16146439038005303,True,True,Febrero
88,HOGAR,Hogar,2025-03-01,2025,3,648.74,540.03,108.71000000000004,0.1675709837531215,False,True,Esporádico
88,HOGAR,Hogar,2025-04-01,2025,4,649.1,541.53,107.57000000000005,0.1657217686026807,False,False,Ninguno
88,HOGAR,Hogar,2025-05-01,2025,5,648.1,539.94,108.15999999999997,0.166887825952785,False,False,Ninguno
88,HOGAR,Hogar,2025-06-01,2025,6,649.49,540.35,109.13999999999999,0.16803953871499175,False,False,Ninguno
88,HOGAR,Hogar,2025-07-01,2025,7,666.26,540.37,125.88999999999999,0.1889502596583916,False,True,Julio
88,HOGAR,Hogar,2025-08-01,2025,8,664.32,540.04,124.28000000000009,0.18707851637764944,False,False,Ninguno
88,HOGAR,Hogar,2025-09-01,2025,9,665.01,539.57,125.43999999999994,0.18862874242492586,False,False,Ninguno
88,HOGAR,Hogar,2025-10-01,2025,10,665.35,539.72,125.63,0.18881791538288117,False,False,Esporádico
88,HOGAR,Hogar,2025-11-01,2025,11,666.86,541.19,125.66999999999996,0.18845034939867433,False,False,Ninguno
89,HOGAR,Hogar,2018-07-01,2018,7,177.68,115.7,61.980000000000004,0.34882935614588023,False,False,Ninguno
89,HOGAR,Hogar,2018-08-01,2018,8,177.16,115.76,61.39999999999999,0.3465793632874238,False,False,Ninguno
89,HOGAR,Hogar,2018-09-01,2018,9,176.84,115.76,61.08,0.3453969690115358,False,False,Ninguno
89,HOGAR,Hogar,2018-10-01,2018,10,176.88,116.02,60.86,0.34407507914970603,False,False,Ninguno
89,HOGAR,Hogar,2018-11-01,2018,11,177.07,115.73,61.33999999999999,0.34641667137290333,False,False,Ninguno
89,HOGAR,Hogar,2018-12-01,2018,12,176.9,115.61,61.290000000000006,0.34646693046919164,False,False,Ninguno
89,HOGAR,Hogar,2019-01-01,2019,1,177.05,115.59,61.46000000000001,0.34713357808528666,False,False,Ninguno
89,HOGAR,Hogar,2019-02-01,2019,2,200.55,115.73,84.82000000000001,0.42293692346048367,False,True,Febrero
89,HOGAR,Hogar,2019-03-01,2019,3,201.6,115.87,85.72999999999999,0.42524801587301586,False,False,Ninguno
89,HOGAR,Hogar,2019-04-01,2019,4,200.74,115.68,85.06,0.42373219089369335,False,False,Ninguno
89,HOGAR,Hogar,2019-05-01,2019,5,200.62,116.02,84.60000000000001,0.4216927524673512,False,False,Ninguno
89,HOGAR,Hogar,2019-06-01,2019,6,200.69,115.81,84.88,0.42294085405351534,False,False,Ninguno
89,HOGAR,Hogar,2019-07-01,2019,7,216.38,128.08,88.29999999999998,0.40807838062667523,True,True,Julio
89,HOGAR,Hogar,2019-08-01,2019,8,217.02,128.05,88.97,0.4099622154640125,False,False,Ninguno
89,HOGAR,Hogar,2019-09-01,2019,9,216.4,128.39,88.01000000000002,0.4067005545286507,False,False,Ninguno
89,HOGAR,Hogar,2019-10-01,2019,10,216.08,128.26,87.82000000000002,0.4064235468345058,False,False,Ninguno
89,HOGAR,Hogar,2019-11-01,2019,11,216.68,128.14,88.54000000000002,0.4086210079379731,False,False,Ninguno
89,HOGAR,Hogar,2019-12-01,2019,12,216.33,128.12,88.21000000000001,0.4077566680534369,False,False,Ninguno
89,HOGAR,Hogar,2020-01-01,2020,1,216.91,127.92,88.99,0.4102623207782029,False,False,Ninguno
89,HOGAR,Hogar,2020-02-01,2020,2,237.92,147.08,90.83999999999997,0.3818090114324142,True,True,Febrero
89,HOGAR,Hogar,2020-03-01,2020,3,238.38,147.34,91.03999999999999,0.3819112341639399,False,False,Ninguno
89,HOGAR,Hogar,2020-04-01,2020,4,238.51,147.16,91.35,0.3830028091065364,False,False,Esporádico
89,HOGAR,Hogar,2020-05-01,2020,5,237.55,147.25,90.30000000000001,0.380130498842349,False,False,Esporádico
89,HOGAR,Hogar,2020-06-01,2020,6,238.49,146.88,91.61000000000001,0.38412512055012793,False,False,Ninguno
89,HOGAR,Hogar,2020-07-01,2020,7,258.96,147.16,111.79999999999998,0.43172690763052207,False,True,Julio
89,HOGAR,Hogar,2020-08-01,2020,8,259.46,146.97,112.48999999999998,0.43355430509519766,False,False,Ninguno
89,HOGAR,Hogar,2020-09-01,2020,9,259.26,147.19,112.07,0.43226876494638583,False,False,Ninguno
89,HOGAR,Hogar,2020-10-01,2020,10,259.75,146.93,112.82,0.4343407122232916,False,False,Ninguno
89,HOGAR,Hogar,2020-11-01,2020,11,259.54,147.08,112.46000000000001,0.433305078215304,False,False,Ninguno
89,HOGAR,Hogar,2020-12-01,2020,12,258.85,146.88,111.97000000000003,0.43256712381688245,False,False,Esporádico
89,HOGAR,Hogar,2021-01-01,2021,1,258.39,147.27,111.11999999999998,0.4300476024613955,False,False,Ninguno
89,HOGAR,Hogar,2021-02-01,2021,2,287.41,152.21,135.20000000000002,0.47040812776173413,True,True,Febrero
89,HOGAR,Hogar,2021-03-01,2021,3,288.02,152.6,135.42,0.4701756822442886,False,False,Ninguno
89,HOGAR,Hogar,2021-04-01,2021,4,288.76,149.5,139.26,0.48226901232857733,True,False,Esporádico
89,HOGAR,Hogar,2021-05-01,2021,5,288.08,149.5,138.57999999999998,0.4810469314079422,False,False,Ninguno
89,HOGAR,Hogar,2021-06-01,2021,6,288.56,149.64,138.92000000000002,0.4814250069309676,False,False,Ninguno
89,HOGAR,Hogar,2021-07-01,2021,7,307.55,149.74,157.81,0.5131198179157861,False,True,Julio
89,HOGAR,Hogar,2021-08-01,2021,8,308.35,149.91,158.44000000000003,0.513831684773796,False,False,Ninguno
89,HOGAR,Hogar,2021-09-01,2021,9,308.45,149.94,158.51,0.5138920408494083,False,False,Ninguno
89,HOGAR,Hogar,2021-10-01,2021,10,307.66,149.8,157.86,0.5130988753819151,False,False,Ninguno
89,HOGAR,Hogar,2021-11-01,2021,11,308.15,149.83,158.31999999999996,0.5137757585591431,False,False,Ninguno
89,HOGAR,Hogar,2021-12-01,2021,12,307.75,149.6,158.15,0.5138911454102356,False,False,Ninguno
89,HOGAR,Hogar,2022-01-01,2022,1,307.87,149.47,158.4,0.5145028745899243,False,False,Ninguno
89,HOGAR,Hogar,2022-02-01,2022,2,353.61,150.4,203.21,0.5746726619722293,True,True,Febrero
89,HOGAR,Hogar,2022-03-01,2022,3,353.33,150.23,203.1,0.5748167435541844,False,False,Ninguno
89,HOGAR,Hogar,2022-04-01,2022,4,354.15,150.47,203.67999999999998,0.575123535225187,False,False,Ninguno
89,HOGAR,Hogar,2022-05-01,2022,5,353.04,150.69,202.35000000000002,0.5731645139360979,False,False,Ninguno
89,HOGAR,Hogar,2022-06-01,2022,6,352.49,150.65,201.84,0.5726119889925956,False,False,Ninguno
89,HOGAR,Hogar,2022-07-01,2022,7,369.26,150.23,219.03,0.5931592915560852,False,True,Julio
89,HOGAR,Hogar,2022-08-01,2022,8,370.08,150.32,219.76,0.5938175529615218,False,False,Ninguno
89,HOGAR,Hogar,2022-09-01,2022,9,370.15,150.48,219.67,0.5934621099554235,False,False,Ninguno
89,HOGAR,Hogar,2022-10-01,2022,10,368.68,150.49,218.19,0.5918140392752522,False,False,Ninguno
89,HOGAR,Hogar,2022-11-01,2022,11,370.34,150.63,219.70999999999998,0.5932656477831182,False,False,Ninguno
89,HOGAR,Hogar,2022-12-01,2022,12,369.76,150.73,219.03,0.5923572046733017,False,False,Ninguno
89,HOGAR,Hogar,2023-01-01,2023,1,370.16,150.64,219.52000000000004,0.5930408472012103,False,False,Ninguno
89,HOGAR,Hogar,2023-02-01,2023,2,368.85,150.28,218.57000000000002,0.5925715060322625,False,False,Febrero
89,HOGAR,Hogar,2023-03-01,2023,3,369.2,150.23,218.97,0.5930931744312026,False,False,Ninguno
89,HOGAR,Hogar,2023-04-01,2023,4,370.7,150.47,220.23,0.5940922578904775,False,False,Ninguno
89,HOGAR,Hogar,2023-05-01,2023,5,370.1,150.44,219.66000000000003,0.5935152661442854,False,False,Ninguno
89,HOGAR,Hogar,2023-06-01,2023,6,368.94,150.6,218.34,0.5918035452919174,False,False,Ninguno
89,HOGAR,Hogar,2023-07-01,2023,7,360.71,150.51,210.2,0.5827395969061019,False,True,Julio
89,HOGAR,Hogar,2023-08-01,2023,8,359.98,150.78,209.20000000000002,0.5811433968553809,False,False,Ninguno
89,HOGAR,Hogar,2023-09-01,2023,9,360.03,150.72,209.30999999999997,0.581368219315057,False,False,Ninguno
89,HOGAR,Hogar,2023-10-01,2023,10,360.49,150.6,209.89000000000001,0.5822352908541153,False,False,Ninguno
89,HOGAR,Hogar,2023-11-01,2023,11,359.37,150.21,209.16,0.5820185324317556,False,False,Ninguno
89,HOGAR,Hogar,2023-12-01,2023,12,380.07,153.29,226.78,0.5966795590286,True,True,Esporádico
89,HOGAR,Hogar,2024-01-01,2024,1,380.51,153.36,227.14999999999998,0.5969619720900896,False,False,Esporádico
89,HOGAR,Hogar,2024-02-01,2024,2,379.34,169.38,209.95999999999998,0.5534876364211525,True,False,Febrero
89,HOGAR,Hogar,2024-03-01,2024,3,379.12,169.58,209.54,0.5527009917704157,False,False,Ninguno
89,HOGAR,Hogar,2024-04-01,2024,4,379.11,169.23,209.88000000000002,0.5536124080082299,False,False,Esporádico
89,HOGAR,Hogar,2024-05-01,2024,5,380.26,169.49,210.76999999999998,0.5542786514490086,False,False,Ninguno
89,HOGAR,Hogar,2024-06-01,2024,6,379.64,169.47,210.17,0.5536034137604046,False,False,Ninguno
89,HOGAR,Hogar,2024-07-01,2024,7,415.03,163.79,251.23999999999998,0.6053538298436257,True,True,Julio
89,HOGAR,Hogar,2024-08-01,2024,8,414.5,163.84,250.66,0.6047285886610374,False,False,Ninguno
89,HOGAR,Hogar,2024-09-01,2024,9,415.03,163.54,251.48999999999998,0.605956195937643,False,False,Ninguno
89,HOGAR,Hogar,2024-10-01,2024,10,414.63,163.6,251.03,0.6054313484311313,False,False,Ninguno
89,HOGAR,Hogar,2024-11-01,2024,11,415.34,164.04,251.29999999999998,0.6050464679539654,False,False,Ninguno
89,HOGAR,Hogar,2024-12-01,2024,12,415.74,163.77,251.97,0.6060759128301342,False,False,Ninguno
89,HOGAR,Hogar,2025-01-01,2025,1,414.3,164.08,250.22,0.6039584841902004,False,False,Ninguno
89,HOGAR,Hogar,2025-02-01,2025,2,405.46,178.08,227.37999999999997,0.5607951462536378,True,True,Febrero
89,HOGAR,Hogar,2025-03-01,2025,3,404.88,178.36,226.51999999999998,0.5594744121715076,False,False,Ninguno
89,HOGAR,Hogar,2025-04-01,2025,4,405.96,178.25,227.70999999999998,0.5609173317568233,False,False,Ninguno
89,HOGAR,Hogar,2025-05-01,2025,5,406.39,178.19,228.2,0.561529565195994,False,False,Ninguno
89,HOGAR,Hogar,2025-06-01,2025,6,405.44,178.49,226.95,0.5597622336227308,False,False,Ninguno
89,HOGAR,Hogar,2025-07-01,2025,7,405.22,182.71,222.51000000000002,0.5491091259069147,True,False,Julio
89,HOGAR,Hogar,2025-08-01,2025,8,405.82,183.15,222.67,0.5486915381203489,False,False,Ninguno
89,HOGAR,Hogar,2025-09-01,2025,9,404.59,183.06,221.52999999999997,0.5475419560542771,False,False,Ninguno
89,HOGAR,Hogar,2025-10-01,2025,10,405.93,187.01,218.92000000000002,0.5393048062473825,True,False,Esporádico
89,HOGAR,Hogar,2025-11-01,2025,11,405.75,186.86,218.89,0.5394701170671595,False,False,Ninguno
90,BELLE,Belleza,2018-07-01,2018,7,98.18,61.24,36.940000000000005,0.3762477082908943,False,True,Esporádico
90,BELLE,Belleza,2018-08-01,2018,8,98.66,61.34,37.31999999999999,0.37826880194607737,False,False,Ninguno
90,BELLE,Belleza,2018-09-01,2018,9,98.53,61.17,37.36,0.37917385567847356,False,False,Ninguno
90,BELLE,Belleza,2018-10-01,2018,10,98.22,61.34,36.879999999999995,0.3754836082264304,False,False,Ninguno
90,BELLE,Belleza,2018-11-01,2018,11,98.43,61.23,37.20000000000001,0.3779335568424262,False,False,Ninguno
90,BELLE,Belleza,2018-12-01,2018,12,98.66,61.21,37.449999999999996,0.37958645854449624,False,False,Esporádico
90,BELLE,Belleza,2019-01-01,2019,1,98.2,61.2,37.0,0.37678207739307534,False,False,Ninguno
90,BELLE,Belleza,2019-02-01,2019,2,101.53,62.51,39.02,0.38431990544666605,True,True,Febrero
90,BELLE,Belleza,2019-03-01,2019,3,101.82,62.49,39.32999999999999,0.38626988803771356,False,False,Ninguno
90,BELLE,Belleza,2019-04-01,2019,4,101.77,62.4,39.37,0.3868527070846025,False,False,Ninguno
90,BELLE,Belleza,2019-05-01,2019,5,106.14,62.45,43.69,0.4116261541360467,False,True,Esporádico
90,BELLE,Belleza,2019-06-01,2019,6,106.55,62.49,44.059999999999995,0.4135147817925856,False,False,Ninguno
90,BELLE,Belleza,2019-07-01,2019,7,109.25,63.66,45.59,0.4172997711670481,True,True,Julio
90,BELLE,Belleza,2019-08-01,2019,8,108.97,63.73,45.24,0.4151601358171974,False,False,Ninguno
90,BELLE,Belleza,2019-09-01,2019,9,108.89,63.76,45.13,0.41445495454128023,False,False,Ninguno
90,BELLE,Belleza,2019-10-01,2019,10,108.96,63.74,45.21999999999999,0.41501468428781196,False,False,Ninguno
90,BELLE,Belleza,2019-11-01,2019,11,109.43,63.65,45.78000000000001,0.418349629900393,False,False,Ninguno
90,BELLE,Belleza,2019-12-01,2019,12,109.24,68.88,40.36,0.36946173562797513,True,True,Esporádico
90,BELLE,Belleza,2020-01-01,2020,1,109.34,68.87,40.47,0.3701298701298701,False,False,Ninguno
90,BELLE,Belleza,2020-02-01,2020,2,106.24,70.12,36.11999999999999,0.33998493975903604,True,True,Febrero
90,BELLE,Belleza,2020-03-01,2020,3,106.07,70.29,35.77999999999999,0.33732440840954075,False,False,Ninguno
90,BELLE,Belleza,2020-04-01,2020,4,106.07,70.24,35.83,0.3377957952295654,False,False,Ninguno
90,BELLE,Belleza,2020-05-01,2020,5,106.09,71.72,34.370000000000005,0.3239702139692714,True,False,Esporádico
90,BELLE,Belleza,2020-06-01,2020,6,106.21,71.77,34.44,0.32426325204782974,False,False,Ninguno
90,BELLE,Belleza,2020-07-01,2020,7,107.57,71.69,35.879999999999995,0.33355024635121316,False,True,Julio
90,BELLE,Belleza,2020-08-01,2020,8,107.62,71.73,35.89,0.3334881992194759,False,False,Ninguno
90,BELLE,Belleza,2020-09-01,2020,9,107.78,71.83,35.95,0.333549823714975,False,False,Ninguno
90,BELLE,Belleza,2020-10-01,2020,10,107.79,71.83,35.96000000000001,0.33361165228685413,False,False,Ninguno
90,BELLE,Belleza,2020-11-01,2020,11,107.74,71.85,35.89,0.33311676257657324,False,False,Ninguno
90,BELLE,Belleza,2020-12-01,2020,12,107.43,71.85,35.58000000000001,0.33119240435632513,False,False,Ninguno
90,BELLE,Belleza,2021-01-01,2021,1,107.7,71.59,36.11,0.3352831940575673,False,False,Ninguno
90,BELLE,Belleza,2021-02-01,2021,2,106.88,77.82,29.060000000000002,0.27189371257485034,True,True,Febrero
90,BELLE,Belleza,2021-03-01,2021,3,106.92,77.76,29.159999999999997,0.2727272727272727,False,False,Ninguno
90,BELLE,Belleza,2021-04-01,2021,4,107.04,77.96,29.080000000000013,0.2716741405082213,False,False,Ninguno
90,BELLE,Belleza,2021-05-01,2021,5,106.67,77.75,28.92,0.27111652760851224,False,False,Ninguno
90,BELLE,Belleza,2021-06-01,2021,6,106.71,77.78,28.929999999999993,0.27110861212632364,False,False,Ninguno
90,BELLE,Belleza,2021-07-01,2021,7,107.02,79.33,27.689999999999998,0.2587366847318258,True,False,Julio
90,BELLE,Belleza,2021-08-01,2021,8,106.48,79.51,26.97,0.2532870022539444,False,False,Ninguno
90,BELLE,Belleza,2021-09-01,2021,9,106.92,79.53,27.39,0.25617283950617287,False,False,Ninguno
90,BELLE,Belleza,2021-10-01,2021,10,106.71,79.38,27.33,0.256114703401743,False,False,Ninguno
90,BELLE,Belleza,2021-11-01,2021,11,106.67,79.38,27.290000000000006,0.25583575513265217,False,False,Ninguno
90,BELLE,Belleza,2021-12-01,2021,12,106.52,79.41,27.11,0.25450619601952684,False,False,Esporádico
90,BELLE,Belleza,2022-01-01,2022,1,106.64,79.41,27.230000000000004,0.25534508627156793,False,False,Ninguno
90,BELLE,Belleza,2022-02-01,2022,2,101.6,79.39,22.209999999999994,0.21860236220472437,False,True,Febrero
90,BELLE,Belleza,2022-03-01,2022,3,101.29,79.35,21.940000000000012,0.2166057853687433,False,False,Ninguno
90,BELLE,Belleza,2022-04-01,2022,4,101.62,79.5,22.120000000000005,0.21767368628222794,False,False,Ninguno
90,BELLE,Belleza,2022-05-01,2022,5,101.34,79.38,21.960000000000008,0.2166962699822381,False,True,Esporádico
90,BELLE,Belleza,2022-06-01,2022,6,101.41,79.23,22.179999999999993,0.2187161029484271,False,False,Ninguno
90,BELLE,Belleza,2022-07-01,2022,7,100.84,85.09,15.75,0.15618802062673542,True,True,Julio
90,BELLE,Belleza,2022-08-01,2022,8,100.67,85.12,15.549999999999997,0.15446508393761793,False,False,Ninguno
90,BELLE,Belleza,2022-09-01,2022,9,100.99,84.96,16.03,0.1587285869888108,False,False,Esporádico
90,BELLE,Belleza,2022-10-01,2022,10,100.64,86.71,13.930000000000007,0.13841414944356129,True,False,Esporádico
90,BELLE,Belleza,2022-11-01,2022,11,100.93,86.7,14.230000000000004,0.1409888041216685,False,False,Ninguno
90,BELLE,Belleza,2022-12-01,2022,12,101.23,86.56,14.670000000000002,0.14491751457077942,False,False,Ninguno
90,BELLE,Belleza,2023-01-01,2023,1,100.8,86.8,14.0,0.1388888888888889,False,False,Ninguno
90,BELLE,Belleza,2023-02-01,2023,2,112.76,89.67,23.090000000000003,0.20477119545938277,True,True,Febrero
90,BELLE,Belleza,2023-03-01,2023,3,112.86,89.62,23.239999999999995,0.20591883749778483,False,False,Ninguno
90,BELLE,Belleza,2023-04-01,2023,4,113.16,89.48,23.679999999999993,0.20926122304701303,False,False,Ninguno
90,BELLE,Belleza,2023-05-01,2023,5,116.7,89.5,27.200000000000003,0.233076263924593,False,True,Esporádico
90,BELLE,Belleza,2023-06-01,2023,6,116.45,89.43,27.019999999999996,0.23203091455560323,False,False,Esporádico
90,BELLE,Belleza,2023-07-01,2023,7,123.66,99.35,24.310000000000002,0.1965874171114346,True,True,Julio
90,BELLE,Belleza,2023-08-01,2023,8,124.18,99.24,24.940000000000012,0.20083749396038017,False,False,Ninguno
90,BELLE,Belleza,2023-09-01,2023,9,123.57,99.15,24.419999999999987,0.19762078174314146,False,False,Ninguno
90,BELLE,Belleza,2023-10-01,2023,10,123.74,99.23,24.50999999999999,0.198076612251495,False,False,Ninguno
90,BELLE,Belleza,2023-11-01,2023,11,124.11,99.09,25.019999999999996,0.20159535895576502,False,False,Esporádico
90,BELLE,Belleza,2023-12-01,2023,12,123.88,99.42,24.459999999999994,0.19744914433322566,False,False,Ninguno
90,BELLE,Belleza,2024-01-01,2024,1,124.09,99.33,24.760000000000005,0.19953259730840522,False,False,Ninguno
90,BELLE,Belleza,2024-02-01,2024,2,127.63,109.22,18.409999999999997,0.14424508344433123,True,True,Febrero
90,BELLE,Belleza,2024-03-01,2024,3,127.81,109.16,18.650000000000006,0.1459197245911901,False,False,Ninguno
90,BELLE,Belleza,2024-04-01,2024,4,127.76,109.32,18.440000000000012,0.14433312460864128,False,False,Ninguno
90,BELLE,Belleza,2024-05-01,2024,5,127.99,109.18,18.809999999999988,0.1469646066098913,False,False,Ninguno
90,BELLE,Belleza,2024-06-01,2024,6,130.88,111.71,19.17,0.1464700488997555,True,True,Esporádico
90,BELLE,Belleza,2024-07-01,2024,7,143.53,117.89,25.64,0.17863861213683552,True,True,Julio
90,BELLE,Belleza,2024-08-01,2024,8,143.3,118.15,25.150000000000006,0.1755059316120028,False,False,Ninguno
90,BELLE,Belleza,2024-09-01,2024,9,143.15,117.96,25.190000000000012,0.17596926301082788,False,False,Ninguno
90,BELLE,Belleza,2024-10-01,2024,10,143.21,118.1,25.110000000000014,0.17533691781300198,False,False,Ninguno
90,BELLE,Belleza,2024-11-01,2024,11,142.75,118.12,24.629999999999995,0.17253940455341502,False,False,Ninguno
90,BELLE,Belleza,2024-12-01,2024,12,143.05,117.95,25.10000000000001,0.17546312478154497,False,False,Esporádico
90,BELLE,Belleza,2025-01-01,2025,1,142.83,117.91,24.920000000000016,0.1744731498984808,False,False,Esporádico
90,BELLE,Belleza,2025-02-01,2025,2,151.13,120.17,30.959999999999994,0.20485674584794544,True,True,Febrero
90,BELLE,Belleza,2025-03-01,2025,3,150.94,120.51,30.429999999999993,0.20160328607393663,False,False,Ninguno
90,BELLE,Belleza,2025-04-01,2025,4,155.82,123.03,32.78999999999999,0.21043511744320365,True,True,Esporádico
90,BELLE,Belleza,2025-05-01,2025,5,155.92,122.83,33.08999999999999,0.21222421754746018,False,False,Ninguno
90,BELLE,Belleza,2025-06-01,2025,6,155.14,122.62,32.51999999999998,0.20961712002062644,False,False,Ninguno
90,BELLE,Belleza,2025-07-01,2025,7,153.56,130.86,22.69999999999999,0.1478249544152122,True,True,Julio
90,BELLE,Belleza,2025-08-01,2025,8,155.08,131.13,23.950000000000017,0.15443641991230342,False,True,Esporádico
90,BELLE,Belleza,2025-09-01,2025,9,154.35,133.47,20.879999999999995,0.13527696793002914,True,False,Esporádico
90,BELLE,Belleza,2025-10-01,2025,10,154.31,133.45,20.860000000000014,0.1351824249886593,False,False,Ninguno
90,BELLE,Belleza,2025-11-01,2025,11,154.53,133.64,20.890000000000015,0.1351841066459588,False,False,Ninguno
91,ELEC,Electrónica,2018-07-01,2018,7,321.67,251.98,69.69000000000003,0.21665060465694663,False,False,Ninguno
91,ELEC,Electrónica,2018-08-01,2018,8,318.72,251.91,66.81000000000003,0.20961972891566272,False,True,Esporádico
91,ELEC,Electrónica,2018-09-01,2018,9,319.64,251.28,68.35999999999999,0.21386559879864844,False,False,Ninguno
91,ELEC,Electrónica,2018-10-01,2018,10,318.44,251.53,66.91,0.21011807561864088,False,False,Ninguno
91,ELEC,Electrónica,2018-11-01,2018,11,319.75,252.07,67.68,0.2116653635652854,False,False,Ninguno
91,ELEC,Electrónica,2018-12-01,2018,12,318.7,251.54,67.16,0.21073109507373705,False,False,Esporádico
91,ELEC,Electrónica,2019-01-01,2019,1,319.43,251.78,67.65,0.21178348934038757,False,False,Ninguno
91,ELEC,Electrónica,2019-02-01,2019,2,368.66,256.49,112.17000000000002,0.30426409157489287,True,True,Febrero
91,ELEC,Electrónica,2019-03-01,2019,3,367.25,257.19,110.06,0.2996868618107556,False,False,Ninguno
91,ELEC,Electrónica,2019-04-01,2019,4,367.18,256.99,110.19,0.3000980445558037,False,False,Ninguno
91,ELEC,Electrónica,2019-05-01,2019,5,368.42,256.98,111.44,0.30248086423104065,False,False,Ninguno
91,ELEC,Electrónica,2019-06-01,2019,6,368.24,256.47,111.76999999999998,0.3035248750814685,False,False,Ninguno
91,ELEC,Electrónica,2019-07-01,2019,7,395.21,256.59,138.62,0.3507502340527821,False,True,Julio
91,ELEC,Electrónica,2019-08-01,2019,8,396.17,256.31,139.86,0.35303026478531946,False,False,Ninguno
91,ELEC,Electrónica,2019-09-01,2019,9,396.76,257.22,139.53999999999996,0.3516987599556406,False,False,Ninguno
91,ELEC,Electrónica,2019-10-01,2019,10,396.08,256.67,139.40999999999997,0.35197434861644106,False,False,Ninguno
91,ELEC,Electrónica,2019-11-01,2019,11,395.19,256.51,138.68,0.35091981072395556,False,False,Ninguno
91,ELEC,Electrónica,2019-12-01,2019,12,395.91,256.71,139.20000000000005,0.35159505948321595,False,False,Ninguno
91,ELEC,Electrónica,2020-01-01,2020,1,397.07,256.75,140.32,0.3533885712846601,False,False,Ninguno
91,ELEC,Electrónica,2020-02-01,2020,2,384.78,271.27,113.50999999999999,0.29499974011123237,True,True,Febrero
91,ELEC,Electrónica,2020-03-01,2020,3,383.95,271.14,112.81,0.2938142987368147,False,False,Esporádico
91,ELEC,Electrónica,2020-04-01,2020,4,384.2,270.74,113.45999999999998,0.29531494013534615,False,False,Ninguno
91,ELEC,Electrónica,2020-05-01,2020,5,400.28,269.35,130.92999999999995,0.32709603277705596,True,True,Esporádico
91,ELEC,Electrónica,2020-06-01,2020,6,401.67,268.47,133.2,0.3316155052655164,False,False,Ninguno
91,ELEC,Electrónica,2020-07-01,2020,7,401.65,269.05,132.59999999999997,0.33013818000746914,False,True,Julio
91,ELEC,Electrónica,2020-08-01,2020,8,401.94,268.73,133.20999999999998,0.33141762452107276,False,False,Ninguno
91,ELEC,Electrónica,2020-09-01,2020,9,402.07,268.97,133.09999999999997,0.3310368841246548,False,False,Ninguno
91,ELEC,Electrónica,2020-10-01,2020,10,402.07,269.2,132.87,0.3304648444300744,False,False,Ninguno
91,ELEC,Electrónica,2020-11-01,2020,11,400.57,268.4,132.17000000000002,0.32995481438949503,False,False,Ninguno
91,ELEC,Electrónica,2020-12-01,2020,12,401.04,268.48,132.56,0.3305405944544185,False,False,Ninguno
91,ELEC,Electrónica,2021-01-01,2021,1,401.11,269.34,131.77000000000004,0.3285133753833114,False,False,Ninguno
91,ELEC,Electrónica,2021-02-01,2021,2,409.13,306.62,102.50999999999999,0.25055605797668223,True,True,Febrero
91,ELEC,Electrónica,2021-03-01,2021,3,417.2,307.17,110.02999999999997,0.2637344199424736,False,True,Esporádico
91,ELEC,Electrónica,2021-04-01,2021,4,418.04,307.36,110.68,0.26475935317194527,False,False,Ninguno
91,ELEC,Electrónica,2021-05-01,2021,5,416.83,307.13,109.69999999999999,0.2631768346808051,False,False,Ninguno
91,ELEC,Electrónica,2021-06-01,2021,6,418.86,306.81,112.05000000000001,0.2675118177911474,False,False,Ninguno
91,ELEC,Electrónica,2021-07-01,2021,7,416.72,307.28,109.44000000000005,0.2626223843348053,False,False,Julio
91,ELEC,Electrónica,2021-08-01,2021,8,417.71,306.57,111.13999999999999,0.2660697613176606,False,False,Ninguno
91,ELEC,Electrónica,2021-09-01,2021,9,418.43,306.41,112.01999999999998,0.2677150299930693,False,False,Ninguno
91,ELEC,Electrónica,2021-10-01,2021,10,417.47,306.43,111.04000000000002,0.26598318442043745,False,False,Ninguno
91,ELEC,Electrónica,2021-11-01,2021,11,431.1,322.34,108.76000000000005,0.2522848527023893,True,True,Esporádico
91,ELEC,Electrónica,2021-12-01,2021,12,430.45,321.54,108.90999999999997,0.25301428737367865,False,False,Ninguno
91,ELEC,Electrónica,2022-01-01,2022,1,429.69,321.68,108.00999999999999,0.25136726477227767,False,False,Ninguno
91,ELEC,Electrónica,2022-02-01,2022,2,438.71,328.26,110.44999999999999,0.2517608442934968,True,True,Febrero
91,ELEC,Electrónica,2022-03-01,2022,3,438.9,328.79,110.10999999999996,0.25087719298245603,False,False,Ninguno
91,ELEC,Electrónica,2022-04-01,2022,4,436.98,328.6,108.38,0.2480205043709094,False,False,Ninguno
91,ELEC,Electrónica,2022-05-01,2022,5,437.19,328.24,108.94999999999999,0.24920515107847843,False,False,Ninguno
91,ELEC,Electrónica,2022-06-01,2022,6,438.11,328.24,109.87,0.2507817671361074,False,False,Ninguno
91,ELEC,Electrónica,2022-07-01,2022,7,431.82,336.96,94.86000000000001,0.21967486452688623,True,True,Julio
91,ELEC,Electrónica,2022-08-01,2022,8,433.29,337.07,96.22000000000003,0.22206836068222213,False,False,Esporádico
91,ELEC,Electrónica,2022-09-01,2022,9,433.13,337.08,96.05000000000001,0.2217579017846836,False,False,Ninguno
91,ELEC,Electrónica,2022-10-01,2022,10,431.44,337.45,93.99000000000001,0.21785184498423885,False,False,Ninguno
91,ELEC,Electrónica,2022-11-01,2022,11,432.75,338.02,94.73000000000002,0.21890236857307918,False,False,Ninguno
91,ELEC,Electrónica,2022-12-01,2022,12,433.57,337.25,96.32,0.2221555919459372,False,False,Ninguno
91,ELEC,Electrónica,2023-01-01,2023,1,431.77,336.99,94.77999999999997,0.21951501957060465,False,False,Ninguno
91,ELEC,Electrónica,2023-02-01,2023,2,476.08,376.29,99.78999999999996,0.20960762896992094,True,True,Febrero
91,ELEC,Electrónica,2023-03-01,2023,3,476.8,377.15,99.65000000000003,0.20899748322147657,False,False,Ninguno
91,ELEC,Electrónica,2023-04-01,2023,4,477.38,376.15,101.23000000000002,0.21205329087938335,False,False,Ninguno
91,ELEC,Electrónica,2023-05-01,2023,5,476.03,377.22,98.80999999999995,0.2075709514106253,False,False,Ninguno
91,ELEC,Electrónica,2023-06-01,2023,6,477.54,377.01,100.53000000000003,0.21051639653222773,False,False,Ninguno
91,ELEC,Electrónica,2023-07-01,2023,7,525.22,384.37,140.85000000000002,0.2681733368873996,True,True,Julio
91,ELEC,Electrónica,2023-08-01,2023,8,526.88,385.43,141.45,0.2684672031582144,False,False,Ninguno
91,ELEC,Electrónica,2023-09-01,2023,9,526.58,384.69,141.89000000000004,0.2694557332219227,False,False,Ninguno
91,ELEC,Electrónica,2023-10-01,2023,10,527.21,385.17,142.04000000000002,0.26941825837901406,False,False,Ninguno
91,ELEC,Electrónica,2023-11-01,2023,11,526.12,385.44,140.68,0.26739146962670113,False,False,Ninguno
91,ELEC,Electrónica,2023-12-01,2023,12,526.79,384.47,142.31999999999994,0.2701645817118775,False,False,Ninguno
91,ELEC,Electrónica,2024-01-01,2024,1,526.65,384.66,141.98999999999995,0.26960979777841065,False,False,Ninguno
91,ELEC,Electrónica,2024-02-01,2024,2,553.01,393.33,159.68,0.28874703893238823,True,True,Febrero
91,ELEC,Electrónica,2024-03-01,2024,3,550.91,393.02,157.89,0.2865985369661106,False,False,Ninguno
91,ELEC,Electrónica,2024-04-01,2024,4,552.96,392.89,160.07000000000005,0.2894784432870371,False,False,Ninguno
91,ELEC,Electrónica,2024-05-01,2024,5,552.67,392.89,159.77999999999997,0.2891056145620352,False,False,Ninguno
91,ELEC,Electrónica,2024-06-01,2024,6,551.16,393.04,158.11999999999995,0.2868858407721895,False,False,Ninguno
91,ELEC,Electrónica,2024-07-01,2024,7,572.01,402.58,169.43,0.296201115365116,True,True,Julio
91,ELEC,Electrónica,2024-08-01,2024,8,573.5,403.06,170.44,0.29719267654751524,False,False,Ninguno
91,ELEC,Electrónica,2024-09-01,2024,9,574.34,403.38,170.96000000000004,0.2976634049517708,False,False,Ninguno
91,ELEC,Electrónica,2024-10-01,2024,10,573.19,403.42,169.77000000000004,0.2961845112440901,False,False,Ninguno
91,ELEC,Electrónica,2024-11-01,2024,11,573.77,403.26,170.51,0.29717482614985097,False,False,Ninguno
91,ELEC,Electrónica,2024-12-01,2024,12,573.84,402.92,170.92000000000002,0.29785306008643525,False,False,Ninguno
91,ELEC,Electrónica,2025-01-01,2025,1,615.15,402.56,212.58999999999997,0.34559050638055755,False,True,Esporádico
91,ELEC,Electrónica,2025-02-01,2025,2,614.12,410.76,203.36,0.3311404937145835,True,False,Febrero
91,ELEC,Electrónica,2025-03-01,2025,3,615.06,410.51,204.54999999999995,0.3325691802425779,False,False,Ninguno
91,ELEC,Electrónica,2025-04-01,2025,4,614.22,411.65,202.57000000000005,0.3298003972517991,False,False,Esporádico
91,ELEC,Electrónica,2025-05-01,2025,5,615.25,411.04,204.20999999999998,0.3319138561560341,False,False,Ninguno
91,ELEC,Electrónica,2025-06-01,2025,6,613.65,411.66,201.98999999999995,0.32916157418724024,False,False,Ninguno
91,ELEC,Electrónica,2025-07-01,2025,7,642.33,430.54,211.79000000000002,0.32972148272694723,True,True,Julio
91,ELEC,Electrónica,2025-08-01,2025,8,641.93,430.1,211.82999999999993,0.3299892511644571,False,False,Esporádico
91,ELEC,Electrónica,2025-09-01,2025,9,644.23,431.17,213.06,0.33072039489002375,False,False,Ninguno
91,ELEC,Electrónica,2025-10-01,2025,10,642.7,431.63,211.07000000000005,0.3284113894507547,False,False,Ninguno
91,ELEC,Electrónica,2025-11-01,2025,11,641.27,431.01,210.26,0.32788061191073964,False,False,Ninguno
92,ROPA,Ropa,2018-07-01,2018,7,132.39,85.8,46.58999999999999,0.35191479719012003,False,False,Ninguno
92,ROPA,Ropa,2018-08-01,2018,8,131.9,85.81,46.09,0.34943138741470814,False,False,Ninguno
92,ROPA,Ropa,2018-09-01,2018,9,132.11,85.99,46.12000000000002,0.3491030202104308,False,False,Ninguno
92,ROPA,Ropa,2018-10-01,2018,10,133.18,87.48,45.7,0.3431446163087551,True,True,Esporádico
92,ROPA,Ropa,2018-11-01,2018,11,133.2,87.53,45.66999999999999,0.3428678678678678,False,False,Ninguno
92,ROPA,Ropa,2018-12-01,2018,12,132.95,87.48,45.469999999999985,0.34200827378713794,False,False,Ninguno
92,ROPA,Ropa,2019-01-01,2019,1,133.08,87.66,45.420000000000016,0.34129846708746625,False,False,Ninguno
92,ROPA,Ropa,2019-02-01,2019,2,132.35,93.9,38.44999999999999,0.2905175670570456,True,True,Febrero
92,ROPA,Ropa,2019-03-01,2019,3,131.69,93.75,37.94,0.288100842888602,False,False,Ninguno
92,ROPA,Ropa,2019-04-01,2019,4,132.15,93.8,38.35000000000001,0.2902005297010973,False,False,Esporádico
92,ROPA,Ropa,2019-05-01,2019,5,131.8,93.81,37.99000000000001,0.2882397572078908,False,False,Ninguno
92,ROPA,Ropa,2019-06-01,2019,6,132.13,93.89,38.239999999999995,0.28941194278362214,False,False,Ninguno
92,ROPA,Ropa,2019-07-01,2019,7,138.65,95.95,42.7,0.3079697078975839,True,True,Julio
92,ROPA,Ropa,2019-08-01,2019,8,138.39,95.89,42.499999999999986,0.3071031143868776,False,False,Esporádico
92,ROPA,Ropa,2019-09-01,2019,9,139.78,95.76,44.019999999999996,0.31492345113750175,False,True,Esporádico
92,ROPA,Ropa,2019-10-01,2019,10,139.81,95.77,44.040000000000006,0.3149989271153709,False,False,Ninguno
92,ROPA,Ropa,2019-11-01,2019,11,139.17,95.97,43.19999999999999,0.31041172666522954,False,False,Ninguno
92,ROPA,Ropa,2019-12-01,2019,12,139.23,95.61,43.61999999999999,0.3132945485886662,False,False,Ninguno
92,ROPA,Ropa,2020-01-01,2020,1,139.22,95.74,43.480000000000004,0.3123114495043816,False,False,Ninguno
92,ROPA,Ropa,2020-02-01,2020,2,131.87,109.72,22.150000000000006,0.16796845378023814,True,True,Febrero
92,ROPA,Ropa,2020-03-01,2020,3,132.26,109.99,22.269999999999996,0.1683804627249357,False,False,Ninguno
92,ROPA,Ropa,2020-04-01,2020,4,132.5,109.98,22.519999999999996,0.16996226415094337,False,False,Ninguno
92,ROPA,Ropa,2020-05-01,2020,5,131.91,109.8,22.11,0.16761428246531726,False,False,Ninguno
92,ROPA,Ropa,2020-06-01,2020,6,131.9,109.67,22.230000000000004,0.16853677028051556,False,False,Ninguno
92,ROPA,Ropa,2020-07-01,2020,7,131.76,109.89,21.86999999999999,0.16598360655737698,False,False,Julio
92,ROPA,Ropa,2020-08-01,2020,8,132.21,109.6,22.610000000000014,0.17101580818394987,False,False,Ninguno
92,ROPA,Ropa,2020-09-01,2020,9,132.26,109.86,22.39999999999999,0.1693633751701194,False,False,Ninguno
92,ROPA,Ropa,2020-10-01,2020,10,132.37,109.75,22.620000000000005,0.17088464153509106,False,False,Ninguno
92,ROPA,Ropa,2020-11-01,2020,11,131.81,109.82,21.99000000000001,0.16683104468553228,False,False,Ninguno
92,ROPA,Ropa,2020-12-01,2020,12,132.48,109.93,22.549999999999983,0.1702143719806762,False,False,Ninguno
92,ROPA,Ropa,2021-01-01,2021,1,132.04,109.61,22.429999999999993,0.16987276582853675,False,False,Ninguno
92,ROPA,Ropa,2021-02-01,2021,2,150.47,112.33,38.14,0.2534724529806606,True,True,Febrero
92,ROPA,Ropa,2021-03-01,2021,3,150.31,112.51,37.8,0.2514802741001929,False,False,Ninguno
92,ROPA,Ropa,2021-04-01,2021,4,149.96,112.29,37.67,0.2512003200853561,False,False,Ninguno
92,ROPA,Ropa,2021-05-01,2021,5,149.98,112.22,37.75999999999999,0.2517669022536338,False,False,Ninguno
92,ROPA,Ropa,2021-06-01,2021,6,150.52,112.36,38.16000000000001,0.25352112676056343,False,False,Ninguno
92,ROPA,Ropa,2021-07-01,2021,7,152.67,112.54,40.12999999999998,0.2628545228270124,False,True,Julio
92,ROPA,Ropa,2021-08-01,2021,8,161.06,112.64,48.42,0.3006333043586241,False,True,Esporádico
92,ROPA,Ropa,2021-09-01,2021,9,161.43,112.59,48.84,0.30254599516818437,False,False,Ninguno
92,ROPA,Ropa,2021-10-01,2021,10,161.46,112.57,48.890000000000015,0.3027994549733681,False,False,Ninguno
92,ROPA,Ropa,2021-11-01,2021,11,161.05,112.39,48.66000000000001,0.3021421918658802,False,False,Ninguno
92,ROPA,Ropa,2021-12-01,2021,12,161.35,112.23,49.11999999999999,0.3044313603966532,False,False,Ninguno
92,ROPA,Ropa,2022-01-01,2022,1,161.55,112.65,48.900000000000006,0.30269266480965645,False,False,Ninguno
92,ROPA,Ropa,2022-02-01,2022,2,179.76,114.58,65.17999999999999,0.36259457053849575,True,True,Febrero
92,ROPA,Ropa,2022-03-01,2022,3,191.45,116.87,74.57999999999998,0.3895534082005745,True,True,Esporádico
92,ROPA,Ropa,2022-04-01,2022,4,192.2,117.11,75.08999999999999,0.3906867845993756,False,False,Ninguno
92,ROPA,Ropa,2022-05-01,2022,5,191.82,117.1,74.72,0.38953185277864666,False,False,Ninguno
92,ROPA,Ropa,2022-06-01,2022,6,191.73,116.85,74.88,0.39054920982631824,False,False,Esporádico
92,ROPA,Ropa,2022-07-01,2022,7,191.57,115.91,75.66,0.3949470167562771,True,False,Julio
92,ROPA,Ropa,2022-08-01,2022,8,191.56,115.92,75.64,0.39486322823136355,False,False,Ninguno
92,ROPA,Ropa,2022-09-01,2022,9,191.51,115.92,75.58999999999999,0.39470523732442164,False,False,Ninguno
92,ROPA,Ropa,2022-10-01,2022,10,191.83,115.74,76.09000000000002,0.39665328676432265,False,False,Ninguno
92,ROPA,Ropa,2022-11-01,2022,11,192.21,115.57,76.64000000000001,0.39873055512200206,False,False,Ninguno
92,ROPA,Ropa,2022-12-01,2022,12,191.71,115.8,75.91000000000001,0.39596265192217417,False,False,Ninguno
92,ROPA,Ropa,2023-01-01,2023,1,192.12,115.92,76.2,0.3966271080574641,False,False,Ninguno
92,ROPA,Ropa,2023-02-01,2023,2,220.29,122.01,98.27999999999999,0.44613918017159193,True,True,Febrero
92,ROPA,Ropa,2023-03-01,2023,3,220.6,122.27,98.33,0.4457388939256573,False,False,Ninguno
92,ROPA,Ropa,2023-04-01,2023,4,220.57,122.21,98.36,0.44593553067053543,False,False,Ninguno
92,ROPA,Ropa,2023-05-01,2023,5,221.23,122.18,99.04999999999998,0.4477240880531573,False,False,Esporádico
92,ROPA,Ropa,2023-06-01,2023,6,221.46,122.27,99.19000000000001,0.4478912670459677,False,False,Ninguno
92,ROPA,Ropa,2023-07-01,2023,7,222.1,126.72,95.38,0.4294461954074741,True,True,Julio
92,ROPA,Ropa,2023-08-01,2023,8,221.28,126.56,94.72,0.42805495300072305,False,False,Ninguno
92,ROPA,Ropa,2023-09-01,2023,9,221.82,127.01,94.80999999999999,0.42741862771616623,False,False,Ninguno
92,ROPA,Ropa,2023-10-01,2023,10,221.27,126.66,94.61000000000001,0.4275771681655896,False,False,Ninguno
92,ROPA,Ropa,2023-11-01,2023,11,222.16,126.98,95.17999999999999,0.42842996038890885,False,False,Ninguno
92,ROPA,Ropa,2023-12-01,2023,12,235.89,129.48,106.41,0.45110008902454535,True,True,Esporádico
92,ROPA,Ropa,2024-01-01,2024,1,236.03,129.35,106.68,0.4519764436724146,False,False,Ninguno
92,ROPA,Ropa,2024-02-01,2024,2,259.94,131.94,128.0,0.492421327998769,True,True,Febrero
92,ROPA,Ropa,2024-03-01,2024,3,259.93,131.7,128.23000000000002,0.49332512599546036,False,False,Ninguno
92,ROPA,Ropa,2024-04-01,2024,4,259.63,131.81,127.82,0.49231598813696414,False,False,Ninguno
92,ROPA,Ropa,2024-05-01,2024,5,256.82,131.98,124.84,0.4860992134568959,False,True,Esporádico
92,ROPA,Ropa,2024-06-01,2024,6,256.05,131.85,124.20000000000002,0.48506151142355014,False,False,Ninguno
92,ROPA,Ropa,2024-07-01,2024,7,277.18,137.29,139.89000000000001,0.5046900930803089,True,True,Julio
92,ROPA,Ropa,2024-08-01,2024,8,278.34,137.26,141.07999999999998,0.5068621110871596,False,False,Ninguno
92,ROPA,Ropa,2024-09-01,2024,9,276.77,137.31,139.45999999999998,0.5038840914839036,False,False,Ninguno
92,ROPA,Ropa,2024-10-01,2024,10,277.93,137.54,140.39000000000001,0.5051271902997158,False,False,Ninguno
92,ROPA,Ropa,2024-11-01,2024,11,276.88,137.65,139.23,0.5028532216122508,False,True,Esporádico
92,ROPA,Ropa,2024-12-01,2024,12,276.51,137.39,139.12,0.5031282774583198,False,False,Ninguno
92,ROPA,Ropa,2025-01-01,2025,1,276.28,137.6,138.67999999999998,0.5019545388736064,False,False,Ninguno
92,ROPA,Ropa,2025-02-01,2025,2,307.88,140.19,167.69,0.5446602572430818,True,True,Febrero
92,ROPA,Ropa,2025-03-01,2025,3,307.96,139.97,167.98999999999998,0.545492921158592,False,False,Ninguno
92,ROPA,Ropa,2025-04-01,2025,4,307.42,140.28,167.14000000000001,0.5436861622535945,False,False,Ninguno
92,ROPA,Ropa,2025-05-01,2025,5,307.4,140.3,167.09999999999997,0.5435914118412492,False,False,Ninguno
92,ROPA,Ropa,2025-06-01,2025,6,306.82,140.28,166.54,0.5427938204810638,False,False,Ninguno
92,ROPA,Ropa,2025-07-01,2025,7,339.03,146.03,192.99999999999997,0.5692711559449016,True,True,Julio
92,ROPA,Ropa,2025-08-01,2025,8,339.91,145.9,194.01000000000002,0.5707687328998853,False,False,Ninguno
92,ROPA,Ropa,2025-09-01,2025,9,338.92,146.2,192.72000000000003,0.5686297651363154,False,False,Ninguno
92,ROPA,Ropa,2025-10-01,2025,10,340.06,145.93,194.13,0.5708698464976769,False,False,Ninguno
92,ROPA,Ropa,2025-11-01,2025,11,338.71,146.17,192.54,0.5684508871896312,False,False,Ninguno
93,DEPOR,Deportes,2018-07-01,2018,7,108.56,77.87,30.689999999999998,0.2827008106116433,False,False,Ninguno
93,DEPOR,Deportes,2018-08-01,2018,8,108.26,77.95,30.310000000000002,0.2799741363384445,False,False,Ninguno
93,DEPOR,Deportes,2018-09-01,2018,9,108.23,77.94,30.290000000000006,0.2798669500138594,False,False,Ninguno
93,DEPOR,Deportes,2018-10-01,2018,10,108.6,77.76,30.83999999999999,0.2839779005524861,False,False,Ninguno
93,DEPOR,Deportes,2018-11-01,2018,11,108.17,77.78,30.39,0.28094665803827307,False,False,Ninguno
93,DEPOR,Deportes,2018-12-01,2018,12,108.05,77.99,30.060000000000002,0.27820453493752895,False,False,Ninguno
93,DEPOR,Deportes,2019-01-01,2019,1,108.57,77.92,30.64999999999999,0.2823063461361333,False,False,Ninguno
93,DEPOR,Deportes,2019-02-01,2019,2,114.22,77.69,36.53,0.3198213973034495,False,True,Febrero
93,DEPOR,Deportes,2019-03-01,2019,3,114.25,77.72,36.53,0.3197374179431072,False,False,Ninguno
93,DEPOR,Deportes,2019-04-01,2019,4,114.26,77.93,36.33,0.3179590407841764,False,False,Ninguno
93,DEPOR,Deportes,2019-05-01,2019,5,114.35,77.82,36.53,0.3194578049846961,False,False,Ninguno
93,DEPOR,Deportes,2019-06-01,2019,6,114.55,77.87,36.67999999999999,0.3202095154954168,False,False,Esporádico
93,DEPOR,Deportes,2019-07-01,2019,7,114.53,77.78,36.75,0.32087662621147295,False,False,Julio
93,DEPOR,Deportes,2019-08-01,2019,8,114.17,77.86,36.31,0.3180345099413156,False,False,Ninguno
93,DEPOR,Deportes,2019-09-01,2019,9,114.21,77.78,36.42999999999999,0.3189738201558532,False,False,Ninguno
93,DEPOR,Deportes,2019-10-01,2019,10,114.12,77.88,36.24000000000001,0.31756046267087285,False,False,Ninguno
93,DEPOR,Deportes,2019-11-01,2019,11,114.36,77.97,36.39,0.318205666316894,False,False,Ninguno
93,DEPOR,Deportes,2019-12-01,2019,12,114.0,77.97,36.03,0.31605263157894736,False,False,Ninguno
93,DEPOR,Deportes,2020-01-01,2020,1,114.56,79.32,35.24000000000001,0.3076117318435755,True,False,Esporádico
93,DEPOR,Deportes,2020-02-01,2020,2,110.85,80.96,29.89,0.26964366260712674,True,True,Febrero
93,DEPOR,Deportes,2020-03-01,2020,3,110.78,81.03,29.75,0.26855027983390506,False,False,Ninguno
93,DEPOR,Deportes,2020-04-01,2020,4,110.92,80.94,29.980000000000004,0.2702848900108186,False,False,Esporádico
93,DEPOR,Deportes,2020-05-01,2020,5,110.57,81.05,29.519999999999996,0.2669801935425522,False,False,Ninguno
93,DEPOR,Deportes,2020-06-01,2020,6,110.9,80.96,29.940000000000012,0.26997294860234455,False,False,Ninguno
93,DEPOR,Deportes,2020-07-01,2020,7,110.76,81.01,29.75,0.26859877211989885,False,False,Julio
93,DEPOR,Deportes,2020-08-01,2020,8,110.44,80.96,29.480000000000004,0.2669322709163347,False,False,Ninguno
93,DEPOR,Deportes,2020-09-01,2020,9,110.69,81.06,29.629999999999995,0.26768452434727613,False,False,Ninguno
93,DEPOR,Deportes,2020-10-01,2020,10,113.43,81.03,32.400000000000006,0.2856387199153663,False,True,Esporádico
93,DEPOR,Deportes,2020-11-01,2020,11,113.93,81.08,32.85000000000001,0.28833494250855796,False,False,Ninguno
93,DEPOR,Deportes,2020-12-01,2020,12,113.5,81.11,32.39,0.285374449339207,False,False,Ninguno
93,DEPOR,Deportes,2021-01-01,2021,1,113.84,80.95,32.89,0.2889142656359803,False,False,Ninguno
93,DEPOR,Deportes,2021-02-01,2021,2,121.18,87.19,33.99000000000001,0.2804918303350388,True,True,Febrero
93,DEPOR,Deportes,2021-03-01,2021,3,120.82,87.04,33.77999999999999,0.2795894719417314,False,False,Esporádico
93,DEPOR,Deportes,2021-04-01,2021,4,120.79,86.89,33.900000000000006,0.28065237188508985,False,False,Ninguno
93,DEPOR,Deportes,2021-05-01,2021,5,121.08,87.18,33.89999999999999,0.2799801783944499,False,False,Ninguno
93,DEPOR,Deportes,2021-06-01,2021,6,121.4,87.03,34.370000000000005,0.2831136738056013,False,False,Ninguno
93,DEPOR,Deportes,2021-07-01,2021,7,121.74,90.68,31.059999999999988,0.25513389190077207,True,True,Julio
93,DEPOR,Deportes,2021-08-01,2021,8,121.76,90.4,31.36,0.25755584756898814,False,False,Ninguno
93,DEPOR,Deportes,2021-09-01,2021,9,121.82,90.47,31.349999999999994,0.25734690527007054,False,False,Ninguno
93,DEPOR,Deportes,2021-10-01,2021,10,121.77,90.62,31.14999999999999,0.25581013385891427,False,False,Ninguno
93,DEPOR,Deportes,2021-11-01,2021,11,121.68,90.62,31.060000000000002,0.25525969756738986,False,False,Ninguno
93,DEPOR,Deportes,2021-12-01,2021,12,121.99,90.43,31.559999999999988,0.25870973030576266,False,False,Ninguno
93,DEPOR,Deportes,2022-01-01,2022,1,122.24,90.71,31.53,0.25793520942408377,False,False,Ninguno
93,DEPOR,Deportes,2022-02-01,2022,2,141.88,90.61,51.269999999999996,0.3613617141246123,False,True,Febrero
93,DEPOR,Deportes,2022-03-01,2022,3,141.83,90.6,51.23000000000002,0.3612070788972715,False,False,Ninguno
93,DEPOR,Deportes,2022-04-01,2022,4,141.76,90.43,51.329999999999984,0.3620908577878103,False,False,Ninguno
93,DEPOR,Deportes,2022-05-01,2022,5,141.68,90.52,51.16000000000001,0.36109542631281766,False,False,Ninguno
93,DEPOR,Deportes,2022-06-01,2022,6,141.41,90.57,50.84,0.3595219574287533,False,False,Ninguno
93,DEPOR,Deportes,2022-07-01,2022,7,141.36,90.51,50.85000000000001,0.3597198641765705,False,False,Julio
93,DEPOR,Deportes,2022-08-01,2022,8,141.4,90.73,50.67,0.3583451202263083,False,False,Ninguno
93,DEPOR,Deportes,2022-09-01,2022,9,143.25,90.7,52.55,0.3668411867364747,False,True,Esporádico
93,DEPOR,Deportes,2022-10-01,2022,10,143.17,90.43,52.73999999999998,0.3683732625550044,False,False,Ninguno
93,DEPOR,Deportes,2022-11-01,2022,11,143.01,90.42,52.58999999999999,0.3677365219215439,False,False,Ninguno
93,DEPOR,Deportes,2022-12-01,2022,12,143.22,90.4,52.81999999999999,0.3688032397709817,False,False,Ninguno
93,DEPOR,Deportes,2023-01-01,2023,1,143.34,90.67,52.67,0.3674480256732245,False,False,Ninguno
93,DEPOR,Deportes,2023-02-01,2023,2,142.25,97.53,44.72,0.3143760984182777,True,True,Febrero
93,DEPOR,Deportes,2023-03-01,2023,3,142.26,97.43,44.829999999999984,0.31512723182904534,False,False,Ninguno
93,DEPOR,Deportes,2023-04-01,2023,4,142.24,97.58,44.66000000000001,0.31397637795275596,False,False,Ninguno
93,DEPOR,Deportes,2023-05-01,2023,5,141.82,97.52,44.3,0.31236779015653643,False,False,Ninguno
93,DEPOR,Deportes,2023-06-01,2023,6,142.2,97.69,44.50999999999999,0.31300984528832626,False,False,Ninguno
93,DEPOR,Deportes,2023-07-01,2023,7,141.59,99.38,42.21000000000001,0.2981142736068932,True,False,Julio
93,DEPOR,Deportes,2023-08-01,2023,8,141.88,103.27,38.61,0.272131378629828,True,False,Esporádico
93,DEPOR,Deportes,2023-09-01,2023,9,142.05,102.88,39.170000000000016,0.27574797606476603,False,False,Ninguno
93,DEPOR,Deportes,2023-10-01,2023,10,141.9,102.99,38.91000000000001,0.2742071881606766,False,False,Ninguno
93,DEPOR,Deportes,2023-11-01,2023,11,141.59,103.07,38.52000000000001,0.2720531110954164,False,False,Ninguno
93,DEPOR,Deportes,2023-12-01,2023,12,141.89,103.07,38.81999999999999,0.2735922193248291,False,False,Ninguno
93,DEPOR,Deportes,2024-01-01,2024,1,142.08,103.17,38.91000000000001,0.27385979729729737,False,False,Ninguno
93,DEPOR,Deportes,2024-02-01,2024,2,140.34,99.7,40.64,0.28958244263930455,True,True,Febrero
93,DEPOR,Deportes,2024-03-01,2024,3,141.03,99.86,41.17,0.2919237041764164,False,False,Ninguno
93,DEPOR,Deportes,2024-04-01,2024,4,140.7,99.86,40.83999999999999,0.29026297085998576,False,False,Ninguno
93,DEPOR,Deportes,2024-05-01,2024,5,140.46,99.76,40.7,0.2897622098818169,False,False,Ninguno
93,DEPOR,Deportes,2024-06-01,2024,6,141.01,99.96,41.05,0.29111410538259697,False,False,Ninguno
93,DEPOR,Deportes,2024-07-01,2024,7,145.77,99.71,46.06000000000002,0.3159772243945943,False,True,Julio
93,DEPOR,Deportes,2024-08-01,2024,8,145.76,99.65,46.109999999999985,0.31634193194291976,False,False,Ninguno
93,DEPOR,Deportes,2024-09-01,2024,9,145.2,99.92,45.27999999999999,0.3118457300275481,False,False,Ninguno
93,DEPOR,Deportes,2024-10-01,2024,10,145.95,99.99,45.959999999999994,0.3149023638232271,False,False,Ninguno
93,DEPOR,Deportes,2024-11-01,2024,11,145.53,99.97,45.56,0.3130625987768845,False,False,Ninguno
93,DEPOR,Deportes,2024-12-01,2024,12,145.6,99.69,45.91,0.31531593406593406,False,False,Ninguno
93,DEPOR,Deportes,2025-01-01,2025,1,145.27,99.76,45.510000000000005,0.3132787223790184,False,False,Ninguno
93,DEPOR,Deportes,2025-02-01,2025,2,139.29,102.4,36.889999999999986,0.26484313303180407,True,True,Febrero
93,DEPOR,Deportes,2025-03-01,2025,3,139.81,102.57,37.24000000000001,0.26636149059437814,False,False,Ninguno
93,DEPOR,Deportes,2025-04-01,2025,4,140.08,102.28,37.80000000000001,0.26984580239862943,False,False,Ninguno
93,DEPOR,Deportes,2025-05-01,2025,5,139.77,102.27,37.500000000000014,0.26829791800815633,False,False,Ninguno
93,DEPOR,Deportes,2025-06-01,2025,6,139.93,102.58,37.35000000000001,0.2669191738726507,False,False,Ninguno
93,DEPOR,Deportes,2025-07-01,2025,7,152.73,104.54,48.18999999999998,0.31552412754534137,True,True,Julio
93,DEPOR,Deportes,2025-08-01,2025,8,152.8,104.32,48.48000000000002,0.31727748691099483,False,False,Ninguno
93,DEPOR,Deportes,2025-09-01,2025,9,155.92,104.63,51.28999999999999,0.3289507439712673,False,True,Esporádico
93,DEPOR,Deportes,2025-10-01,2025,10,155.64,104.59,51.04999999999998,0.328000514006682,False,False,Ninguno
93,DEPOR,Deportes,2025-11-01,2025,11,155.68,104.36,51.32000000000001,0.3296505652620761,False,False,Esporádico
94,ROPA,Ropa,2018-07-01,2018,7,22.03,13.73,8.3,0.37675896504766226,True,True,Esporádico
94,ROPA,Ropa,2018-08-01,2018,8,22.03,13.72,8.31,0.3772128915115751,False,False,Ninguno
94,ROPA,Ropa,2018-09-01,2018,9,23.02,13.7,9.32,0.40486533449174633,False,True,Esporádico
94,ROPA,Ropa,2018-10-01,2018,10,23.94,13.75,10.190000000000001,0.42564745196324144,False,True,Esporádico
94,ROPA,Ropa,2018-11-01,2018,11,23.95,13.74,10.209999999999999,0.4263048016701461,False,False,Esporádico
94,ROPA,Ropa,2018-12-01,2018,12,23.96,13.72,10.24,0.4273789649415693,False,False,Ninguno
94,ROPA,Ropa,2019-01-01,2019,1,23.89,13.74,10.15,0.42486395981582253,False,False,Ninguno
94,ROPA,Ropa,2019-02-01,2019,2,24.32,13.71,10.61,0.436266447368421,False,True,Febrero
94,ROPA,Ropa,2019-03-01,2019,3,24.74,14.28,10.459999999999999,0.42279708973322555,True,True,Esporádico
94,ROPA,Ropa,2019-04-01,2019,4,24.79,14.27,10.52,0.4243646631706333,False,False,Ninguno
94,ROPA,Ropa,2019-05-01,2019,5,24.76,14.26,10.500000000000002,0.4240710823909532,False,False,Ninguno
94,ROPA,Ropa,2019-06-01,2019,6,24.69,14.24,10.450000000000001,0.42324827865532605,False,False,Ninguno
94,ROPA,Ropa,2019-07-01,2019,7,25.29,14.26,11.03,0.4361407671016212,False,True,Julio
94,ROPA,Ropa,2019-08-01,2019,8,25.27,14.29,10.98,0.43450732093391375,False,False,Ninguno
94,ROPA,Ropa,2019-09-01,2019,9,25.29,14.25,11.04,0.4365361803084223,False,False,Ninguno
94,ROPA,Ropa,2019-10-01,2019,10,25.2,14.27,10.93,0.43373015873015874,False,False,Ninguno
94,ROPA,Ropa,2019-11-01,2019,11,25.15,14.28,10.87,0.43220675944333997,False,False,Ninguno
94,ROPA,Ropa,2019-12-01,2019,12,25.27,14.24,11.03,0.43648595172140875,False,False,Ninguno
94,ROPA,Ropa,2020-01-01,2020,1,25.2,14.27,10.93,0.43373015873015874,False,False,Ninguno
94,ROPA,Ropa,2020-02-01,2020,2,28.77,14.99,13.78,0.4789711505039972,True,True,Febrero
94,ROPA,Ropa,2020-03-01,2020,3,28.75,14.96,13.79,0.47965217391304343,False,False,Ninguno
94,ROPA,Ropa,2020-04-01,2020,4,28.77,15.01,13.76,0.478275981925617,False,False,Ninguno
94,ROPA,Ropa,2020-05-01,2020,5,28.78,14.98,13.8,0.4794996525364837,False,False,Ninguno
94,ROPA,Ropa,2020-06-01,2020,6,28.8,15.0,13.8,0.4791666666666667,False,False,Ninguno
94,ROPA,Ropa,2020-07-01,2020,7,27.88,15.59,12.29,0.44081779053084647,True,True,Julio
94,ROPA,Ropa,2020-08-01,2020,8,27.88,15.59,12.29,0.44081779053084647,False,False,Esporádico
94,ROPA,Ropa,2020-09-01,2020,9,27.84,15.58,12.26,0.4403735632183908,False,False,Ninguno
94,ROPA,Ropa,2020-10-01,2020,10,29.36,15.56,13.799999999999999,0.4700272479564032,False,True,Esporádico
94,ROPA,Ropa,2020-11-01,2020,11,29.5,15.55,13.95,0.4728813559322034,False,False,Ninguno
94,ROPA,Ropa,2020-12-01,2020,12,29.75,15.58,14.17,0.47630252100840337,False,True,Esporádico
94,ROPA,Ropa,2021-01-01,2021,1,29.79,15.55,14.239999999999998,0.4780127559583753,False,False,Ninguno
94,ROPA,Ropa,2021-02-01,2021,2,29.38,15.89,13.489999999999998,0.45915588835942817,True,True,Febrero
94,ROPA,Ropa,2021-03-01,2021,3,29.37,15.86,13.510000000000002,0.45999319033026903,False,False,Ninguno
94,ROPA,Ropa,2021-04-01,2021,4,29.48,15.88,13.6,0.4613297150610583,False,False,Ninguno
94,ROPA,Ropa,2021-05-01,2021,5,29.43,15.88,13.549999999999999,0.4604145429833503,False,False,Ninguno
94,ROPA,Ropa,2021-06-01,2021,6,31.18,16.16,15.02,0.4817190506735087,True,True,Esporádico
94,ROPA,Ropa,2021-07-01,2021,7,33.26,16.51,16.749999999999996,0.5036079374624173,True,True,Julio
94,ROPA,Ropa,2021-08-01,2021,8,33.41,16.5,16.909999999999997,0.5061358874588446,False,False,Ninguno
94,ROPA,Ropa,2021-09-01,2021,9,33.39,16.53,16.86,0.5049415992812218,False,False,Ninguno
94,ROPA,Ropa,2021-10-01,2021,10,33.34,16.51,16.830000000000002,0.5047990401919616,False,False,Ninguno
94,ROPA,Ropa,2021-11-01,2021,11,33.23,16.5,16.729999999999997,0.5034607282575985,False,False,Ninguno
94,ROPA,Ropa,2021-12-01,2021,12,33.34,16.5,16.840000000000003,0.5050989802039593,False,False,Ninguno
94,ROPA,Ropa,2022-01-01,2022,1,33.7,16.53,17.17,0.5094955489614243,False,True,Esporádico
94,ROPA,Ropa,2022-02-01,2022,2,33.75,16.74,17.01,0.504,True,False,Febrero
94,ROPA,Ropa,2022-03-01,2022,3,33.44,16.75,16.689999999999998,0.4991028708133971,False,True,Esporádico
94,ROPA,Ropa,2022-04-01,2022,4,33.47,16.76,16.709999999999997,0.4992530624439796,False,False,Ninguno
94,ROPA,Ropa,2022-05-01,2022,5,33.47,16.75,16.72,0.4995518374663878,False,False,Ninguno
94,ROPA,Ropa,2022-06-01,2022,6,33.43,16.77,16.66,0.4983547711636255,False,False,Ninguno
94,ROPA,Ropa,2022-07-01,2022,7,34.01,17.78,16.229999999999997,0.47721258453396054,True,True,Julio
94,ROPA,Ropa,2022-08-01,2022,8,33.98,17.79,16.189999999999998,0.4764567392583873,False,False,Ninguno
94,ROPA,Ropa,2022-09-01,2022,9,33.89,17.74,16.150000000000002,0.4765417527294188,False,False,Esporádico
94,ROPA,Ropa,2022-10-01,2022,10,34.04,17.76,16.279999999999998,0.47826086956521735,False,False,Ninguno
94,ROPA,Ropa,2022-11-01,2022,11,34.02,17.76,16.26,0.4779541446208113,False,False,Ninguno
94,ROPA,Ropa,2022-12-01,2022,12,33.92,17.74,16.180000000000003,0.47700471698113217,False,False,Ninguno
94,ROPA,Ropa,2023-01-01,2023,1,33.99,17.78,16.21,0.4769049720506031,False,False,Ninguno
94,ROPA,Ropa,2023-02-01,2023,2,35.58,20.24,15.34,0.4311410905002811,True,True,Febrero
94,ROPA,Ropa,2023-03-01,2023,3,35.44,20.25,15.189999999999998,0.4286117381489842,False,False,Ninguno
94,ROPA,Ropa,2023-04-01,2023,4,35.49,20.24,15.250000000000004,0.4296985066215836,False,False,Ninguno
94,ROPA,Ropa,2023-05-01,2023,5,35.54,20.21,15.329999999999998,0.43134496342149686,False,False,Ninguno
94,ROPA,Ropa,2023-06-01,2023,6,35.43,20.23,15.2,0.4290149590742309,False,True,Esporádico
94,ROPA,Ropa,2023-07-01,2023,7,35.83,20.85,14.979999999999997,0.41808540329332955,True,True,Julio
94,ROPA,Ropa,2023-08-01,2023,8,35.97,20.77,15.2,0.422574367528496,False,False,Ninguno
94,ROPA,Ropa,2023-09-01,2023,9,35.83,20.83,15.0,0.4186435947530003,False,False,Ninguno
94,ROPA,Ropa,2023-10-01,2023,10,35.89,20.85,15.04,0.4190582334912232,False,False,Ninguno
94,ROPA,Ropa,2023-11-01,2023,11,35.89,20.85,15.04,0.4190582334912232,False,False,Ninguno
94,ROPA,Ropa,2023-12-01,2023,12,35.88,20.81,15.070000000000004,0.4200111482720179,False,False,Ninguno
94,ROPA,Ropa,2024-01-01,2024,1,35.79,21.22,14.57,0.40709695445655214,True,False,Esporádico
94,ROPA,Ropa,2024-02-01,2024,2,40.87,21.66,19.209999999999997,0.4700269146072914,True,True,Febrero
94,ROPA,Ropa,2024-03-01,2024,3,40.84,21.69,19.150000000000002,0.4689030362389814,False,False,Ninguno
94,ROPA,Ropa,2024-04-01,2024,4,40.75,21.69,19.06,0.4677300613496932,False,False,Ninguno
94,ROPA,Ropa,2024-05-01,2024,5,40.78,21.62,19.16,0.46983815595880335,False,False,Ninguno
94,ROPA,Ropa,2024-06-01,2024,6,40.9,21.65,19.25,0.47066014669926654,False,False,Ninguno
94,ROPA,Ropa,2024-07-01,2024,7,42.65,21.63,21.02,0.4928487690504103,False,True,Julio
94,ROPA,Ropa,2024-08-01,2024,8,42.5,21.65,20.85,0.49058823529411766,False,False,Ninguno
94,ROPA,Ropa,2024-09-01,2024,9,42.7,21.65,21.050000000000004,0.49297423887587827,False,False,Ninguno
94,ROPA,Ropa,2024-10-01,2024,10,42.61,21.68,20.93,0.49119924900258155,False,False,Ninguno
94,ROPA,Ropa,2024-11-01,2024,11,42.48,21.64,20.839999999999996,0.49058380414312613,False,False,Ninguno
94,ROPA,Ropa,2024-12-01,2024,12,42.65,21.65,21.0,0.49237983587338807,False,False,Ninguno
94,ROPA,Ropa,2025-01-01,2025,1,42.52,21.64,20.880000000000003,0.49106302916274697,False,False,Ninguno
94,ROPA,Ropa,2025-02-01,2025,2,46.12,24.57,21.549999999999997,0.4672593235039028,True,True,Febrero
94,ROPA,Ropa,2025-03-01,2025,3,46.25,24.57,21.68,0.46875675675675677,False,False,Ninguno
94,ROPA,Ropa,2025-04-01,2025,4,46.32,24.57,21.75,0.469559585492228,False,False,Esporádico
94,ROPA,Ropa,2025-05-01,2025,5,46.18,24.66,21.52,0.4660025985275011,False,False,Ninguno
94,ROPA,Ropa,2025-06-01,2025,6,46.28,24.6,21.68,0.46845289541918755,False,False,Ninguno
94,ROPA,Ropa,2025-07-01,2025,7,50.53,24.65,25.880000000000003,0.5121709875321592,False,True,Julio
94,ROPA,Ropa,2025-08-01,2025,8,50.74,24.58,26.160000000000004,0.5155695703586914,False,False,Ninguno
94,ROPA,Ropa,2025-09-01,2025,9,50.55,24.63,25.919999999999998,0.512759643916914,False,False,Ninguno
94,ROPA,Ropa,2025-10-01,2025,10,50.75,24.61,26.14,0.5150738916256158,False,False,Ninguno
94,ROPA,Ropa,2025-11-01,2025,11,50.77,24.58,26.190000000000005,0.5158558203663581,False,False,Esporádico
95,BELLE,Belleza,2018-07-01,2018,7,10.02,6.29,3.7299999999999995,0.37225548902195604,False,False,Ninguno
95,BELLE,Belleza,2018-08-01,2018,8,10.05,6.29,3.7600000000000007,0.3741293532338309,False,False,Ninguno
95,BELLE,Belleza,2018-09-01,2018,9,10.03,6.3,3.7299999999999995,0.3718843469591226,False,False,Ninguno
95,BELLE,Belleza,2018-10-01,2018,10,10.04,6.29,3.749999999999999,0.3735059760956175,False,False,Ninguno
95,BELLE,Belleza,2018-11-01,2018,11,10.3,6.29,4.010000000000001,0.3893203883495146,False,True,Esporádico
95,BELLE,Belleza,2018-12-01,2018,12,10.34,6.28,4.06,0.39264990328820115,False,False,Ninguno
95,BELLE,Belleza,2019-01-01,2019,1,10.36,6.28,4.079999999999999,0.39382239382239376,False,False,Ninguno
95,BELLE,Belleza,2019-02-01,2019,2,10.33,6.29,4.04,0.3910939012584705,False,False,Febrero
95,BELLE,Belleza,2019-03-01,2019,3,10.33,6.29,4.04,0.3910939012584705,False,False,Ninguno
95,BELLE,Belleza,2019-04-01,2019,4,10.67,6.27,4.4,0.4123711340206186,False,True,Esporádico
95,BELLE,Belleza,2019-05-01,2019,5,10.69,6.28,4.409999999999999,0.41253507951356405,False,False,Ninguno
95,BELLE,Belleza,2019-06-01,2019,6,10.66,6.28,4.38,0.41088180112570355,False,False,Ninguno
95,BELLE,Belleza,2019-07-01,2019,7,10.65,6.43,4.220000000000001,0.3962441314553991,True,False,Julio
95,BELLE,Belleza,2019-08-01,2019,8,10.68,6.43,4.25,0.39794007490636707,False,False,Ninguno
95,BELLE,Belleza,2019-09-01,2019,9,10.66,6.43,4.23,0.39681050656660416,False,False,Ninguno
95,BELLE,Belleza,2019-10-01,2019,10,10.66,6.43,4.23,0.39681050656660416,False,False,Ninguno
95,BELLE,Belleza,2019-11-01,2019,11,10.71,6.42,4.290000000000001,0.40056022408963593,False,False,Ninguno
95,BELLE,Belleza,2019-12-01,2019,12,10.68,6.43,4.25,0.39794007490636707,False,False,Ninguno
95,BELLE,Belleza,2020-01-01,2020,1,10.69,6.44,4.249999999999999,0.3975678203928905,False,False,Ninguno
95,BELLE,Belleza,2020-02-01,2020,2,10.86,6.55,4.31,0.39686924493554326,True,True,Febrero
95,BELLE,Belleza,2020-03-01,2020,3,10.81,6.55,4.260000000000001,0.3940795559666975,False,False,Ninguno
95,BELLE,Belleza,2020-04-01,2020,4,10.83,6.56,4.2700000000000005,0.39427516158818104,False,False,Esporádico
95,BELLE,Belleza,2020-05-01,2020,5,10.87,6.56,4.31,0.39650413983440663,False,False,Ninguno
95,BELLE,Belleza,2020-06-01,2020,6,10.86,6.56,4.3,0.39594843462246776,False,False,Ninguno
95,BELLE,Belleza,2020-07-01,2020,7,10.75,6.55,4.2,0.39069767441860465,False,True,Julio
95,BELLE,Belleza,2020-08-01,2020,8,10.77,6.54,4.2299999999999995,0.3927576601671309,False,False,Ninguno
95,BELLE,Belleza,2020-09-01,2020,9,10.64,6.56,4.080000000000001,0.38345864661654144,False,True,Esporádico
95,BELLE,Belleza,2020-10-01,2020,10,10.61,6.55,4.06,0.3826578699340245,False,False,Ninguno
95,BELLE,Belleza,2020-11-01,2020,11,10.64,6.55,4.090000000000001,0.3843984962406016,False,False,Ninguno
95,BELLE,Belleza,2020-12-01,2020,12,10.6,6.56,4.04,0.38113207547169814,False,False,Ninguno
95,BELLE,Belleza,2021-01-01,2021,1,10.61,6.55,4.06,0.3826578699340245,False,False,Ninguno
95,BELLE,Belleza,2021-02-01,2021,2,10.26,6.86,3.3999999999999995,0.3313840155945419,True,True,Febrero
95,BELLE,Belleza,2021-03-01,2021,3,10.24,6.86,3.38,0.330078125,False,False,Ninguno
95,BELLE,Belleza,2021-04-01,2021,4,10.24,6.86,3.38,0.330078125,False,False,Ninguno
95,BELLE,Belleza,2021-05-01,2021,5,10.24,6.84,3.4000000000000004,0.33203125000000006,False,False,Ninguno
95,BELLE,Belleza,2021-06-01,2021,6,10.23,6.84,3.3900000000000006,0.33137829912023464,False,False,Ninguno
95,BELLE,Belleza,2021-07-01,2021,7,10.22,7.19,3.0300000000000002,0.2964774951076321,True,False,Julio
95,BELLE,Belleza,2021-08-01,2021,8,10.25,7.17,3.08,0.30048780487804877,False,False,Ninguno
95,BELLE,Belleza,2021-09-01,2021,9,10.24,7.18,3.0600000000000005,0.29882812500000006,False,False,Ninguno
95,BELLE,Belleza,2021-10-01,2021,10,10.21,7.19,3.0200000000000005,0.2957884427032321,False,False,Ninguno
95,BELLE,Belleza,2021-11-01,2021,11,10.22,7.19,3.0300000000000002,0.2964774951076321,False,False,Ninguno
95,BELLE,Belleza,2021-12-01,2021,12,10.23,7.19,3.04,0.29716520039100686,False,False,Ninguno
95,BELLE,Belleza,2022-01-01,2022,1,10.25,7.18,3.0700000000000003,0.29951219512195126,False,False,Ninguno
95,BELLE,Belleza,2022-02-01,2022,2,11.76,6.92,4.84,0.41156462585034015,True,True,Febrero
95,BELLE,Belleza,2022-03-01,2022,3,11.75,6.94,4.81,0.40936170212765954,False,False,Ninguno
95,BELLE,Belleza,2022-04-01,2022,4,11.78,6.92,4.859999999999999,0.4125636672325976,False,False,Ninguno
95,BELLE,Belleza,2022-05-01,2022,5,11.76,6.94,4.819999999999999,0.40986394557823125,False,False,Ninguno
95,BELLE,Belleza,2022-06-01,2022,6,12.24,6.94,5.3,0.4330065359477124,False,True,Esporádico
95,BELLE,Belleza,2022-07-01,2022,7,12.24,6.94,5.3,0.4330065359477124,False,False,Julio
95,BELLE,Belleza,2022-08-01,2022,8,12.22,7.16,5.0600000000000005,0.41407528641571195,True,True,Esporádico
95,BELLE,Belleza,2022-09-01,2022,9,12.85,7.14,5.71,0.44435797665369653,False,True,Esporádico
95,BELLE,Belleza,2022-10-01,2022,10,12.86,7.16,5.699999999999999,0.4432348367029549,False,False,Ninguno
95,BELLE,Belleza,2022-11-01,2022,11,12.85,7.16,5.6899999999999995,0.44280155642023344,False,False,Esporádico
95,BELLE,Belleza,2022-12-01,2022,12,12.88,7.15,5.73,0.4448757763975155,False,False,Ninguno
95,BELLE,Belleza,2023-01-01,2023,1,12.83,7.16,5.67,0.4419329696024941,False,False,Ninguno
95,BELLE,Belleza,2023-02-01,2023,2,14.65,7.29,7.36,0.5023890784982935,True,True,Febrero
95,BELLE,Belleza,2023-03-01,2023,3,14.67,7.28,7.39,0.5037491479209271,False,False,Ninguno
95,BELLE,Belleza,2023-04-01,2023,4,14.69,7.3,7.39,0.5030633083730429,False,False,Ninguno
95,BELLE,Belleza,2023-05-01,2023,5,14.71,7.3,7.410000000000001,0.503738953093134,False,False,Ninguno
95,BELLE,Belleza,2023-06-01,2023,6,14.65,7.28,7.37,0.5030716723549488,False,False,Ninguno
95,BELLE,Belleza,2023-07-01,2023,7,14.66,7.29,7.37,0.5027285129604365,False,False,Julio
95,BELLE,Belleza,2023-08-01,2023,8,14.7,7.28,7.419999999999999,0.5047619047619047,False,False,Ninguno
95,BELLE,Belleza,2023-09-01,2023,9,14.71,7.31,7.400000000000001,0.5030591434398369,False,False,Ninguno
95,BELLE,Belleza,2023-10-01,2023,10,14.7,7.31,7.39,0.5027210884353741,False,False,Ninguno
95,BELLE,Belleza,2023-11-01,2023,11,14.67,7.3,7.37,0.5023858214042263,False,False,Ninguno
95,BELLE,Belleza,2023-12-01,2023,12,14.66,7.31,7.3500000000000005,0.5013642564802183,False,False,Ninguno
95,BELLE,Belleza,2024-01-01,2024,1,14.67,7.29,7.38,0.5030674846625767,False,False,Ninguno
95,BELLE,Belleza,2024-02-01,2024,2,17.08,7.31,9.77,0.5720140515222483,False,True,Febrero
95,BELLE,Belleza,2024-03-01,2024,3,17.05,7.3,9.75,0.5718475073313782,False,False,Ninguno
95,BELLE,Belleza,2024-04-01,2024,4,17.07,7.31,9.760000000000002,0.5717633274751026,False,False,Ninguno
95,BELLE,Belleza,2024-05-01,2024,5,17.03,7.31,9.720000000000002,0.5707574867880213,False,False,Ninguno
95,BELLE,Belleza,2024-06-01,2024,6,17.08,7.29,9.79,0.5731850117096019,False,False,Ninguno
95,BELLE,Belleza,2024-07-01,2024,7,17.05,7.13,9.920000000000002,0.5818181818181819,True,False,Julio
95,BELLE,Belleza,2024-08-01,2024,8,17.03,7.13,9.900000000000002,0.5813270698766883,False,False,Ninguno
95,BELLE,Belleza,2024-09-01,2024,9,17.04,7.12,9.919999999999998,0.5821596244131455,False,False,Ninguno
95,BELLE,Belleza,2024-10-01,2024,10,17.05,7.12,9.93,0.5824046920821114,False,False,Ninguno
95,BELLE,Belleza,2024-11-01,2024,11,17.07,7.13,9.940000000000001,0.5823081429408319,False,False,Ninguno
95,BELLE,Belleza,2024-12-01,2024,12,17.09,7.11,9.98,0.5839672322995905,False,False,Ninguno
95,BELLE,Belleza,2025-01-01,2025,1,17.03,7.11,9.920000000000002,0.5825014679976512,False,False,Esporádico
95,BELLE,Belleza,2025-02-01,2025,2,17.22,7.25,9.969999999999999,0.5789779326364692,True,True,Febrero
95,BELLE,Belleza,2025-03-01,2025,3,17.14,7.27,9.870000000000001,0.5758459743290549,False,False,Ninguno
95,BELLE,Belleza,2025-04-01,2025,4,17.22,7.27,9.95,0.5778164924506388,False,False,Ninguno
95,BELLE,Belleza,2025-05-01,2025,5,17.21,7.25,9.96,0.5787332945961651,False,False,Ninguno
95,BELLE,Belleza,2025-06-01,2025,6,17.19,7.26,9.930000000000001,0.5776614310645725,False,False,Ninguno
95,BELLE,Belleza,2025-07-01,2025,7,16.6,7.48,9.120000000000001,0.5493975903614458,True,True,Julio
95,BELLE,Belleza,2025-08-01,2025,8,16.61,7.47,9.14,0.5502709211318484,False,False,Ninguno
95,BELLE,Belleza,2025-09-01,2025,9,16.62,7.48,9.14,0.5499398315282792,False,False,Ninguno
95,BELLE,Belleza,2025-10-01,2025,10,16.64,7.47,9.170000000000002,0.5510817307692308,False,False,Ninguno
95,BELLE,Belleza,2025-11-01,2025,11,16.64,7.48,9.16,0.5504807692307693,False,False,Ninguno
96,ELEC,Electrónica,2018-07-01,2018,7,576.66,472.71,103.94999999999999,0.1802621995630007,False,False,Ninguno
96,ELEC,Electrónica,2018-08-01,2018,8,575.01,474.14,100.87,0.17542303612111096,False,False,Ninguno
96,ELEC,Electrónica,2018-09-01,2018,9,575.29,472.43,102.85999999999996,0.17879678075405442,False,False,Ninguno
96,ELEC,Electrónica,2018-10-01,2018,10,600.96,473.1,127.86000000000001,0.21275958466453676,False,True,Esporádico
96,ELEC,Electrónica,2018-11-01,2018,11,598.69,472.48,126.21000000000004,0.21081026908750777,False,False,Esporádico
96,ELEC,Electrónica,2018-12-01,2018,12,600.24,472.92,127.32,0.21211515393842462,False,False,Ninguno
96,ELEC,Electrónica,2019-01-01,2019,1,598.43,473.65,124.77999999999997,0.20851227378306567,False,False,Ninguno
96,ELEC,Electrónica,2019-02-01,2019,2,628.88,552.04,76.84000000000003,0.12218547258618502,True,True,Febrero
96,ELEC,Electrónica,2019-03-01,2019,3,664.78,562.37,102.40999999999997,0.15405096422876738,True,True,Esporádico
96,ELEC,Electrónica,2019-04-01,2019,4,665.18,562.06,103.12,0.15502570732733997,False,False,Ninguno
96,ELEC,Electrónica,2019-05-01,2019,5,665.8,562.17,103.63,0.15564734154400722,False,False,Ninguno
96,ELEC,Electrónica,2019-06-01,2019,6,662.49,561.97,100.51999999999998,0.15173059215988163,False,False,Ninguno
96,ELEC,Electrónica,2019-07-01,2019,7,688.18,573.18,115.0,0.1671074428201924,True,True,Julio
96,ELEC,Electrónica,2019-08-01,2019,8,687.95,573.26,114.69000000000005,0.16671269714368783,False,False,Ninguno
96,ELEC,Electrónica,2019-09-01,2019,9,689.1,574.04,115.06000000000006,0.16697141198664933,False,False,Ninguno
96,ELEC,Electrónica,2019-10-01,2019,10,688.62,575.0,113.62,0.16499665998663995,False,False,Ninguno
96,ELEC,Electrónica,2019-11-01,2019,11,686.63,574.45,112.17999999999995,0.16337765608843183,False,False,Ninguno
96,ELEC,Electrónica,2019-12-01,2019,12,688.98,574.44,114.53999999999996,0.1662457545937472,False,False,Ninguno
96,ELEC,Electrónica,2020-01-01,2020,1,687.25,572.76,114.49000000000001,0.16659148781375047,False,False,Ninguno
96,ELEC,Electrónica,2020-02-01,2020,2,731.98,560.4,171.58000000000004,0.23440531162053613,True,True,Febrero
96,ELEC,Electrónica,2020-03-01,2020,3,733.66,560.59,173.06999999999994,0.23589946296649666,False,False,Ninguno
96,ELEC,Electrónica,2020-04-01,2020,4,773.97,580.38,193.59000000000003,0.25012597387495644,True,True,Esporádico
96,ELEC,Electrónica,2020-05-01,2020,5,773.23,580.73,192.5,0.2489556794226815,False,False,Ninguno
96,ELEC,Electrónica,2020-06-01,2020,6,774.72,580.52,194.20000000000005,0.250671210243701,False,False,Ninguno
96,ELEC,Electrónica,2020-07-01,2020,7,783.5,602.55,180.95000000000005,0.23095086151882585,True,True,Julio
96,ELEC,Electrónica,2020-08-01,2020,8,781.81,602.11,179.69999999999993,0.22985124262928325,False,False,Ninguno
96,ELEC,Electrónica,2020-09-01,2020,9,780.96,601.89,179.07000000000005,0.2292947141979103,False,False,Ninguno
96,ELEC,Electrónica,2020-10-01,2020,10,780.72,602.38,178.34000000000003,0.22843016702531,False,False,Ninguno
96,ELEC,Electrónica,2020-11-01,2020,11,783.7,602.38,181.32000000000005,0.23136404236314922,False,False,Ninguno
96,ELEC,Electrónica,2020-12-01,2020,12,782.68,601.94,180.7399999999999,0.23092451576634118,False,False,Ninguno
96,ELEC,Electrónica,2021-01-01,2021,1,784.34,603.99,180.35000000000002,0.22993854705867356,False,False,Ninguno
96,ELEC,Electrónica,2021-02-01,2021,2,897.77,602.23,295.53999999999996,0.3291934459828241,True,True,Febrero
96,ELEC,Electrónica,2021-03-01,2021,3,902.07,603.83,298.24,0.3306173578547119,False,False,Ninguno
96,ELEC,Electrónica,2021-04-01,2021,4,900.98,602.56,298.4200000000001,0.33121711913693985,False,False,Ninguno
96,ELEC,Electrónica,2021-05-01,2021,5,898.43,603.06,295.37,0.32876239662522405,False,False,Ninguno
96,ELEC,Electrónica,2021-06-01,2021,6,899.91,601.92,297.99,0.33113311331133116,False,False,Ninguno
96,ELEC,Electrónica,2021-07-01,2021,7,967.69,614.12,353.57000000000005,0.36537527513976586,True,True,Julio
96,ELEC,Electrónica,2021-08-01,2021,8,968.9,615.55,353.35,0.3646919186706575,False,False,Ninguno
96,ELEC,Electrónica,2021-09-01,2021,9,967.35,614.12,353.23,0.36515221998242625,False,False,Ninguno
96,ELEC,Electrónica,2021-10-01,2021,10,965.3,615.41,349.89,0.36246762664456644,False,False,Ninguno
96,ELEC,Electrónica,2021-11-01,2021,11,968.77,614.31,354.46000000000004,0.3658866397596953,False,False,Ninguno
96,ELEC,Electrónica,2021-12-01,2021,12,965.85,615.26,350.59000000000003,0.36298597090645546,False,False,Ninguno
96,ELEC,Electrónica,2022-01-01,2022,1,970.22,615.29,354.93000000000006,0.3658242460472883,False,False,Ninguno
96,ELEC,Electrónica,2022-02-01,2022,2,964.95,626.44,338.51,0.35080574123011554,True,False,Febrero
96,ELEC,Electrónica,2022-03-01,2022,3,967.37,626.64,340.73,0.35222303772083075,False,False,Ninguno
96,ELEC,Electrónica,2022-04-01,2022,4,1008.96,648.02,360.94000000000005,0.35773469711385986,True,True,Esporádico
96,ELEC,Electrónica,2022-05-01,2022,5,1012.38,648.28,364.1,0.3596475631679804,False,False,Ninguno
96,ELEC,Electrónica,2022-06-01,2022,6,1012.68,649.11,363.56999999999994,0.3590176561203934,False,False,Ninguno
96,ELEC,Electrónica,2022-07-01,2022,7,1012.35,647.83,364.52,0.3600730972489751,False,False,Julio
96,ELEC,Electrónica,2022-08-01,2022,8,1012.02,647.5,364.52,0.36019051006897096,False,False,Ninguno
96,ELEC,Electrónica,2022-09-01,2022,9,1007.63,649.41,358.22,0.3555074779432927,False,False,Ninguno
96,ELEC,Electrónica,2022-10-01,2022,10,1039.49,648.63,390.86,0.37601131324014664,False,True,Esporádico
96,ELEC,Electrónica,2022-11-01,2022,11,1041.18,647.41,393.7700000000001,0.37819589312126634,False,False,Ninguno
96,ELEC,Electrónica,2022-12-01,2022,12,1036.15,648.55,387.60000000000014,0.3740771123872027,False,False,Ninguno
96,ELEC,Electrónica,2023-01-01,2023,1,1040.0,647.0,393.0,0.3778846153846154,False,False,Ninguno
96,ELEC,Electrónica,2023-02-01,2023,2,1015.67,610.0,405.66999999999996,0.39941122608721336,True,True,Febrero
96,ELEC,Electrónica,2023-03-01,2023,3,1014.39,610.28,404.11,0.3983773499344434,False,False,Ninguno
96,ELEC,Electrónica,2023-04-01,2023,4,1029.1,648.01,381.0899999999999,0.37031386648527836,True,True,Esporádico
96,ELEC,Electrónica,2023-05-01,2023,5,1027.57,647.97,379.5999999999999,0.3694152223206204,False,False,Ninguno
96,ELEC,Electrónica,2023-06-01,2023,6,1026.67,646.77,379.9000000000001,0.3700312661322529,False,False,Esporádico
96,ELEC,Electrónica,2023-07-01,2023,7,1023.59,673.39,350.20000000000005,0.3421291728133335,True,False,Julio
96,ELEC,Electrónica,2023-08-01,2023,8,1023.86,670.89,352.97,0.34474439864825274,False,False,Ninguno
96,ELEC,Electrónica,2023-09-01,2023,9,1024.22,672.71,351.51,0.3431977504832946,False,False,Ninguno
96,ELEC,Electrónica,2023-10-01,2023,10,1025.38,672.39,352.9900000000001,0.344252862353469,False,False,Ninguno
96,ELEC,Electrónica,2023-11-01,2023,11,1024.71,671.94,352.77,0.34426325496969873,False,False,Ninguno
96,ELEC,Electrónica,2023-12-01,2023,12,1026.99,673.04,353.95000000000005,0.34464795178141955,False,False,Ninguno
96,ELEC,Electrónica,2024-01-01,2024,1,1026.92,673.25,353.6700000000001,0.34439878471545987,False,False,Ninguno
96,ELEC,Electrónica,2024-02-01,2024,2,1001.0,671.17,329.83000000000004,0.32950049950049953,False,True,Febrero
96,ELEC,Electrónica,2024-03-01,2024,3,1045.6,686.48,359.1199999999999,0.3434583014537107,True,True,Esporádico
96,ELEC,Electrónica,2024-04-01,2024,4,1044.07,679.74,364.3299999999999,0.3489516986408957,True,False,Esporádico
96,ELEC,Electrónica,2024-05-01,2024,5,1045.59,678.25,367.3399999999999,0.3513231763884505,False,False,Ninguno
96,ELEC,Electrónica,2024-06-01,2024,6,1046.86,677.9,368.9599999999999,0.352444452935445,False,False,Ninguno
96,ELEC,Electrónica,2024-07-01,2024,7,1014.58,678.28,336.30000000000007,0.33146720810581726,False,True,Julio
96,ELEC,Electrónica,2024-08-01,2024,8,1011.1,678.3,332.80000000000007,0.3291464741370785,False,False,Ninguno
96,ELEC,Electrónica,2024-09-01,2024,9,1012.32,678.75,333.57000000000005,0.32951043148411574,False,False,Ninguno
96,ELEC,Electrónica,2024-10-01,2024,10,1010.07,679.66,330.4100000000001,0.3271159424594336,False,False,Ninguno
96,ELEC,Electrónica,2024-11-01,2024,11,1013.51,679.83,333.67999999999995,0.32923207467119214,False,False,Ninguno
96,ELEC,Electrónica,2024-12-01,2024,12,1009.44,679.42,330.0200000000001,0.326933745443018,False,False,Ninguno
96,ELEC,Electrónica,2025-01-01,2025,1,1012.52,677.52,335.0,0.3308576620708727,False,False,Ninguno
96,ELEC,Electrónica,2025-02-01,2025,2,1010.21,777.11,233.10000000000002,0.23074410271131746,True,False,Febrero
96,ELEC,Electrónica,2025-03-01,2025,3,1013.16,775.58,237.57999999999993,0.23449405819416472,False,False,Ninguno
96,ELEC,Electrónica,2025-04-01,2025,4,1009.96,777.54,232.42000000000007,0.2301279258584499,False,False,Ninguno
96,ELEC,Electrónica,2025-05-01,2025,5,1011.39,775.38,236.01,0.23335211936048408,False,False,Ninguno
96,ELEC,Electrónica,2025-06-01,2025,6,1013.2,777.11,236.09000000000003,0.23301421239636796,False,False,Ninguno
96,ELEC,Electrónica,2025-07-01,2025,7,1013.06,823.21,189.8499999999999,0.18740252304898022,True,False,Julio
96,ELEC,Electrónica,2025-08-01,2025,8,1014.41,826.09,188.31999999999994,0.18564485760195576,False,False,Ninguno
96,ELEC,Electrónica,2025-09-01,2025,9,1010.75,825.72,185.02999999999997,0.1830620826119218,False,False,Ninguno
96,ELEC,Electrónica,2025-10-01,2025,10,1014.08,825.32,188.76,0.18613916061849162,False,False,Ninguno
96,ELEC,Electrónica,2025-11-01,2025,11,1010.44,825.08,185.36,0.18344483591306757,False,False,Ninguno
97,ELEC,Electrónica,2018-07-01,2018,7,432.97,341.14,91.83000000000004,0.21209321662008923,True,True,Esporádico
97,ELEC,Electrónica,2018-08-01,2018,8,434.81,341.55,93.25999999999999,0.2144844874772889,False,False,Esporádico
97,ELEC,Electrónica,2018-09-01,2018,9,433.26,341.53,91.73000000000002,0.21172044499838438,False,False,Ninguno
97,ELEC,Electrónica,2018-10-01,2018,10,432.76,341.48,91.27999999999997,0.21092522414271184,False,False,Ninguno
97,ELEC,Electrónica,2018-11-01,2018,11,439.3,341.09,98.21000000000004,0.22356020942408383,False,True,Esporádico
97,ELEC,Electrónica,2018-12-01,2018,12,437.13,341.08,96.05000000000001,0.21972868483059962,False,False,Ninguno
97,ELEC,Electrónica,2019-01-01,2019,1,438.42,341.02,97.40000000000003,0.22216139774645324,False,False,Ninguno
97,ELEC,Electrónica,2019-02-01,2019,2,437.58,398.82,38.75999999999999,0.08857808857808856,True,False,Febrero
97,ELEC,Electrónica,2019-03-01,2019,3,437.53,397.62,39.90999999999997,0.09121660229012861,False,False,Ninguno
97,ELEC,Electrónica,2019-04-01,2019,4,461.07,397.33,63.74000000000001,0.13824365063873167,False,True,Esporádico
97,ELEC,Electrónica,2019-05-01,2019,5,461.4,398.18,63.21999999999997,0.1370177719982661,False,False,Ninguno
97,ELEC,Electrónica,2019-06-01,2019,6,461.71,397.47,64.23999999999995,0.1391349548417837,False,False,Ninguno
97,ELEC,Electrónica,2019-07-01,2019,7,508.04,405.47,102.57,0.20189355168884338,True,True,Julio
97,ELEC,Electrónica,2019-08-01,2019,8,542.11,406.7,135.41000000000003,0.24978325432107878,False,True,Esporádico
97,ELEC,Electrónica,2019-09-01,2019,9,541.11,406.41,134.7,0.24893274934856127,False,False,Ninguno
97,ELEC,Electrónica,2019-10-01,2019,10,543.99,406.43,137.56,0.2528722954466075,False,False,Ninguno
97,ELEC,Electrónica,2019-11-01,2019,11,542.45,406.14,136.31000000000006,0.2512858327956495,False,False,Ninguno
97,ELEC,Electrónica,2019-12-01,2019,12,542.6,406.3,136.3,0.2511979358643568,False,True,Esporádico
97,ELEC,Electrónica,2020-01-01,2020,1,540.76,406.33,134.43,0.24859457060433465,False,False,Ninguno
97,ELEC,Electrónica,2020-02-01,2020,2,580.87,431.03,149.84000000000003,0.25795789075008185,True,True,Febrero
97,ELEC,Electrónica,2020-03-01,2020,3,582.63,431.15,151.48000000000002,0.25999347785043686,False,False,Esporádico
97,ELEC,Electrónica,2020-04-01,2020,4,583.33,448.1,135.23000000000002,0.23182418185246775,True,False,Esporádico
97,ELEC,Electrónica,2020-05-01,2020,5,608.93,448.28,160.64999999999998,0.2638234279802276,False,True,Esporádico
97,ELEC,Electrónica,2020-06-01,2020,6,612.08,448.03,164.05000000000007,0.26802052019343886,False,False,Ninguno
97,ELEC,Electrónica,2020-07-01,2020,7,612.58,448.16,164.42000000000002,0.2684057592477717,False,True,Julio
97,ELEC,Electrónica,2020-08-01,2020,8,612.9,449.02,163.88,0.267384565181922,False,False,Ninguno
97,ELEC,Electrónica,2020-09-01,2020,9,613.41,448.16,165.24999999999994,0.269395673366916,False,False,Ninguno
97,ELEC,Electrónica,2020-10-01,2020,10,613.4,448.35,165.04999999999995,0.2690740136941636,False,False,Ninguno
97,ELEC,Electrónica,2020-11-01,2020,11,614.88,448.47,166.40999999999997,0.27063817330210765,False,False,Ninguno
97,ELEC,Electrónica,2020-12-01,2020,12,614.82,449.04,165.78000000000003,0.26963989460329857,False,False,Ninguno
97,ELEC,Electrónica,2021-01-01,2021,1,614.83,447.75,167.08000000000004,0.2717499146105428,False,False,Ninguno
97,ELEC,Electrónica,2021-02-01,2021,2,708.87,458.02,250.85000000000002,0.35387306558325227,True,True,Febrero
97,ELEC,Electrónica,2021-03-01,2021,3,710.73,458.12,252.61,0.3554232971733288,False,False,Ninguno
97,ELEC,Electrónica,2021-04-01,2021,4,707.51,473.59,233.92000000000002,0.33062430213000527,True,False,Esporádico
97,ELEC,Electrónica,2021-05-01,2021,5,709.75,472.48,237.26999999999998,0.33430081014441704,False,False,Ninguno
97,ELEC,Electrónica,2021-06-01,2021,6,707.1,472.82,234.28000000000003,0.33132513081600906,False,False,Ninguno
97,ELEC,Electrónica,2021-07-01,2021,7,717.34,472.84,244.50000000000006,0.34084255722530465,False,True,Julio
97,ELEC,Electrónica,2021-08-01,2021,8,715.47,473.49,241.98000000000002,0.338211245754539,False,False,Ninguno
97,ELEC,Electrónica,2021-09-01,2021,9,737.49,511.72,225.76999999999998,0.30613296451477306,True,True,Esporádico
97,ELEC,Electrónica,2021-10-01,2021,10,736.73,510.34,226.39000000000004,0.3072903234563545,False,False,Ninguno
97,ELEC,Electrónica,2021-11-01,2021,11,737.92,511.22,226.69999999999993,0.30721487424111005,False,False,Esporádico
97,ELEC,Electrónica,2021-12-01,2021,12,738.74,511.21,227.53000000000003,0.30799740098004713,False,False,Ninguno
97,ELEC,Electrónica,2022-01-01,2022,1,735.94,509.91,226.03000000000003,0.3071310161154442,False,False,Ninguno
97,ELEC,Electrónica,2022-02-01,2022,2,802.79,524.97,277.81999999999994,0.3460680875446878,True,True,Febrero
97,ELEC,Electrónica,2022-03-01,2022,3,803.05,524.45,278.5999999999999,0.3469273395180872,False,False,Ninguno
97,ELEC,Electrónica,2022-04-01,2022,4,804.77,525.55,279.22,0.3469562732209203,False,False,Ninguno
97,ELEC,Electrónica,2022-05-01,2022,5,802.65,525.57,277.0799999999999,0.34520650345729764,False,False,Ninguno
97,ELEC,Electrónica,2022-06-01,2022,6,803.25,524.22,279.03,0.347376283846872,False,False,Ninguno
97,ELEC,Electrónica,2022-07-01,2022,7,798.42,581.71,216.70999999999992,0.27142356153402963,True,True,Julio
97,ELEC,Electrónica,2022-08-01,2022,8,799.66,582.83,216.82999999999993,0.2711527399144636,False,False,Ninguno
97,ELEC,Electrónica,2022-09-01,2022,9,801.91,581.26,220.64999999999998,0.27515556608596975,False,False,Ninguno
97,ELEC,Electrónica,2022-10-01,2022,10,799.3,582.42,216.88,0.2713374202427124,False,False,Ninguno
97,ELEC,Electrónica,2022-11-01,2022,11,799.1,581.92,217.18000000000006,0.271780753347516,False,False,Ninguno
97,ELEC,Electrónica,2022-12-01,2022,12,799.32,582.18,217.1400000000001,0.2716559075213933,False,False,Ninguno
97,ELEC,Electrónica,2023-01-01,2023,1,801.42,582.39,219.02999999999997,0.27330238826083697,False,False,Ninguno
97,ELEC,Electrónica,2023-02-01,2023,2,876.91,581.8,295.11,0.3365339658573856,False,True,Febrero
97,ELEC,Electrónica,2023-03-01,2023,3,874.49,583.07,291.41999999999996,0.333245663186543,False,False,Ninguno
97,ELEC,Electrónica,2023-04-01,2023,4,877.06,581.3,295.76,0.337217522176362,False,False,Ninguno
97,ELEC,Electrónica,2023-05-01,2023,5,875.24,582.61,292.63,0.33434258032082625,False,False,Ninguno
97,ELEC,Electrónica,2023-06-01,2023,6,877.53,582.85,294.67999999999995,0.33580618326438977,False,False,Ninguno
97,ELEC,Electrónica,2023-07-01,2023,7,962.99,581.51,381.48,0.3961411852667214,False,True,Julio
97,ELEC,Electrónica,2023-08-01,2023,8,961.91,581.31,380.6,0.3956711126820597,False,False,Ninguno
97,ELEC,Electrónica,2023-09-01,2023,9,960.89,582.4,378.49,0.39389524295184675,False,False,Ninguno
97,ELEC,Electrónica,2023-10-01,2023,10,958.68,583.08,375.5999999999999,0.3917887094755288,False,False,Ninguno
97,ELEC,Electrónica,2023-11-01,2023,11,959.9,582.33,377.56999999999994,0.39334305656839247,False,False,Ninguno
97,ELEC,Electrónica,2023-12-01,2023,12,958.9,582.85,376.04999999999995,0.39216810929189694,False,False,Ninguno
97,ELEC,Electrónica,2024-01-01,2024,1,963.49,583.05,380.44000000000005,0.39485619985677073,False,False,Ninguno
97,ELEC,Electrónica,2024-02-01,2024,2,1044.83,603.11,441.7199999999999,0.4227673401414584,True,True,Febrero
97,ELEC,Electrónica,2024-03-01,2024,3,1042.85,604.82,438.02999999999986,0.42003164405235643,False,False,Ninguno
97,ELEC,Electrónica,2024-04-01,2024,4,1040.12,604.84,435.27999999999986,0.4184901742106679,False,False,Ninguno
97,ELEC,Electrónica,2024-05-01,2024,5,1041.35,604.35,436.9999999999999,0.41964757286215004,False,False,Ninguno
97,ELEC,Electrónica,2024-06-01,2024,6,1044.89,605.42,439.47000000000014,0.42058972714831233,False,False,Ninguno
97,ELEC,Electrónica,2024-07-01,2024,7,1112.79,605.33,507.4599999999999,0.4560249463061314,False,True,Julio
97,ELEC,Electrónica,2024-08-01,2024,8,1112.65,605.25,507.4000000000001,0.45602840066507894,False,False,Ninguno
97,ELEC,Electrónica,2024-09-01,2024,9,1115.4,604.84,510.56000000000006,0.4577371346602116,False,False,Ninguno
97,ELEC,Electrónica,2024-10-01,2024,10,1112.89,603.12,509.7700000000001,0.45805964650594405,False,False,Ninguno
97,ELEC,Electrónica,2024-11-01,2024,11,1111.53,616.47,495.05999999999995,0.4453860894442795,True,True,Esporádico
97,ELEC,Electrónica,2024-12-01,2024,12,1109.5,615.63,493.87,0.4451284362325372,False,False,Ninguno
97,ELEC,Electrónica,2025-01-01,2025,1,1107.34,616.63,490.7099999999999,0.44314302743511474,False,False,Ninguno
97,ELEC,Electrónica,2025-02-01,2025,2,1236.44,615.87,620.57,0.5019006179030119,False,True,Febrero
97,ELEC,Electrónica,2025-03-01,2025,3,1237.92,616.51,621.4100000000001,0.5019791262763346,False,False,Ninguno
97,ELEC,Electrónica,2025-04-01,2025,4,1241.41,617.4,624.0100000000001,0.5026622952932553,False,False,Ninguno
97,ELEC,Electrónica,2025-05-01,2025,5,1237.54,616.33,621.2099999999999,0.5019716534415049,False,False,Ninguno
97,ELEC,Electrónica,2025-06-01,2025,6,1236.86,615.94,620.9199999999998,0.5020131623627572,False,False,Ninguno
97,ELEC,Electrónica,2025-07-01,2025,7,1332.09,642.12,689.9699999999999,0.5179604981645384,True,True,Julio
97,ELEC,Electrónica,2025-08-01,2025,8,1331.12,642.54,688.5799999999999,0.5172937075545405,False,False,Ninguno
97,ELEC,Electrónica,2025-09-01,2025,9,1334.72,643.13,691.59,0.5181536202349557,False,False,Ninguno
97,ELEC,Electrónica,2025-10-01,2025,10,1332.98,642.6,690.38,0.51792224939609,False,False,Ninguno
97,ELEC,Electrónica,2025-11-01,2025,11,1323.67,694.12,629.5500000000001,0.4756094797041559,True,True,Esporádico
98,ELEC,Electrónica,2018-07-01,2018,7,409.27,315.62,93.64999999999998,0.22882204901409822,True,True,Esporádico
98,ELEC,Electrónica,2018-08-01,2018,8,410.57,316.38,94.19,0.22941276761575372,False,False,Ninguno
98,ELEC,Electrónica,2018-09-01,2018,9,410.71,316.52,94.19,0.22933456696939447,False,False,Ninguno
98,ELEC,Electrónica,2018-10-01,2018,10,410.82,316.41,94.40999999999997,0.22980867533226224,False,False,Ninguno
98,ELEC,Electrónica,2018-11-01,2018,11,436.44,323.48,112.95999999999998,0.2588213729264045,True,True,Esporádico
98,ELEC,Electrónica,2018-12-01,2018,12,436.6,324.4,112.20000000000005,0.2569857993586808,False,False,Ninguno
98,ELEC,Electrónica,2019-01-01,2019,1,435.65,323.48,112.16999999999996,0.2574773327212211,False,False,Ninguno
98,ELEC,Electrónica,2019-02-01,2019,2,464.44,352.06,112.38,0.2419688226681595,True,True,Febrero
98,ELEC,Electrónica,2019-03-01,2019,3,463.61,351.71,111.90000000000003,0.2413666659476716,False,False,Ninguno
98,ELEC,Electrónica,2019-04-01,2019,4,464.8,351.73,113.07,0.24326592082616177,False,False,Ninguno
98,ELEC,Electrónica,2019-05-01,2019,5,465.87,351.47,114.39999999999998,0.24556206667095967,False,True,Esporádico
98,ELEC,Electrónica,2019-06-01,2019,6,466.48,352.61,113.87,0.24410478477105127,False,False,Ninguno
98,ELEC,Electrónica,2019-07-01,2019,7,464.01,352.22,111.78999999999996,0.24092153186353735,False,False,Julio
98,ELEC,Electrónica,2019-08-01,2019,8,464.17,352.39,111.78000000000003,0.2408169420686387,False,False,Ninguno
98,ELEC,Electrónica,2019-09-01,2019,9,466.04,352.29,113.75,0.24407776156553085,False,False,Ninguno
98,ELEC,Electrónica,2019-10-01,2019,10,466.52,352.37,114.14999999999998,0.2446840435565463,False,False,Ninguno
98,ELEC,Electrónica,2019-11-01,2019,11,465.8,352.38,113.42000000000002,0.24349506225848006,False,False,Ninguno
98,ELEC,Electrónica,2019-12-01,2019,12,466.44,351.71,114.73000000000002,0.24596947088585888,False,False,Ninguno
98,ELEC,Electrónica,2020-01-01,2020,1,466.39,351.6,114.78999999999996,0.2461244880893672,False,False,Ninguno
98,ELEC,Electrónica,2020-02-01,2020,2,463.87,359.56,104.31,0.22486903658352556,True,False,Febrero
98,ELEC,Electrónica,2020-03-01,2020,3,464.6,359.57,105.03000000000003,0.2260654326302196,False,False,Ninguno
98,ELEC,Electrónica,2020-04-01,2020,4,465.79,359.64,106.15000000000003,0.2278923978616974,False,False,Ninguno
98,ELEC,Electrónica,2020-05-01,2020,5,464.88,359.33,105.55000000000001,0.2270478403028739,False,False,Ninguno
98,ELEC,Electrónica,2020-06-01,2020,6,466.18,358.46,107.72000000000003,0.2310695439529796,False,False,Ninguno
98,ELEC,Electrónica,2020-07-01,2020,7,471.78,351.71,120.07,0.2545042180677434,True,True,Julio
98,ELEC,Electrónica,2020-08-01,2020,8,470.81,351.14,119.67000000000002,0.254178968161254,False,False,Ninguno
98,ELEC,Electrónica,2020-09-01,2020,9,472.86,351.04,121.82,0.2576238210041027,False,False,Ninguno
98,ELEC,Electrónica,2020-10-01,2020,10,473.18,350.91,122.26999999999998,0.2584006086478718,False,False,Ninguno
98,ELEC,Electrónica,2020-11-01,2020,11,470.72,351.14,119.58000000000004,0.25403636981645145,False,False,Ninguno
98,ELEC,Electrónica,2020-12-01,2020,12,470.64,351.68,118.95999999999998,0.25276219615842255,False,False,Ninguno
98,ELEC,Electrónica,2021-01-01,2021,1,472.82,351.71,121.11000000000001,0.2561439871409839,False,False,Ninguno
98,ELEC,Electrónica,2021-02-01,2021,2,528.28,327.68,200.59999999999997,0.37972287423336104,True,True,Febrero
98,ELEC,Electrónica,2021-03-01,2021,3,530.69,327.4,203.29000000000008,0.3830673274416327,False,False,Ninguno
98,ELEC,Electrónica,2021-04-01,2021,4,530.52,327.31,203.20999999999998,0.3830392822136771,False,False,Ninguno
98,ELEC,Electrónica,2021-05-01,2021,5,527.89,327.88,200.01,0.3788857527136335,False,False,Ninguno
98,ELEC,Electrónica,2021-06-01,2021,6,530.37,327.77,202.60000000000002,0.38199747346192287,False,False,Ninguno
98,ELEC,Electrónica,2021-07-01,2021,7,576.39,342.42,233.96999999999997,0.40592307291937746,True,True,Julio
98,ELEC,Electrónica,2021-08-01,2021,8,575.7,343.42,232.28000000000003,0.4034740316136877,False,False,Ninguno
98,ELEC,Electrónica,2021-09-01,2021,9,575.13,343.38,231.75,0.40295237598456,False,False,Ninguno
98,ELEC,Electrónica,2021-10-01,2021,10,575.19,343.18,232.01000000000005,0.40336236721778895,False,False,Ninguno
98,ELEC,Electrónica,2021-11-01,2021,11,575.21,342.74,232.47000000000003,0.40414805027729006,False,False,Ninguno
98,ELEC,Electrónica,2021-12-01,2021,12,574.77,342.61,232.15999999999997,0.40391808897472026,False,False,Ninguno
98,ELEC,Electrónica,2022-01-01,2022,1,573.68,342.64,231.03999999999996,0.4027332310695858,False,False,Ninguno
98,ELEC,Electrónica,2022-02-01,2022,2,585.19,343.43,241.76000000000005,0.41313077803790227,False,True,Febrero
98,ELEC,Electrónica,2022-03-01,2022,3,584.25,352.08,232.17000000000002,0.3973812580231066,True,False,Esporádico
98,ELEC,Electrónica,2022-04-01,2022,4,586.02,351.68,234.33999999999997,0.3998839630046756,False,False,Ninguno
98,ELEC,Electrónica,2022-05-01,2022,5,584.6,352.34,232.26000000000005,0.39729729729729735,False,False,Ninguno
98,ELEC,Electrónica,2022-06-01,2022,6,586.88,352.15,234.73000000000002,0.3999625136314068,False,False,Ninguno
98,ELEC,Electrónica,2022-07-01,2022,7,581.37,351.51,229.86,0.3953764384127148,False,True,Julio
98,ELEC,Electrónica,2022-08-01,2022,8,582.51,351.56,230.95,0.3964738802767334,False,False,Ninguno
98,ELEC,Electrónica,2022-09-01,2022,9,580.73,352.35,228.38,0.39326365092211524,False,False,Ninguno
98,ELEC,Electrónica,2022-10-01,2022,10,581.09,352.09,229.00000000000006,0.39408697447899643,False,False,Ninguno
98,ELEC,Electrónica,2022-11-01,2022,11,582.34,351.61,230.73000000000002,0.39621183501047497,False,False,Ninguno
98,ELEC,Electrónica,2022-12-01,2022,12,579.74,352.37,227.37,0.392193052057819,False,False,Ninguno
98,ELEC,Electrónica,2023-01-01,2023,1,579.56,352.28,227.27999999999997,0.3921595693284561,False,False,Ninguno
98,ELEC,Electrónica,2023-02-01,2023,2,631.15,325.82,305.33,0.48376772558028996,True,True,Febrero
98,ELEC,Electrónica,2023-03-01,2023,3,631.22,325.21,306.01000000000005,0.48479135642089927,False,False,Ninguno
98,ELEC,Electrónica,2023-04-01,2023,4,655.65,332.34,323.31,0.4931137039579044,True,True,Esporádico
98,ELEC,Electrónica,2023-05-01,2023,5,655.99,332.6,323.39,0.49298007591579135,False,False,Ninguno
98,ELEC,Electrónica,2023-06-01,2023,6,655.17,332.77,322.4,0.49208602347482333,False,False,Ninguno
98,ELEC,Electrónica,2023-07-01,2023,7,721.39,332.62,388.77,0.538917922344363,False,True,Julio
98,ELEC,Electrónica,2023-08-01,2023,8,718.45,331.57,386.88000000000005,0.5384925882107314,False,False,Ninguno
98,ELEC,Electrónica,2023-09-01,2023,9,720.36,332.58,387.78000000000003,0.5383141762452107,False,False,Ninguno
98,ELEC,Electrónica,2023-10-01,2023,10,719.59,332.55,387.04,0.5378618379910782,False,False,Ninguno
98,ELEC,Electrónica,2023-11-01,2023,11,772.23,338.22,434.01,0.5620216774795074,True,True,Esporádico
98,ELEC,Electrónica,2023-12-01,2023,12,769.71,339.18,430.53000000000003,0.5593405308492809,False,False,Ninguno
98,ELEC,Electrónica,2024-01-01,2024,1,768.46,338.58,429.88000000000005,0.5594045233323791,False,False,Ninguno
98,ELEC,Electrónica,2024-02-01,2024,2,745.97,345.13,400.84000000000003,0.537340643725619,True,True,Febrero
98,ELEC,Electrónica,2024-03-01,2024,3,745.02,345.65,399.37,0.5360527234168211,False,False,Ninguno
98,ELEC,Electrónica,2024-04-01,2024,4,747.64,346.01,401.63,0.5371970467069713,False,True,Esporádico
98,ELEC,Electrónica,2024-05-01,2024,5,747.84,345.59,402.25000000000006,0.5378824347454001,False,False,Ninguno
98,ELEC,Electrónica,2024-06-01,2024,6,747.03,346.03,401.0,0.5367923644298087,False,False,Ninguno
98,ELEC,Electrónica,2024-07-01,2024,7,795.9,345.01,450.89,0.5665158939565272,False,True,Julio
98,ELEC,Electrónica,2024-08-01,2024,8,794.65,344.95,449.7,0.5659095199144277,False,False,Ninguno
98,ELEC,Electrónica,2024-09-01,2024,9,798.81,345.08,453.72999999999996,0.5680074110238981,False,False,Ninguno
98,ELEC,Electrónica,2024-10-01,2024,10,799.24,345.19,454.05,0.5681021970872329,False,False,Ninguno
98,ELEC,Electrónica,2024-11-01,2024,11,795.74,345.69,450.05,0.5655741825219293,False,False,Ninguno
98,ELEC,Electrónica,2024-12-01,2024,12,795.65,345.55,450.09999999999997,0.5657009991830578,False,False,Esporádico
98,ELEC,Electrónica,2025-01-01,2025,1,798.66,346.22,452.43999999999994,0.566498885633436,False,False,Ninguno
98,ELEC,Electrónica,2025-02-01,2025,2,880.42,351.88,528.54,0.6003271166034393,True,True,Febrero
98,ELEC,Electrónica,2025-03-01,2025,3,918.65,352.07,566.5799999999999,0.6167528438469493,False,True,Esporádico
98,ELEC,Electrónica,2025-04-01,2025,4,917.16,351.88,565.28,0.6163373893322867,False,False,Ninguno
98,ELEC,Electrónica,2025-05-01,2025,5,919.8,351.77,568.03,0.6175581648184388,False,False,Ninguno
98,ELEC,Electrónica,2025-06-01,2025,6,915.35,352.82,562.53,0.6145518107827607,False,False,Ninguno
98,ELEC,Electrónica,2025-07-01,2025,7,930.03,351.99,578.04,0.6215283377955549,False,True,Julio
98,ELEC,Electrónica,2025-08-01,2025,8,930.44,351.84,578.6000000000001,0.6218563260392933,False,False,Ninguno
98,ELEC,Electrónica,2025-09-01,2025,9,929.53,353.09,576.44,0.6201413617634719,False,False,Ninguno
98,ELEC,Electrónica,2025-10-01,2025,10,927.76,352.06,575.7,0.6205268603949298,False,False,Ninguno
98,ELEC,Electrónica,2025-11-01,2025,11,929.13,352.43,576.7,0.6206881706542681,False,False,Ninguno
99,ELEC,Electrónica,2018-07-01,2018,7,557.89,443.56,114.32999999999998,0.2049328720715553,False,False,Ninguno
99,ELEC,Electrónica,2018-08-01,2018,8,556.47,443.08,113.39000000000004,0.2037666001761102,False,False,Ninguno
99,ELEC,Electrónica,2018-09-01,2018,9,555.12,444.31,110.81,0.19961449776624873,False,False,Ninguno
99,ELEC,Electrónica,2018-10-01,2018,10,557.65,444.19,113.45999999999998,0.20346095221016763,False,False,Ninguno
99,ELEC,Electrónica,2018-11-01,2018,11,554.96,444.11,110.85000000000002,0.19974412570275338,False,False,Esporádico
99,ELEC,Electrónica,2018-12-01,2018,12,556.06,443.25,112.80999999999995,0.20287379059813682,False,False,Esporádico
99,ELEC,Electrónica,2019-01-01,2019,1,558.13,443.35,114.77999999999997,0.20565101320480886,False,False,Ninguno
99,ELEC,Electrónica,2019-02-01,2019,2,558.02,483.11,74.90999999999997,0.13424250026880752,True,False,Febrero
99,ELEC,Electrónica,2019-03-01,2019,3,555.86,483.97,71.88999999999999,0.1293311265426546,False,False,Esporádico
99,ELEC,Electrónica,2019-04-01,2019,4,555.58,483.27,72.31000000000006,0.1301522732999749,False,False,Esporádico
99,ELEC,Electrónica,2019-05-01,2019,5,556.64,484.42,72.21999999999997,0.1297427421672894,False,False,Ninguno
99,ELEC,Electrónica,2019-06-01,2019,6,556.07,484.27,71.80000000000007,0.1291204344776738,False,False,Ninguno
99,ELEC,Electrónica,2019-07-01,2019,7,604.87,482.64,122.23000000000002,0.20207647924347383,False,True,Julio
99,ELEC,Electrónica,2019-08-01,2019,8,613.46,522.49,90.97000000000003,0.14829002705962901,True,True,Esporádico
99,ELEC,Electrónica,2019-09-01,2019,9,611.82,522.76,89.06000000000006,0.14556568925500973,False,False,Ninguno
99,ELEC,Electrónica,2019-10-01,2019,10,613.87,521.85,92.01999999999998,0.14990144493133722,False,False,Ninguno
99,ELEC,Electrónica,2019-11-01,2019,11,612.14,522.5,89.63999999999999,0.14643708955467702,False,False,Ninguno
99,ELEC,Electrónica,2019-12-01,2019,12,610.87,522.64,88.23000000000002,0.14443334915775863,False,False,Ninguno
99,ELEC,Electrónica,2020-01-01,2020,1,611.45,522.51,88.94000000000005,0.14545751901218423,False,False,Ninguno
99,ELEC,Electrónica,2020-02-01,2020,2,643.59,518.89,124.70000000000005,0.1937568949175718,True,True,Febrero
99,ELEC,Electrónica,2020-03-01,2020,3,642.86,519.08,123.77999999999997,0.19254581090750703,False,False,Ninguno
99,ELEC,Electrónica,2020-04-01,2020,4,644.55,518.32,126.2299999999999,0.19584206035218357,False,False,Ninguno
99,ELEC,Electrónica,2020-05-01,2020,5,643.54,518.78,124.75999999999999,0.19386518320539514,False,False,Ninguno
99,ELEC,Electrónica,2020-06-01,2020,6,645.09,519.29,125.80000000000007,0.19501154877613985,False,False,Ninguno
99,ELEC,Electrónica,2020-07-01,2020,7,684.25,518.05,166.20000000000005,0.24289367921081484,False,True,Julio
99,ELEC,Electrónica,2020-08-01,2020,8,682.75,520.01,162.74,0.23835957524716223,False,False,Ninguno
99,ELEC,Electrónica,2020-09-01,2020,9,683.06,519.97,163.08999999999992,0.2387637982022076,False,False,Ninguno
99,ELEC,Electrónica,2020-10-01,2020,10,682.17,518.91,163.26,0.23932450855358636,False,False,Ninguno
99,ELEC,Electrónica,2020-11-01,2020,11,681.76,519.32,162.43999999999994,0.23826566533677532,False,False,Ninguno
99,ELEC,Electrónica,2020-12-01,2020,12,688.75,529.15,159.60000000000002,0.23172413793103452,True,True,Esporádico
99,ELEC,Electrónica,2021-01-01,2021,1,690.54,528.93,161.61,0.23403423407767837,False,False,Ninguno
99,ELEC,Electrónica,2021-02-01,2021,2,664.6,539.44,125.15999999999997,0.1883238037917544,True,True,Febrero
99,ELEC,Electrónica,2021-03-01,2021,3,667.41,540.09,127.31999999999994,0.19076729446666957,False,False,Ninguno
99,ELEC,Electrónica,2021-04-01,2021,4,658.67,551.51,107.15999999999997,0.1626914843548362,True,True,Esporádico
99,ELEC,Electrónica,2021-05-01,2021,5,653.4,550.46,102.93999999999994,0.15754514845423928,False,True,Esporádico
99,ELEC,Electrónica,2021-06-01,2021,6,651.73,550.52,101.21000000000004,0.15529437036809726,False,False,Ninguno
99,ELEC,Electrónica,2021-07-01,2021,7,663.38,550.97,112.40999999999997,0.16945039042479418,False,True,Julio
99,ELEC,Electrónica,2021-08-01,2021,8,662.57,551.85,110.72000000000003,0.16710687172676097,False,False,Ninguno
99,ELEC,Electrónica,2021-09-01,2021,9,661.46,550.55,110.91000000000008,0.16767453814289612,False,False,Ninguno
99,ELEC,Electrónica,2021-10-01,2021,10,663.41,550.44,112.96999999999991,0.17028685126844623,False,False,Ninguno
99,ELEC,Electrónica,2021-11-01,2021,11,661.28,551.22,110.05999999999995,0.16643479312847803,False,False,Ninguno
99,ELEC,Electrónica,2021-12-01,2021,12,661.56,549.68,111.88,0.1691154241489812,False,False,Ninguno
99,ELEC,Electrónica,2022-01-01,2022,1,661.57,551.82,109.75,0.1658932539262663,False,False,Ninguno
99,ELEC,Electrónica,2022-02-01,2022,2,631.33,532.51,98.82000000000005,0.15652669760664,True,True,Febrero
99,ELEC,Electrónica,2022-03-01,2022,3,631.43,533.88,97.54999999999995,0.15449060069999834,False,False,Ninguno
99,ELEC,Electrónica,2022-04-01,2022,4,663.86,532.94,130.91999999999996,0.19721025517428367,False,True,Esporádico
99,ELEC,Electrónica,2022-05-01,2022,5,664.32,532.9,131.42000000000007,0.1978263487475916,False,False,Ninguno
99,ELEC,Electrónica,2022-06-01,2022,6,664.17,532.65,131.51999999999998,0.1980215908577623,False,False,Ninguno
99,ELEC,Electrónica,2022-07-01,2022,7,654.49,532.32,122.16999999999996,0.18666442573606923,False,True,Julio
99,ELEC,Electrónica,2022-08-01,2022,8,653.33,533.68,119.65000000000009,0.18313868948310974,False,False,Ninguno
99,ELEC,Electrónica,2022-09-01,2022,9,654.85,531.82,123.02999999999997,0.18787508589753374,False,False,Ninguno
99,ELEC,Electrónica,2022-10-01,2022,10,652.84,533.25,119.59000000000003,0.18318424116169357,False,False,Ninguno
99,ELEC,Electrónica,2022-11-01,2022,11,652.9,533.03,119.87,0.18359626282738553,False,False,Ninguno
99,ELEC,Electrónica,2022-12-01,2022,12,654.69,532.75,121.94000000000005,0.18625609066886625,False,False,Ninguno
99,ELEC,Electrónica,2023-01-01,2023,1,651.62,532.1,119.51999999999998,0.18341978453700006,False,False,Esporádico
99,ELEC,Electrónica,2023-02-01,2023,2,617.26,532.42,84.84000000000003,0.13744613290995697,False,True,Febrero
99,ELEC,Electrónica,2023-03-01,2023,3,616.75,532.22,84.52999999999997,0.13705715443858935,False,False,Ninguno
99,ELEC,Electrónica,2023-04-01,2023,4,617.95,532.24,85.71000000000004,0.1387005421150579,False,False,Ninguno
99,ELEC,Electrónica,2023-05-01,2023,5,618.97,531.82,87.14999999999998,0.14079842318690725,False,False,Ninguno
99,ELEC,Electrónica,2023-06-01,2023,6,617.07,532.97,84.10000000000002,0.1362892378498388,False,False,Ninguno
99,ELEC,Electrónica,2023-07-01,2023,7,651.49,533.88,117.61000000000001,0.18052464350949365,False,True,Julio
99,ELEC,Electrónica,2023-08-01,2023,8,650.91,531.76,119.14999999999998,0.18305142031924534,False,False,Ninguno
99,ELEC,Electrónica,2023-09-01,2023,9,648.05,532.51,115.53999999999996,0.17828871229071827,False,False,Ninguno
99,ELEC,Electrónica,2023-10-01,2023,10,649.06,532.39,116.66999999999996,0.1797522571102825,False,False,Ninguno
99,ELEC,Electrónica,2023-11-01,2023,11,650.38,532.87,117.50999999999999,0.1806789876687475,False,False,Ninguno
99,ELEC,Electrónica,2023-12-01,2023,12,648.76,533.35,115.40999999999997,0.17789321166533073,False,False,Ninguno
99,ELEC,Electrónica,2024-01-01,2024,1,649.01,532.44,116.56999999999994,0.17961202446803584,False,False,Ninguno
99,ELEC,Electrónica,2024-02-01,2024,2,759.79,541.05,218.74,0.28789533950170443,True,True,Febrero
99,ELEC,Electrónica,2024-03-01,2024,3,757.21,540.86,216.35000000000002,0.28571994558973074,False,False,Ninguno
99,ELEC,Electrónica,2024-04-01,2024,4,757.58,540.21,217.37,0.286926793209958,False,False,Ninguno
99,ELEC,Electrónica,2024-05-01,2024,5,759.12,540.27,218.85000000000002,0.28829434081568134,False,False,Ninguno
99,ELEC,Electrónica,2024-06-01,2024,6,756.7,540.37,216.33000000000004,0.2858860843134664,False,False,Ninguno
99,ELEC,Electrónica,2024-07-01,2024,7,773.93,580.15,193.77999999999997,0.2503844016900753,True,True,Julio
99,ELEC,Electrónica,2024-08-01,2024,8,773.86,579.83,194.02999999999997,0.2507301062207634,False,False,Ninguno
99,ELEC,Electrónica,2024-09-01,2024,9,776.51,578.67,197.84000000000003,0.2547810073276584,False,False,Ninguno
99,ELEC,Electrónica,2024-10-01,2024,10,777.11,579.3,197.81000000000006,0.25454568851256587,False,False,Ninguno
99,ELEC,Electrónica,2024-11-01,2024,11,774.3,580.68,193.62,0.2500581170089113,False,False,Ninguno
99,ELEC,Electrónica,2024-12-01,2024,12,776.69,601.44,175.25,0.2256369980301021,True,False,Esporádico
99,ELEC,Electrónica,2025-01-01,2025,1,776.05,602.64,173.40999999999997,0.2234520971586882,False,False,Ninguno
99,ELEC,Electrónica,2025-02-01,2025,2,900.46,658.67,241.79000000000008,0.26851831286231487,True,True,Febrero
99,ELEC,Electrónica,2025-03-01,2025,3,900.82,658.56,242.2600000000001,0.2689327501609646,False,False,Ninguno
99,ELEC,Electrónica,2025-04-01,2025,4,903.58,658.9,244.68000000000006,0.27078952610726226,False,False,Ninguno
99,ELEC,Electrónica,2025-05-01,2025,5,900.36,658.56,241.80000000000007,0.268559242969479,False,False,Ninguno
99,ELEC,Electrónica,2025-06-01,2025,6,900.27,658.56,241.71000000000004,0.26848612083041756,False,False,Ninguno
99,ELEC,Electrónica,2025-07-01,2025,7,959.54,659.41,300.13,0.3127852929528733,False,True,Julio
99,ELEC,Electrónica,2025-08-01,2025,8,957.07,657.72,299.35,0.312777539782879,False,False,Ninguno
99,ELEC,Electrónica,2025-09-01,2025,9,959.31,658.82,300.4899999999999,0.31323555472162273,False,False,Ninguno
99,ELEC,Electrónica,2025-10-01,2025,10,954.85,658.98,295.87,0.30986018746399957,False,False,Ninguno
99,ELEC,Electrónica,2025-11-01,2025,11,957.77,658.47,299.29999999999995,0.3124967372124831,False,False,Ninguno
100,JUGUE,Juguetes,2018-07-01,2018,7,96.47,60.94,35.53,0.3683010262257697,False,False,Ninguno
100,JUGUE,Juguetes,2018-08-01,2018,8,102.13,62.28,39.849999999999994,0.3901889748359933,True,True,Esporádico
100,JUGUE,Juguetes,2018-09-01,2018,9,101.7,62.14,39.56,0.3889872173058014,False,False,Ninguno
100,JUGUE,Juguetes,2018-10-01,2018,10,101.73,62.14,39.59,0.3891674039123169,False,False,Ninguno
100,JUGUE,Juguetes,2018-11-01,2018,11,101.81,62.26,39.550000000000004,0.38846871623612617,False,False,Ninguno
100,JUGUE,Juguetes,2018-12-01,2018,12,101.95,62.33,39.620000000000005,0.388621873467386,False,False,Ninguno
100,JUGUE,Juguetes,2019-01-01,2019,1,102.07,62.29,39.779999999999994,0.3897325364945625,False,False,Ninguno
100,JUGUE,Juguetes,2019-02-01,2019,2,101.88,62.38,39.49999999999999,0.3877110325873576,True,False,Febrero
100,JUGUE,Juguetes,2019-03-01,2019,3,102.03,62.51,39.52,0.3873370577281192,False,False,Ninguno
100,JUGUE,Juguetes,2019-04-01,2019,4,102.18,62.38,39.800000000000004,0.38950871011939714,False,False,Ninguno
100,JUGUE,Juguetes,2019-05-01,2019,5,102.1,62.33,39.769999999999996,0.3895200783545543,False,False,Ninguno
100,JUGUE,Juguetes,2019-06-01,2019,6,102.12,62.42,39.7,0.38875832354093226,False,False,Ninguno
100,JUGUE,Juguetes,2019-07-01,2019,7,111.42,62.5,48.92,0.43905941482678157,False,True,Julio
100,JUGUE,Juguetes,2019-08-01,2019,8,111.67,62.35,49.32,0.4416584579564789,False,False,Esporádico
100,JUGUE,Juguetes,2019-09-01,2019,9,111.18,62.43,48.75000000000001,0.4384781435509984,False,False,Ninguno
100,JUGUE,Juguetes,2019-10-01,2019,10,111.32,62.49,48.82999999999999,0.4386453467481135,False,False,Ninguno
100,JUGUE,Juguetes,2019-11-01,2019,11,111.73,62.33,49.400000000000006,0.44213729526537193,False,False,Ninguno
100,JUGUE,Juguetes,2019-12-01,2019,12,111.32,62.44,48.879999999999995,0.43909450233560904,False,False,Ninguno
100,JUGUE,Juguetes,2020-01-01,2020,1,116.3,62.54,53.76,0.4622527944969905,False,True,Esporádico
100,JUGUE,Juguetes,2020-02-01,2020,2,114.98,67.46,47.52000000000001,0.4132892676987303,True,True,Febrero
100,JUGUE,Juguetes,2020-03-01,2020,3,115.51,67.53,47.980000000000004,0.415375292182495,False,False,Ninguno
100,JUGUE,Juguetes,2020-04-01,2020,4,115.49,67.36,48.129999999999995,0.41674603861806214,False,False,Ninguno
100,JUGUE,Juguetes,2020-05-01,2020,5,115.16,67.54,47.61999999999999,0.41351163598471685,False,False,Ninguno
100,JUGUE,Juguetes,2020-06-01,2020,6,113.22,71.15,42.06999999999999,0.37157745981275386,True,True,Esporádico
100,JUGUE,Juguetes,2020-07-01,2020,7,118.77,71.08,47.69,0.4015323734949903,False,True,Julio
100,JUGUE,Juguetes,2020-08-01,2020,8,118.8,71.13,47.67,0.40126262626262627,False,False,Ninguno
100,JUGUE,Juguetes,2020-09-01,2020,9,118.78,71.15,47.629999999999995,0.4009934332379188,False,False,Ninguno
100,JUGUE,Juguetes,2020-10-01,2020,10,119.02,70.94,48.08,0.4039657200470509,False,False,Ninguno
100,JUGUE,Juguetes,2020-11-01,2020,11,118.86,71.08,47.78,0.40198552919400976,False,False,Ninguno
100,JUGUE,Juguetes,2020-12-01,2020,12,118.42,71.17,47.25,0.3990035466981929,False,False,Ninguno
100,JUGUE,Juguetes,2021-01-01,2021,1,121.67,70.96,50.71000000000001,0.4167831018328266,False,True,Esporádico
100,JUGUE,Juguetes,2021-02-01,2021,2,127.43,80.08,47.35000000000001,0.3715765518323786,True,True,Febrero
100,JUGUE,Juguetes,2021-03-01,2021,3,126.92,80.04,46.879999999999995,0.3693665300976993,False,False,Ninguno
100,JUGUE,Juguetes,2021-04-01,2021,4,132.61,80.13,52.48000000000002,0.3957469270794059,False,True,Esporádico
100,JUGUE,Juguetes,2021-05-01,2021,5,132.53,80.03,52.5,0.39613672376065795,False,False,Ninguno
100,JUGUE,Juguetes,2021-06-01,2021,6,132.02,79.89,52.13000000000001,0.3948644144826542,False,False,Ninguno
100,JUGUE,Juguetes,2021-07-01,2021,7,145.08,79.87,65.21000000000001,0.4494761510890543,False,True,Julio
100,JUGUE,Juguetes,2021-08-01,2021,8,145.43,79.96,65.47000000000001,0.45018221824932964,False,False,Ninguno
100,JUGUE,Juguetes,2021-09-01,2021,9,145.17,80.02,65.14999999999999,0.4487841840600675,False,False,Ninguno
100,JUGUE,Juguetes,2021-10-01,2021,10,145.71,80.12,65.59,0.45014069041246313,False,False,Ninguno
100,JUGUE,Juguetes,2021-11-01,2021,11,145.29,79.95,65.33999999999999,0.44972124716085066,False,False,Ninguno
100,JUGUE,Juguetes,2021-12-01,2021,12,148.1,83.37,64.72999999999999,0.4370695476029709,True,True,Esporádico
100,JUGUE,Juguetes,2022-01-01,2022,1,148.19,83.31,64.88,0.4378163168904784,False,False,Ninguno
100,JUGUE,Juguetes,2022-02-01,2022,2,166.25,89.88,76.37,0.4593684210526316,True,True,Febrero
100,JUGUE,Juguetes,2022-03-01,2022,3,165.96,89.75,76.21000000000001,0.45920703784044353,False,False,Ninguno
100,JUGUE,Juguetes,2022-04-01,2022,4,166.12,90.03,76.09,0.4580423790031303,False,False,Ninguno
100,JUGUE,Juguetes,2022-05-01,2022,5,166.13,89.92,76.21,0.45873713357009566,False,False,Ninguno
100,JUGUE,Juguetes,2022-06-01,2022,6,166.05,90.07,75.98000000000002,0.4575730201746463,False,False,Ninguno
100,JUGUE,Juguetes,2022-07-01,2022,7,176.59,97.57,79.02000000000001,0.4474772070898692,True,True,Julio
100,JUGUE,Juguetes,2022-08-01,2022,8,177.15,97.49,79.66000000000001,0.4496754163138584,False,False,Ninguno
100,JUGUE,Juguetes,2022-09-01,2022,9,177.01,97.66,79.35,0.44827975820575106,False,False,Ninguno
100,JUGUE,Juguetes,2022-10-01,2022,10,176.84,97.72,79.12,0.4474100882153359,False,False,Ninguno
100,JUGUE,Juguetes,2022-11-01,2022,11,176.99,97.64,79.35000000000001,0.448330414147692,False,False,Ninguno
100,JUGUE,Juguetes,2022-12-01,2022,12,177.4,97.54,79.86,0.4501691093573844,False,False,Ninguno
100,JUGUE,Juguetes,2023-01-01,2023,1,176.65,97.46,79.19000000000001,0.44828757429946225,False,False,Ninguno
100,JUGUE,Juguetes,2023-02-01,2023,2,198.32,101.5,96.82,0.48820088745461876,True,True,Febrero
100,JUGUE,Juguetes,2023-03-01,2023,3,199.07,101.35,97.72,0.49088260410910733,False,False,Ninguno
100,JUGUE,Juguetes,2023-04-01,2023,4,199.38,101.51,97.86999999999999,0.49087170227705884,False,False,Ninguno
100,JUGUE,Juguetes,2023-05-01,2023,5,198.88,101.4,97.47999999999999,0.4901448109412711,False,False,Ninguno
100,JUGUE,Juguetes,2023-06-01,2023,6,198.72,101.18,97.53999999999999,0.49084138486312395,False,False,Ninguno
100,JUGUE,Juguetes,2023-07-01,2023,7,199.11,105.56,93.55000000000001,0.46984079152227415,True,False,Julio
100,JUGUE,Juguetes,2023-08-01,2023,8,199.13,105.47,93.66,0.4703460051222819,False,False,Ninguno
100,JUGUE,Juguetes,2023-09-01,2023,9,198.45,105.35,93.1,0.4691358024691358,False,False,Ninguno
100,JUGUE,Juguetes,2023-10-01,2023,10,199.32,105.36,93.96,0.47140276941601444,False,False,Ninguno
100,JUGUE,Juguetes,2023-11-01,2023,11,199.22,105.33,93.89,0.47128802329083425,False,False,Ninguno
100,JUGUE,Juguetes,2023-12-01,2023,12,198.82,105.39,93.42999999999999,0.46992254300372194,False,False,Ninguno
100,JUGUE,Juguetes,2024-01-01,2024,1,198.96,105.68,93.28,0.4688379573783675,False,False,Ninguno
100,JUGUE,Juguetes,2024-02-01,2024,2,200.31,103.0,97.31,0.48579701462732766,True,True,Febrero
100,JUGUE,Juguetes,2024-03-01,2024,3,200.35,102.86,97.49,0.4865984527077614,False,False,Ninguno
100,JUGUE,Juguetes,2024-04-01,2024,4,200.07,102.78,97.28999999999999,0.48627980206927574,False,False,Esporádico
100,JUGUE,Juguetes,2024-05-01,2024,5,200.66,102.9,97.75999999999999,0.48719226552377154,False,False,Ninguno
100,JUGUE,Juguetes,2024-06-01,2024,6,200.75,102.74,98.01,0.4882191780821918,False,False,Ninguno
100,JUGUE,Juguetes,2024-07-01,2024,7,198.37,111.92,86.45,0.4358017845440339,True,True,Julio
100,JUGUE,Juguetes,2024-08-01,2024,8,197.35,111.88,85.47,0.4330884215860147,False,False,Ninguno
100,JUGUE,Juguetes,2024-09-01,2024,9,197.74,112.18,85.56,0.43268939010822294,False,False,Ninguno
100,JUGUE,Juguetes,2024-10-01,2024,10,197.88,111.97,85.91,0.4341520113199919,False,False,Ninguno
100,JUGUE,Juguetes,2024-11-01,2024,11,197.75,112.17,85.58,0.4327686472819216,False,False,Ninguno
100,JUGUE,Juguetes,2024-12-01,2024,12,198.08,112.19,85.89000000000001,0.43361268174474965,False,False,Ninguno
100,JUGUE,Juguetes,2025-01-01,2025,1,199.15,114.79,84.36,0.42360030128044185,True,True,Esporádico
100,JUGUE,Juguetes,2025-02-01,2025,2,211.0,124.7,86.3,0.4090047393364929,True,True,Febrero
100,JUGUE,Juguetes,2025-03-01,2025,3,210.34,124.7,85.64,0.4071503280403157,False,False,Ninguno
100,JUGUE,Juguetes,2025-04-01,2025,4,210.75,124.92,85.83,0.40725978647686834,False,False,Ninguno
100,JUGUE,Juguetes,2025-05-01,2025,5,210.77,124.79,85.98,0.4079328177634388,False,False,Ninguno
100,JUGUE,Juguetes,2025-06-01,2025,6,210.39,124.85,85.53999999999999,0.4065782594229764,False,False,Ninguno
100,JUGUE,Juguetes,2025-07-01,2025,7,203.66,124.9,78.75999999999999,0.38672296965530784,False,True,Julio
100,JUGUE,Juguetes,2025-08-01,2025,8,203.6,124.85,78.75,0.38678781925343814,False,False,Ninguno
100,JUGUE,Juguetes,2025-09-01,2025,9,203.58,124.68,78.9,0.38756262894193927,False,False,Ninguno
100,JUGUE,Juguetes,2025-10-01,2025,10,204.3,124.75,79.55000000000001,0.3893783651492903,False,False,Ninguno
100,JUGUE,Juguetes,2025-11-01,2025,11,203.95,124.58,79.36999999999999,0.38916401078695756,False,False,Ninguno
